/root/autodl-tmp/UWAmodel_2/datasets/data_splits_original/train/55_70.tiff,/root/autodl-tmp/UWAmodel_2/datasets/data_splits_depth/train/55_70.tif,/root/autodl-tmp/UWAmodel_2/datasets/data_splits_sds_train/sparse_55_70.npy,1175
/root/autodl-tmp/UWAmodel_2/datasets/data_splits_original/train/55_99.tiff,/root/autodl-tmp/UWAmodel_2/datasets/data_splits_depth/train/55_99.tif,/root/autodl-tmp/UWAmodel_2/datasets/data_splits_sds_train/sparse_55_99.npy,1175
/root/autodl-tmp/UWAmodel_2/datasets/data_splits_original/train/55_105.tiff,/root/autodl-tmp/UWAmodel_2/datasets/data_splits_depth/train/55_105.tif,/root/autodl-tmp/UWAmodel_2/datasets/data_splits_sds_train/sparse_55_105.npy,1175
/root/autodl-tmp/UWAmodel_2/datasets/data_splits_original/train/56_10.tiff,/root/autodl-tmp/UWAmodel_2/datasets/data_splits_depth/train/56_10.tif,/root/autodl-tmp/UWAmodel_2/datasets/data_splits_sds_train/sparse_56_10.npy,1175
/root/autodl-tmp/UWAmodel_2/datasets/data_splits_original/train/56_59.tiff,/root/autodl-tmp/UWAmodel_2/datasets/data_splits_depth/train/56_59.tif,/root/autodl-tmp/UWAmodel_2/datasets/data_splits_sds_train/sparse_56_59.npy,1175
/root/autodl-tmp/UWAmodel_2/datasets/data_splits_original/train/56_80.tiff,/root/autodl-tmp/UWAmodel_2/datasets/data_splits_depth/train/56_80.tif,/root/autodl-tmp/UWAmodel_2/datasets/data_splits_sds_train/sparse_56_80.npy,1175
/root/autodl-tmp/UWAmodel_2/datasets/data_splits_original/train/56_81.tiff,/root/autodl-tmp/UWAmodel_2/datasets/data_splits_depth/train/56_81.tif,/root/autodl-tmp/UWAmodel_2/datasets/data_splits_sds_train/sparse_56_81.npy,1175
/root/autodl-tmp/UWAmodel_2/datasets/data_splits_original/train/56_85.tiff,/root/autodl-tmp/UWAmodel_2/datasets/data_splits_depth/train/56_85.tif,/root/autodl-tmp/UWAmodel_2/datasets/data_splits_sds_train/sparse_56_85.npy,1175
/root/autodl-tmp/UWAmodel_2/datasets/data_splits_original/train/57_12.tiff,/root/autodl-tmp/UWAmodel_2/datasets/data_splits_depth/train/57_12.tif,/root/autodl-tmp/UWAmodel_2/datasets/data_splits_sds_train/sparse_57_12.npy,1175
/root/autodl-tmp/UWAmodel_2/datasets/data_splits_original/train/57_28.tiff,/root/autodl-tmp/UWAmodel_2/datasets/data_splits_depth/train/57_28.tif,/root/autodl-tmp/UWAmodel_2/datasets/data_splits_sds_train/sparse_57_28.npy,1175
/root/autodl-tmp/UWAmodel_2/datasets/data_splits_original/train/57_30.tiff,/root/autodl-tmp/UWAmodel_2/datasets/data_splits_depth/train/57_30.tif,/root/autodl-tmp/UWAmodel_2/datasets/data_splits_sds_train/sparse_57_30.npy,1175
/root/autodl-tmp/UWAmodel_2/datasets/data_splits_original/train/57_39.tiff,/root/autodl-tmp/UWAmodel_2/datasets/data_splits_depth/train/57_39.tif,/root/autodl-tmp/UWAmodel_2/datasets/data_splits_sds_train/sparse_57_39.npy,1175
/root/autodl-tmp/UWAmodel_2/datasets/data_splits_original/train/57_112.tiff,/root/autodl-tmp/UWAmodel_2/datasets/data_splits_depth/train/57_112.tif,/root/autodl-tmp/UWAmodel_2/datasets/data_splits_sds_train/sparse_57_112.npy,1175
/root/autodl-tmp/UWAmodel_2/datasets/data_splits_original/train/58_6.tiff,/root/autodl-tmp/UWAmodel_2/datasets/data_splits_depth/train/58_6.tif,/root/autodl-tmp/UWAmodel_2/datasets/data_splits_sds_train/sparse_58_6.npy,1175
/root/autodl-tmp/UWAmodel_2/datasets/data_splits_original/train/58_20.tiff,/root/autodl-tmp/UWAmodel_2/datasets/data_splits_depth/train/58_20.tif,/root/autodl-tmp/UWAmodel_2/datasets/data_splits_sds_train/sparse_58_20.npy,1175
/root/autodl-tmp/UWAmodel_2/datasets/data_splits_original/train/58_27.tiff,/root/autodl-tmp/UWAmodel_2/datasets/data_splits_depth/train/58_27.tif,/root/autodl-tmp/UWAmodel_2/datasets/data_splits_sds_train/sparse_58_27.npy,1175
/root/autodl-tmp/UWAmodel_2/datasets/data_splits_original/train/58_28.tiff,/root/autodl-tmp/UWAmodel_2/datasets/data_splits_depth/train/58_28.tif,/root/autodl-tmp/UWAmodel_2/datasets/data_splits_sds_train/sparse_58_28.npy,1175
/root/autodl-tmp/UWAmodel_2/datasets/data_splits_original/train/58_59.tiff,/root/autodl-tmp/UWAmodel_2/datasets/data_splits_depth/train/58_59.tif,/root/autodl-tmp/UWAmodel_2/datasets/data_splits_sds_train/sparse_58_59.npy,1175
/root/autodl-tmp/UWAmodel_2/datasets/data_splits_original/train/59_21.tiff,/root/autodl-tmp/UWAmodel_2/datasets/data_splits_depth/train/59_21.tif,/root/autodl-tmp/UWAmodel_2/datasets/data_splits_sds_train/sparse_59_21.npy,1175
/root/autodl-tmp/UWAmodel_2/datasets/data_splits_original/train/59_53.tiff,/root/autodl-tmp/UWAmodel_2/datasets/data_splits_depth/train/59_53.tif,/root/autodl-tmp/UWAmodel_2/datasets/data_splits_sds_train/sparse_59_53.npy,1175
/root/autodl-tmp/UWAmodel_2/datasets/data_splits_original/train/59_66.tiff,/root/autodl-tmp/UWAmodel_2/datasets/data_splits_depth/train/59_66.tif,/root/autodl-tmp/UWAmodel_2/datasets/data_splits_sds_train/sparse_59_66.npy,1175
/root/autodl-tmp/UWAmodel_2/datasets/data_splits_original/train/59_82.tiff,/root/autodl-tmp/UWAmodel_2/datasets/data_splits_depth/train/59_82.tif,/root/autodl-tmp/UWAmodel_2/datasets/data_splits_sds_train/sparse_59_82.npy,1175
/root/autodl-tmp/UWAmodel_2/datasets/data_splits_original/train/59_98.tiff,/root/autodl-tmp/UWAmodel_2/datasets/data_splits_depth/train/59_98.tif,/root/autodl-tmp/UWAmodel_2/datasets/data_splits_sds_train/sparse_59_98.npy,1175
/root/autodl-tmp/UWAmodel_2/datasets/data_splits_original/train/60_4.tiff,/root/autodl-tmp/UWAmodel_2/datasets/data_splits_depth/train/60_4.tif,/root/autodl-tmp/UWAmodel_2/datasets/data_splits_sds_train/sparse_60_4.npy,1175
/root/autodl-tmp/UWAmodel_2/datasets/data_splits_original/train/60_11.tiff,/root/autodl-tmp/UWAmodel_2/datasets/data_splits_depth/train/60_11.tif,/root/autodl-tmp/UWAmodel_2/datasets/data_splits_sds_train/sparse_60_11.npy,1175
/root/autodl-tmp/UWAmodel_2/datasets/data_splits_original/train/60_46.tiff,/root/autodl-tmp/UWAmodel_2/datasets/data_splits_depth/train/60_46.tif,/root/autodl-tmp/UWAmodel_2/datasets/data_splits_sds_train/sparse_60_46.npy,1175
/root/autodl-tmp/UWAmodel_2/datasets/data_splits_original/train/60_56.tiff,/root/autodl-tmp/UWAmodel_2/datasets/data_splits_depth/train/60_56.tif,/root/autodl-tmp/UWAmodel_2/datasets/data_splits_sds_train/sparse_60_56.npy,1175
/root/autodl-tmp/UWAmodel_2/datasets/data_splits_original/train/60_85.tiff,/root/autodl-tmp/UWAmodel_2/datasets/data_splits_depth/train/60_85.tif,/root/autodl-tmp/UWAmodel_2/datasets/data_splits_sds_train/sparse_60_85.npy,1175
/root/autodl-tmp/UWAmodel_2/datasets/data_splits_original/train/61_14.tiff,/root/autodl-tmp/UWAmodel_2/datasets/data_splits_depth/train/61_14.tif,/root/autodl-tmp/UWAmodel_2/datasets/data_splits_sds_train/sparse_61_14.npy,1175
/root/autodl-tmp/UWAmodel_2/datasets/data_splits_original/train/61_44.tiff,/root/autodl-tmp/UWAmodel_2/datasets/data_splits_depth/train/61_44.tif,/root/autodl-tmp/UWAmodel_2/datasets/data_splits_sds_train/sparse_61_44.npy,1175
/root/autodl-tmp/UWAmodel_2/datasets/data_splits_original/train/61_50.tiff,/root/autodl-tmp/UWAmodel_2/datasets/data_splits_depth/train/61_50.tif,/root/autodl-tmp/UWAmodel_2/datasets/data_splits_sds_train/sparse_61_50.npy,1175
/root/autodl-tmp/UWAmodel_2/datasets/data_splits_original/train/61_97.tiff,/root/autodl-tmp/UWAmodel_2/datasets/data_splits_depth/train/61_97.tif,/root/autodl-tmp/UWAmodel_2/datasets/data_splits_sds_train/sparse_61_97.npy,1175
/root/autodl-tmp/UWAmodel_2/datasets/data_splits_original/train/61_117.tiff,/root/autodl-tmp/UWAmodel_2/datasets/data_splits_depth/train/61_117.tif,/root/autodl-tmp/UWAmodel_2/datasets/data_splits_sds_train/sparse_61_117.npy,1175
/root/autodl-tmp/UWAmodel_2/datasets/data_splits_original/train/62_22.tiff,/root/autodl-tmp/UWAmodel_2/datasets/data_splits_depth/train/62_22.tif,/root/autodl-tmp/UWAmodel_2/datasets/data_splits_sds_train/sparse_62_22.npy,1175
/root/autodl-tmp/UWAmodel_2/datasets/data_splits_original/train/62_24.tiff,/root/autodl-tmp/UWAmodel_2/datasets/data_splits_depth/train/62_24.tif,/root/autodl-tmp/UWAmodel_2/datasets/data_splits_sds_train/sparse_62_24.npy,1175
/root/autodl-tmp/UWAmodel_2/datasets/data_splits_original/train/62_26.tiff,/root/autodl-tmp/UWAmodel_2/datasets/data_splits_depth/train/62_26.tif,/root/autodl-tmp/UWAmodel_2/datasets/data_splits_sds_train/sparse_62_26.npy,1175
/root/autodl-tmp/UWAmodel_2/datasets/data_splits_original/train/62_71.tiff,/root/autodl-tmp/UWAmodel_2/datasets/data_splits_depth/train/62_71.tif,/root/autodl-tmp/UWAmodel_2/datasets/data_splits_sds_train/sparse_62_71.npy,1175
/root/autodl-tmp/UWAmodel_2/datasets/data_splits_original/train/62_72.tiff,/root/autodl-tmp/UWAmodel_2/datasets/data_splits_depth/train/62_72.tif,/root/autodl-tmp/UWAmodel_2/datasets/data_splits_sds_train/sparse_62_72.npy,1175
/root/autodl-tmp/UWAmodel_2/datasets/data_splits_original/train/63_7.tiff,/root/autodl-tmp/UWAmodel_2/datasets/data_splits_depth/train/63_7.tif,/root/autodl-tmp/UWAmodel_2/datasets/data_splits_sds_train/sparse_63_7.npy,1175
/root/autodl-tmp/UWAmodel_2/datasets/data_splits_original/train/63_25.tiff,/root/autodl-tmp/UWAmodel_2/datasets/data_splits_depth/train/63_25.tif,/root/autodl-tmp/UWAmodel_2/datasets/data_splits_sds_train/sparse_63_25.npy,1175
/root/autodl-tmp/UWAmodel_2/datasets/data_splits_original/train/63_37.tiff,/root/autodl-tmp/UWAmodel_2/datasets/data_splits_depth/train/63_37.tif,/root/autodl-tmp/UWAmodel_2/datasets/data_splits_sds_train/sparse_63_37.npy,1175
/root/autodl-tmp/UWAmodel_2/datasets/data_splits_original/train/63_50.tiff,/root/autodl-tmp/UWAmodel_2/datasets/data_splits_depth/train/63_50.tif,/root/autodl-tmp/UWAmodel_2/datasets/data_splits_sds_train/sparse_63_50.npy,1175
/root/autodl-tmp/UWAmodel_2/datasets/data_splits_original/train/63_79.tiff,/root/autodl-tmp/UWAmodel_2/datasets/data_splits_depth/train/63_79.tif,/root/autodl-tmp/UWAmodel_2/datasets/data_splits_sds_train/sparse_63_79.npy,1175
/root/autodl-tmp/UWAmodel_2/datasets/data_splits_original/train/64_15.tiff,/root/autodl-tmp/UWAmodel_2/datasets/data_splits_depth/train/64_15.tif,/root/autodl-tmp/UWAmodel_2/datasets/data_splits_sds_train/sparse_64_15.npy,1175
/root/autodl-tmp/UWAmodel_2/datasets/data_splits_original/train/64_42.tiff,/root/autodl-tmp/UWAmodel_2/datasets/data_splits_depth/train/64_42.tif,/root/autodl-tmp/UWAmodel_2/datasets/data_splits_sds_train/sparse_64_42.npy,1175
/root/autodl-tmp/UWAmodel_2/datasets/data_splits_original/train/64_67.tiff,/root/autodl-tmp/UWAmodel_2/datasets/data_splits_depth/train/64_67.tif,/root/autodl-tmp/UWAmodel_2/datasets/data_splits_sds_train/sparse_64_67.npy,1175
/root/autodl-tmp/UWAmodel_2/datasets/data_splits_original/train/64_74.tiff,/root/autodl-tmp/UWAmodel_2/datasets/data_splits_depth/train/64_74.tif,/root/autodl-tmp/UWAmodel_2/datasets/data_splits_sds_train/sparse_64_74.npy,1175
/root/autodl-tmp/UWAmodel_2/datasets/data_splits_original/train/64_104.tiff,/root/autodl-tmp/UWAmodel_2/datasets/data_splits_depth/train/64_104.tif,/root/autodl-tmp/UWAmodel_2/datasets/data_splits_sds_train/sparse_64_104.npy,1175
/root/autodl-tmp/UWAmodel_2/datasets/data_splits_original/train/65_28.tiff,/root/autodl-tmp/UWAmodel_2/datasets/data_splits_depth/train/65_28.tif,/root/autodl-tmp/UWAmodel_2/datasets/data_splits_sds_train/sparse_65_28.npy,1175
/root/autodl-tmp/UWAmodel_2/datasets/data_splits_original/train/65_79.tiff,/root/autodl-tmp/UWAmodel_2/datasets/data_splits_depth/train/65_79.tif,/root/autodl-tmp/UWAmodel_2/datasets/data_splits_sds_train/sparse_65_79.npy,1175
/root/autodl-tmp/UWAmodel_2/datasets/data_splits_original/train/65_95.tiff,/root/autodl-tmp/UWAmodel_2/datasets/data_splits_depth/train/65_95.tif,/root/autodl-tmp/UWAmodel_2/datasets/data_splits_sds_train/sparse_65_95.npy,1175
/root/autodl-tmp/UWAmodel_2/datasets/data_splits_original/train/65_107.tiff,/root/autodl-tmp/UWAmodel_2/datasets/data_splits_depth/train/65_107.tif,/root/autodl-tmp/UWAmodel_2/datasets/data_splits_sds_train/sparse_65_107.npy,1175
/root/autodl-tmp/UWAmodel_2/datasets/data_splits_original/train/65_117.tiff,/root/autodl-tmp/UWAmodel_2/datasets/data_splits_depth/train/65_117.tif,/root/autodl-tmp/UWAmodel_2/datasets/data_splits_sds_train/sparse_65_117.npy,1175
/root/autodl-tmp/UWAmodel_2/datasets/data_splits_original/train/68_13.tiff,/root/autodl-tmp/UWAmodel_2/datasets/data_splits_depth/train/68_13.tif,/root/autodl-tmp/UWAmodel_2/datasets/data_splits_sds_train/sparse_68_13.npy,1175
/root/autodl-tmp/UWAmodel_2/datasets/data_splits_original/train/68_15.tiff,/root/autodl-tmp/UWAmodel_2/datasets/data_splits_depth/train/68_15.tif,/root/autodl-tmp/UWAmodel_2/datasets/data_splits_sds_train/sparse_68_15.npy,1175
/root/autodl-tmp/UWAmodel_2/datasets/data_splits_original/train/68_57.tiff,/root/autodl-tmp/UWAmodel_2/datasets/data_splits_depth/train/68_57.tif,/root/autodl-tmp/UWAmodel_2/datasets/data_splits_sds_train/sparse_68_57.npy,1175
/root/autodl-tmp/UWAmodel_2/datasets/data_splits_original/train/68_113.tiff,/root/autodl-tmp/UWAmodel_2/datasets/data_splits_depth/train/68_113.tif,/root/autodl-tmp/UWAmodel_2/datasets/data_splits_sds_train/sparse_68_113.npy,1175
/root/autodl-tmp/UWAmodel_2/datasets/data_splits_original/train/68_116.tiff,/root/autodl-tmp/UWAmodel_2/datasets/data_splits_depth/train/68_116.tif,/root/autodl-tmp/UWAmodel_2/datasets/data_splits_sds_train/sparse_68_116.npy,1175
/root/autodl-tmp/UWAmodel_2/datasets/data_splits_original/train/70_16.tiff,/root/autodl-tmp/UWAmodel_2/datasets/data_splits_depth/train/70_16.tif,/root/autodl-tmp/UWAmodel_2/datasets/data_splits_sds_train/sparse_70_16.npy,1175
/root/autodl-tmp/UWAmodel_2/datasets/data_splits_original/train/70_34.tiff,/root/autodl-tmp/UWAmodel_2/datasets/data_splits_depth/train/70_34.tif,/root/autodl-tmp/UWAmodel_2/datasets/data_splits_sds_train/sparse_70_34.npy,1175
/root/autodl-tmp/UWAmodel_2/datasets/data_splits_original/train/70_81.tiff,/root/autodl-tmp/UWAmodel_2/datasets/data_splits_depth/train/70_81.tif,/root/autodl-tmp/UWAmodel_2/datasets/data_splits_sds_train/sparse_70_81.npy,1175
/root/autodl-tmp/UWAmodel_2/datasets/data_splits_original/train/70_91.tiff,/root/autodl-tmp/UWAmodel_2/datasets/data_splits_depth/train/70_91.tif,/root/autodl-tmp/UWAmodel_2/datasets/data_splits_sds_train/sparse_70_91.npy,1175
/root/autodl-tmp/UWAmodel_2/datasets/data_splits_original/train/70_103.tiff,/root/autodl-tmp/UWAmodel_2/datasets/data_splits_depth/train/70_103.tif,/root/autodl-tmp/UWAmodel_2/datasets/data_splits_sds_train/sparse_70_103.npy,1175
/root/autodl-tmp/UWAmodel_2/datasets/data_splits_original/train/71_28.tiff,/root/autodl-tmp/UWAmodel_2/datasets/data_splits_depth/train/71_28.tif,/root/autodl-tmp/UWAmodel_2/datasets/data_splits_sds_train/sparse_71_28.npy,1175
/root/autodl-tmp/UWAmodel_2/datasets/data_splits_original/train/71_51.tiff,/root/autodl-tmp/UWAmodel_2/datasets/data_splits_depth/train/71_51.tif,/root/autodl-tmp/UWAmodel_2/datasets/data_splits_sds_train/sparse_71_51.npy,1175
/root/autodl-tmp/UWAmodel_2/datasets/data_splits_original/train/71_69.tiff,/root/autodl-tmp/UWAmodel_2/datasets/data_splits_depth/train/71_69.tif,/root/autodl-tmp/UWAmodel_2/datasets/data_splits_sds_train/sparse_71_69.npy,1175
/root/autodl-tmp/UWAmodel_2/datasets/data_splits_original/train/71_106.tiff,/root/autodl-tmp/UWAmodel_2/datasets/data_splits_depth/train/71_106.tif,/root/autodl-tmp/UWAmodel_2/datasets/data_splits_sds_train/sparse_71_106.npy,1175
/root/autodl-tmp/UWAmodel_2/datasets/data_splits_original/train/71_119.tiff,/root/autodl-tmp/UWAmodel_2/datasets/data_splits_depth/train/71_119.tif,/root/autodl-tmp/UWAmodel_2/datasets/data_splits_sds_train/sparse_71_119.npy,1175
/root/autodl-tmp/UWAmodel_2/datasets/data_splits_original/train/72_26.tiff,/root/autodl-tmp/UWAmodel_2/datasets/data_splits_depth/train/72_26.tif,/root/autodl-tmp/UWAmodel_2/datasets/data_splits_sds_train/sparse_72_26.npy,1175
/root/autodl-tmp/UWAmodel_2/datasets/data_splits_original/train/72_93.tiff,/root/autodl-tmp/UWAmodel_2/datasets/data_splits_depth/train/72_93.tif,/root/autodl-tmp/UWAmodel_2/datasets/data_splits_sds_train/sparse_72_93.npy,1175
/root/autodl-tmp/UWAmodel_2/datasets/data_splits_original/train/72_104.tiff,/root/autodl-tmp/UWAmodel_2/datasets/data_splits_depth/train/72_104.tif,/root/autodl-tmp/UWAmodel_2/datasets/data_splits_sds_train/sparse_72_104.npy,1175
/root/autodl-tmp/UWAmodel_2/datasets/data_splits_original/train/72_116.tiff,/root/autodl-tmp/UWAmodel_2/datasets/data_splits_depth/train/72_116.tif,/root/autodl-tmp/UWAmodel_2/datasets/data_splits_sds_train/sparse_72_116.npy,1175
/root/autodl-tmp/UWAmodel_2/datasets/data_splits_original/train/72_118.tiff,/root/autodl-tmp/UWAmodel_2/datasets/data_splits_depth/train/72_118.tif,/root/autodl-tmp/UWAmodel_2/datasets/data_splits_sds_train/sparse_72_118.npy,1175
/root/autodl-tmp/UWAmodel_2/datasets/data_splits_original/train/73_6.tiff,/root/autodl-tmp/UWAmodel_2/datasets/data_splits_depth/train/73_6.tif,/root/autodl-tmp/UWAmodel_2/datasets/data_splits_sds_train/sparse_73_6.npy,1175
/root/autodl-tmp/UWAmodel_2/datasets/data_splits_original/train/73_14.tiff,/root/autodl-tmp/UWAmodel_2/datasets/data_splits_depth/train/73_14.tif,/root/autodl-tmp/UWAmodel_2/datasets/data_splits_sds_train/sparse_73_14.npy,1175
/root/autodl-tmp/UWAmodel_2/datasets/data_splits_original/train/73_16.tiff,/root/autodl-tmp/UWAmodel_2/datasets/data_splits_depth/train/73_16.tif,/root/autodl-tmp/UWAmodel_2/datasets/data_splits_sds_train/sparse_73_16.npy,1175
/root/autodl-tmp/UWAmodel_2/datasets/data_splits_original/train/73_17.tiff,/root/autodl-tmp/UWAmodel_2/datasets/data_splits_depth/train/73_17.tif,/root/autodl-tmp/UWAmodel_2/datasets/data_splits_sds_train/sparse_73_17.npy,1175
/root/autodl-tmp/UWAmodel_2/datasets/data_splits_original/train/73_21.tiff,/root/autodl-tmp/UWAmodel_2/datasets/data_splits_depth/train/73_21.tif,/root/autodl-tmp/UWAmodel_2/datasets/data_splits_sds_train/sparse_73_21.npy,1175
/root/autodl-tmp/UWAmodel_2/datasets/data_splits_original/train/74_4.tiff,/root/autodl-tmp/UWAmodel_2/datasets/data_splits_depth/train/74_4.tif,/root/autodl-tmp/UWAmodel_2/datasets/data_splits_sds_train/sparse_74_4.npy,1175
/root/autodl-tmp/UWAmodel_2/datasets/data_splits_original/train/74_10.tiff,/root/autodl-tmp/UWAmodel_2/datasets/data_splits_depth/train/74_10.tif,/root/autodl-tmp/UWAmodel_2/datasets/data_splits_sds_train/sparse_74_10.npy,1175
/root/autodl-tmp/UWAmodel_2/datasets/data_splits_original/train/74_19.tiff,/root/autodl-tmp/UWAmodel_2/datasets/data_splits_depth/train/74_19.tif,/root/autodl-tmp/UWAmodel_2/datasets/data_splits_sds_train/sparse_74_19.npy,1175
/root/autodl-tmp/UWAmodel_2/datasets/data_splits_original/train/74_23.tiff,/root/autodl-tmp/UWAmodel_2/datasets/data_splits_depth/train/74_23.tif,/root/autodl-tmp/UWAmodel_2/datasets/data_splits_sds_train/sparse_74_23.npy,1175
/root/autodl-tmp/UWAmodel_2/datasets/data_splits_original/train/74_54.tiff,/root/autodl-tmp/UWAmodel_2/datasets/data_splits_depth/train/74_54.tif,/root/autodl-tmp/UWAmodel_2/datasets/data_splits_sds_train/sparse_74_54.npy,1175
/root/autodl-tmp/UWAmodel_2/datasets/data_splits_original/train/75_32.tiff,/root/autodl-tmp/UWAmodel_2/datasets/data_splits_depth/train/75_32.tif,/root/autodl-tmp/UWAmodel_2/datasets/data_splits_sds_train/sparse_75_32.npy,1175
/root/autodl-tmp/UWAmodel_2/datasets/data_splits_original/train/75_75.tiff,/root/autodl-tmp/UWAmodel_2/datasets/data_splits_depth/train/75_75.tif,/root/autodl-tmp/UWAmodel_2/datasets/data_splits_sds_train/sparse_75_75.npy,1175
/root/autodl-tmp/UWAmodel_2/datasets/data_splits_original/train/75_95.tiff,/root/autodl-tmp/UWAmodel_2/datasets/data_splits_depth/train/75_95.tif,/root/autodl-tmp/UWAmodel_2/datasets/data_splits_sds_train/sparse_75_95.npy,1175
/root/autodl-tmp/UWAmodel_2/datasets/data_splits_original/train/75_107.tiff,/root/autodl-tmp/UWAmodel_2/datasets/data_splits_depth/train/75_107.tif,/root/autodl-tmp/UWAmodel_2/datasets/data_splits_sds_train/sparse_75_107.npy,1175
/root/autodl-tmp/UWAmodel_2/datasets/data_splits_original/train/75_120.tiff,/root/autodl-tmp/UWAmodel_2/datasets/data_splits_depth/train/75_120.tif,/root/autodl-tmp/UWAmodel_2/datasets/data_splits_sds_train/sparse_75_120.npy,1175
/root/autodl-tmp/UWAmodel_2/datasets/data_splits_original/train/77_7.tiff,/root/autodl-tmp/UWAmodel_2/datasets/data_splits_depth/train/77_7.tif,/root/autodl-tmp/UWAmodel_2/datasets/data_splits_sds_train/sparse_77_7.npy,1175
/root/autodl-tmp/UWAmodel_2/datasets/data_splits_original/train/77_45.tiff,/root/autodl-tmp/UWAmodel_2/datasets/data_splits_depth/train/77_45.tif,/root/autodl-tmp/UWAmodel_2/datasets/data_splits_sds_train/sparse_77_45.npy,1175
/root/autodl-tmp/UWAmodel_2/datasets/data_splits_original/train/77_49.tiff,/root/autodl-tmp/UWAmodel_2/datasets/data_splits_depth/train/77_49.tif,/root/autodl-tmp/UWAmodel_2/datasets/data_splits_sds_train/sparse_77_49.npy,1175
/root/autodl-tmp/UWAmodel_2/datasets/data_splits_original/train/77_58.tiff,/root/autodl-tmp/UWAmodel_2/datasets/data_splits_depth/train/77_58.tif,/root/autodl-tmp/UWAmodel_2/datasets/data_splits_sds_train/sparse_77_58.npy,1175
/root/autodl-tmp/UWAmodel_2/datasets/data_splits_original/train/77_68.tiff,/root/autodl-tmp/UWAmodel_2/datasets/data_splits_depth/train/77_68.tif,/root/autodl-tmp/UWAmodel_2/datasets/data_splits_sds_train/sparse_77_68.npy,1175
/root/autodl-tmp/UWAmodel_2/datasets/data_splits_original/train/78_63.tiff,/root/autodl-tmp/UWAmodel_2/datasets/data_splits_depth/train/78_63.tif,/root/autodl-tmp/UWAmodel_2/datasets/data_splits_sds_train/sparse_78_63.npy,1175
/root/autodl-tmp/UWAmodel_2/datasets/data_splits_original/train/78_71.tiff,/root/autodl-tmp/UWAmodel_2/datasets/data_splits_depth/train/78_71.tif,/root/autodl-tmp/UWAmodel_2/datasets/data_splits_sds_train/sparse_78_71.npy,1175
/root/autodl-tmp/UWAmodel_2/datasets/data_splits_original/train/78_75.tiff,/root/autodl-tmp/UWAmodel_2/datasets/data_splits_depth/train/78_75.tif,/root/autodl-tmp/UWAmodel_2/datasets/data_splits_sds_train/sparse_78_75.npy,1175
/root/autodl-tmp/UWAmodel_2/datasets/data_splits_original/train/78_100.tiff,/root/autodl-tmp/UWAmodel_2/datasets/data_splits_depth/train/78_100.tif,/root/autodl-tmp/UWAmodel_2/datasets/data_splits_sds_train/sparse_78_100.npy,1175
/root/autodl-tmp/UWAmodel_2/datasets/data_splits_original/train/78_113.tiff,/root/autodl-tmp/UWAmodel_2/datasets/data_splits_depth/train/78_113.tif,/root/autodl-tmp/UWAmodel_2/datasets/data_splits_sds_train/sparse_78_113.npy,1175
/root/autodl-tmp/UWAmodel_2/datasets/data_splits_original/train/81_29.tiff,/root/autodl-tmp/UWAmodel_2/datasets/data_splits_depth/train/81_29.tif,/root/autodl-tmp/UWAmodel_2/datasets/data_splits_sds_train/sparse_81_29.npy,1175
/root/autodl-tmp/UWAmodel_2/datasets/data_splits_original/train/81_59.tiff,/root/autodl-tmp/UWAmodel_2/datasets/data_splits_depth/train/81_59.tif,/root/autodl-tmp/UWAmodel_2/datasets/data_splits_sds_train/sparse_81_59.npy,1175
/root/autodl-tmp/UWAmodel_2/datasets/data_splits_original/train/81_74.tiff,/root/autodl-tmp/UWAmodel_2/datasets/data_splits_depth/train/81_74.tif,/root/autodl-tmp/UWAmodel_2/datasets/data_splits_sds_train/sparse_81_74.npy,1175
/root/autodl-tmp/UWAmodel_2/datasets/data_splits_original/train/81_92.tiff,/root/autodl-tmp/UWAmodel_2/datasets/data_splits_depth/train/81_92.tif,/root/autodl-tmp/UWAmodel_2/datasets/data_splits_sds_train/sparse_81_92.npy,1175
/root/autodl-tmp/UWAmodel_2/datasets/data_splits_original/train/81_119.tiff,/root/autodl-tmp/UWAmodel_2/datasets/data_splits_depth/train/81_119.tif,/root/autodl-tmp/UWAmodel_2/datasets/data_splits_sds_train/sparse_81_119.npy,1175
/root/autodl-tmp/UWAmodel_2/datasets/data_splits_original/train/82_23.tiff,/root/autodl-tmp/UWAmodel_2/datasets/data_splits_depth/train/82_23.tif,/root/autodl-tmp/UWAmodel_2/datasets/data_splits_sds_train/sparse_82_23.npy,1175
/root/autodl-tmp/UWAmodel_2/datasets/data_splits_original/train/82_44.tiff,/root/autodl-tmp/UWAmodel_2/datasets/data_splits_depth/train/82_44.tif,/root/autodl-tmp/UWAmodel_2/datasets/data_splits_sds_train/sparse_82_44.npy,1175
/root/autodl-tmp/UWAmodel_2/datasets/data_splits_original/train/82_62.tiff,/root/autodl-tmp/UWAmodel_2/datasets/data_splits_depth/train/82_62.tif,/root/autodl-tmp/UWAmodel_2/datasets/data_splits_sds_train/sparse_82_62.npy,1175
/root/autodl-tmp/UWAmodel_2/datasets/data_splits_original/train/82_65.tiff,/root/autodl-tmp/UWAmodel_2/datasets/data_splits_depth/train/82_65.tif,/root/autodl-tmp/UWAmodel_2/datasets/data_splits_sds_train/sparse_82_65.npy,1175
/root/autodl-tmp/UWAmodel_2/datasets/data_splits_original/train/82_102.tiff,/root/autodl-tmp/UWAmodel_2/datasets/data_splits_depth/train/82_102.tif,/root/autodl-tmp/UWAmodel_2/datasets/data_splits_sds_train/sparse_82_102.npy,1175
/root/autodl-tmp/UWAmodel_2/datasets/data_splits_original/train/84_36.tiff,/root/autodl-tmp/UWAmodel_2/datasets/data_splits_depth/train/84_36.tif,/root/autodl-tmp/UWAmodel_2/datasets/data_splits_sds_train/sparse_84_36.npy,1175
/root/autodl-tmp/UWAmodel_2/datasets/data_splits_original/train/84_58.tiff,/root/autodl-tmp/UWAmodel_2/datasets/data_splits_depth/train/84_58.tif,/root/autodl-tmp/UWAmodel_2/datasets/data_splits_sds_train/sparse_84_58.npy,1175
/root/autodl-tmp/UWAmodel_2/datasets/data_splits_original/train/84_67.tiff,/root/autodl-tmp/UWAmodel_2/datasets/data_splits_depth/train/84_67.tif,/root/autodl-tmp/UWAmodel_2/datasets/data_splits_sds_train/sparse_84_67.npy,1175
/root/autodl-tmp/UWAmodel_2/datasets/data_splits_original/train/84_79.tiff,/root/autodl-tmp/UWAmodel_2/datasets/data_splits_depth/train/84_79.tif,/root/autodl-tmp/UWAmodel_2/datasets/data_splits_sds_train/sparse_84_79.npy,1175
/root/autodl-tmp/UWAmodel_2/datasets/data_splits_original/train/84_84.tiff,/root/autodl-tmp/UWAmodel_2/datasets/data_splits_depth/train/84_84.tif,/root/autodl-tmp/UWAmodel_2/datasets/data_splits_sds_train/sparse_84_84.npy,1175
/root/autodl-tmp/UWAmodel_2/datasets/data_splits_original/train/86_30.tiff,/root/autodl-tmp/UWAmodel_2/datasets/data_splits_depth/train/86_30.tif,/root/autodl-tmp/UWAmodel_2/datasets/data_splits_sds_train/sparse_86_30.npy,1175
/root/autodl-tmp/UWAmodel_2/datasets/data_splits_original/train/86_37.tiff,/root/autodl-tmp/UWAmodel_2/datasets/data_splits_depth/train/86_37.tif,/root/autodl-tmp/UWAmodel_2/datasets/data_splits_sds_train/sparse_86_37.npy,1175
/root/autodl-tmp/UWAmodel_2/datasets/data_splits_original/train/86_73.tiff,/root/autodl-tmp/UWAmodel_2/datasets/data_splits_depth/train/86_73.tif,/root/autodl-tmp/UWAmodel_2/datasets/data_splits_sds_train/sparse_86_73.npy,1175
/root/autodl-tmp/UWAmodel_2/datasets/data_splits_original/train/86_76.tiff,/root/autodl-tmp/UWAmodel_2/datasets/data_splits_depth/train/86_76.tif,/root/autodl-tmp/UWAmodel_2/datasets/data_splits_sds_train/sparse_86_76.npy,1175
/root/autodl-tmp/UWAmodel_2/datasets/data_splits_original/train/86_114.tiff,/root/autodl-tmp/UWAmodel_2/datasets/data_splits_depth/train/86_114.tif,/root/autodl-tmp/UWAmodel_2/datasets/data_splits_sds_train/sparse_86_114.npy,1175
/root/autodl-tmp/UWAmodel_2/datasets/data_splits_original/train/87_16.tiff,/root/autodl-tmp/UWAmodel_2/datasets/data_splits_depth/train/87_16.tif,/root/autodl-tmp/UWAmodel_2/datasets/data_splits_sds_train/sparse_87_16.npy,1175
/root/autodl-tmp/UWAmodel_2/datasets/data_splits_original/train/87_19.tiff,/root/autodl-tmp/UWAmodel_2/datasets/data_splits_depth/train/87_19.tif,/root/autodl-tmp/UWAmodel_2/datasets/data_splits_sds_train/sparse_87_19.npy,1175
/root/autodl-tmp/UWAmodel_2/datasets/data_splits_original/train/87_36.tiff,/root/autodl-tmp/UWAmodel_2/datasets/data_splits_depth/train/87_36.tif,/root/autodl-tmp/UWAmodel_2/datasets/data_splits_sds_train/sparse_87_36.npy,1175
/root/autodl-tmp/UWAmodel_2/datasets/data_splits_original/train/87_107.tiff,/root/autodl-tmp/UWAmodel_2/datasets/data_splits_depth/train/87_107.tif,/root/autodl-tmp/UWAmodel_2/datasets/data_splits_sds_train/sparse_87_107.npy,1175
/root/autodl-tmp/UWAmodel_2/datasets/data_splits_original/train/87_108.tiff,/root/autodl-tmp/UWAmodel_2/datasets/data_splits_depth/train/87_108.tif,/root/autodl-tmp/UWAmodel_2/datasets/data_splits_sds_train/sparse_87_108.npy,1175
/root/autodl-tmp/UWAmodel_2/datasets/data_splits_original/train/88_38.tiff,/root/autodl-tmp/UWAmodel_2/datasets/data_splits_depth/train/88_38.tif,/root/autodl-tmp/UWAmodel_2/datasets/data_splits_sds_train/sparse_88_38.npy,1175
/root/autodl-tmp/UWAmodel_2/datasets/data_splits_original/train/88_56.tiff,/root/autodl-tmp/UWAmodel_2/datasets/data_splits_depth/train/88_56.tif,/root/autodl-tmp/UWAmodel_2/datasets/data_splits_sds_train/sparse_88_56.npy,1175
/root/autodl-tmp/UWAmodel_2/datasets/data_splits_original/train/88_86.tiff,/root/autodl-tmp/UWAmodel_2/datasets/data_splits_depth/train/88_86.tif,/root/autodl-tmp/UWAmodel_2/datasets/data_splits_sds_train/sparse_88_86.npy,1175
/root/autodl-tmp/UWAmodel_2/datasets/data_splits_original/train/88_103.tiff,/root/autodl-tmp/UWAmodel_2/datasets/data_splits_depth/train/88_103.tif,/root/autodl-tmp/UWAmodel_2/datasets/data_splits_sds_train/sparse_88_103.npy,1175
/root/autodl-tmp/UWAmodel_2/datasets/data_splits_original/train/88_112.tiff,/root/autodl-tmp/UWAmodel_2/datasets/data_splits_depth/train/88_112.tif,/root/autodl-tmp/UWAmodel_2/datasets/data_splits_sds_train/sparse_88_112.npy,1175
/root/autodl-tmp/UWAmodel_2/datasets/data_splits_original/train/89_43.tiff,/root/autodl-tmp/UWAmodel_2/datasets/data_splits_depth/train/89_43.tif,/root/autodl-tmp/UWAmodel_2/datasets/data_splits_sds_train/sparse_89_43.npy,1175
/root/autodl-tmp/UWAmodel_2/datasets/data_splits_original/train/89_66.tiff,/root/autodl-tmp/UWAmodel_2/datasets/data_splits_depth/train/89_66.tif,/root/autodl-tmp/UWAmodel_2/datasets/data_splits_sds_train/sparse_89_66.npy,1175
/root/autodl-tmp/UWAmodel_2/datasets/data_splits_original/train/89_72.tiff,/root/autodl-tmp/UWAmodel_2/datasets/data_splits_depth/train/89_72.tif,/root/autodl-tmp/UWAmodel_2/datasets/data_splits_sds_train/sparse_89_72.npy,1175
/root/autodl-tmp/UWAmodel_2/datasets/data_splits_original/train/89_76.tiff,/root/autodl-tmp/UWAmodel_2/datasets/data_splits_depth/train/89_76.tif,/root/autodl-tmp/UWAmodel_2/datasets/data_splits_sds_train/sparse_89_76.npy,1175
/root/autodl-tmp/UWAmodel_2/datasets/data_splits_original/train/89_88.tiff,/root/autodl-tmp/UWAmodel_2/datasets/data_splits_depth/train/89_88.tif,/root/autodl-tmp/UWAmodel_2/datasets/data_splits_sds_train/sparse_89_88.npy,1175
/root/autodl-tmp/UWAmodel_2/datasets/data_splits_original/train/90_18.tiff,/root/autodl-tmp/UWAmodel_2/datasets/data_splits_depth/train/90_18.tif,/root/autodl-tmp/UWAmodel_2/datasets/data_splits_sds_train/sparse_90_18.npy,1175
/root/autodl-tmp/UWAmodel_2/datasets/data_splits_original/train/90_32.tiff,/root/autodl-tmp/UWAmodel_2/datasets/data_splits_depth/train/90_32.tif,/root/autodl-tmp/UWAmodel_2/datasets/data_splits_sds_train/sparse_90_32.npy,1175
/root/autodl-tmp/UWAmodel_2/datasets/data_splits_original/train/90_73.tiff,/root/autodl-tmp/UWAmodel_2/datasets/data_splits_depth/train/90_73.tif,/root/autodl-tmp/UWAmodel_2/datasets/data_splits_sds_train/sparse_90_73.npy,1175
/root/autodl-tmp/UWAmodel_2/datasets/data_splits_original/train/90_74.tiff,/root/autodl-tmp/UWAmodel_2/datasets/data_splits_depth/train/90_74.tif,/root/autodl-tmp/UWAmodel_2/datasets/data_splits_sds_train/sparse_90_74.npy,1175
/root/autodl-tmp/UWAmodel_2/datasets/data_splits_original/train/90_79.tiff,/root/autodl-tmp/UWAmodel_2/datasets/data_splits_depth/train/90_79.tif,/root/autodl-tmp/UWAmodel_2/datasets/data_splits_sds_train/sparse_90_79.npy,1175
/root/autodl-tmp/UWAmodel_2/datasets/data_splits_original/train/91_13.tiff,/root/autodl-tmp/UWAmodel_2/datasets/data_splits_depth/train/91_13.tif,/root/autodl-tmp/UWAmodel_2/datasets/data_splits_sds_train/sparse_91_13.npy,1175
/root/autodl-tmp/UWAmodel_2/datasets/data_splits_original/train/91_21.tiff,/root/autodl-tmp/UWAmodel_2/datasets/data_splits_depth/train/91_21.tif,/root/autodl-tmp/UWAmodel_2/datasets/data_splits_sds_train/sparse_91_21.npy,1175
/root/autodl-tmp/UWAmodel_2/datasets/data_splits_original/train/91_23.tiff,/root/autodl-tmp/UWAmodel_2/datasets/data_splits_depth/train/91_23.tif,/root/autodl-tmp/UWAmodel_2/datasets/data_splits_sds_train/sparse_91_23.npy,1175
/root/autodl-tmp/UWAmodel_2/datasets/data_splits_original/train/91_90.tiff,/root/autodl-tmp/UWAmodel_2/datasets/data_splits_depth/train/91_90.tif,/root/autodl-tmp/UWAmodel_2/datasets/data_splits_sds_train/sparse_91_90.npy,1175
/root/autodl-tmp/UWAmodel_2/datasets/data_splits_original/train/91_99.tiff,/root/autodl-tmp/UWAmodel_2/datasets/data_splits_depth/train/91_99.tif,/root/autodl-tmp/UWAmodel_2/datasets/data_splits_sds_train/sparse_91_99.npy,1175
/root/autodl-tmp/UWAmodel_2/datasets/data_splits_original/train/92_10.tiff,/root/autodl-tmp/UWAmodel_2/datasets/data_splits_depth/train/92_10.tif,/root/autodl-tmp/UWAmodel_2/datasets/data_splits_sds_train/sparse_92_10.npy,1175
/root/autodl-tmp/UWAmodel_2/datasets/data_splits_original/train/92_34.tiff,/root/autodl-tmp/UWAmodel_2/datasets/data_splits_depth/train/92_34.tif,/root/autodl-tmp/UWAmodel_2/datasets/data_splits_sds_train/sparse_92_34.npy,1175
/root/autodl-tmp/UWAmodel_2/datasets/data_splits_original/train/92_38.tiff,/root/autodl-tmp/UWAmodel_2/datasets/data_splits_depth/train/92_38.tif,/root/autodl-tmp/UWAmodel_2/datasets/data_splits_sds_train/sparse_92_38.npy,1175
/root/autodl-tmp/UWAmodel_2/datasets/data_splits_original/train/92_74.tiff,/root/autodl-tmp/UWAmodel_2/datasets/data_splits_depth/train/92_74.tif,/root/autodl-tmp/UWAmodel_2/datasets/data_splits_sds_train/sparse_92_74.npy,1175
/root/autodl-tmp/UWAmodel_2/datasets/data_splits_original/train/92_93.tiff,/root/autodl-tmp/UWAmodel_2/datasets/data_splits_depth/train/92_93.tif,/root/autodl-tmp/UWAmodel_2/datasets/data_splits_sds_train/sparse_92_93.npy,1175
/root/autodl-tmp/UWAmodel_2/datasets/data_splits_original/train/93_40.tiff,/root/autodl-tmp/UWAmodel_2/datasets/data_splits_depth/train/93_40.tif,/root/autodl-tmp/UWAmodel_2/datasets/data_splits_sds_train/sparse_93_40.npy,1175
/root/autodl-tmp/UWAmodel_2/datasets/data_splits_original/train/93_59.tiff,/root/autodl-tmp/UWAmodel_2/datasets/data_splits_depth/train/93_59.tif,/root/autodl-tmp/UWAmodel_2/datasets/data_splits_sds_train/sparse_93_59.npy,1175
/root/autodl-tmp/UWAmodel_2/datasets/data_splits_original/train/93_68.tiff,/root/autodl-tmp/UWAmodel_2/datasets/data_splits_depth/train/93_68.tif,/root/autodl-tmp/UWAmodel_2/datasets/data_splits_sds_train/sparse_93_68.npy,1175
/root/autodl-tmp/UWAmodel_2/datasets/data_splits_original/train/93_72.tiff,/root/autodl-tmp/UWAmodel_2/datasets/data_splits_depth/train/93_72.tif,/root/autodl-tmp/UWAmodel_2/datasets/data_splits_sds_train/sparse_93_72.npy,1175
/root/autodl-tmp/UWAmodel_2/datasets/data_splits_original/train/93_85.tiff,/root/autodl-tmp/UWAmodel_2/datasets/data_splits_depth/train/93_85.tif,/root/autodl-tmp/UWAmodel_2/datasets/data_splits_sds_train/sparse_93_85.npy,1175
/root/autodl-tmp/UWAmodel_2/datasets/data_splits_original/train/94_5.tiff,/root/autodl-tmp/UWAmodel_2/datasets/data_splits_depth/train/94_5.tif,/root/autodl-tmp/UWAmodel_2/datasets/data_splits_sds_train/sparse_94_5.npy,1175
/root/autodl-tmp/UWAmodel_2/datasets/data_splits_original/train/94_10.tiff,/root/autodl-tmp/UWAmodel_2/datasets/data_splits_depth/train/94_10.tif,/root/autodl-tmp/UWAmodel_2/datasets/data_splits_sds_train/sparse_94_10.npy,1175
/root/autodl-tmp/UWAmodel_2/datasets/data_splits_original/train/94_22.tiff,/root/autodl-tmp/UWAmodel_2/datasets/data_splits_depth/train/94_22.tif,/root/autodl-tmp/UWAmodel_2/datasets/data_splits_sds_train/sparse_94_22.npy,1175
/root/autodl-tmp/UWAmodel_2/datasets/data_splits_original/train/94_31.tiff,/root/autodl-tmp/UWAmodel_2/datasets/data_splits_depth/train/94_31.tif,/root/autodl-tmp/UWAmodel_2/datasets/data_splits_sds_train/sparse_94_31.npy,1175
/root/autodl-tmp/UWAmodel_2/datasets/data_splits_original/train/94_54.tiff,/root/autodl-tmp/UWAmodel_2/datasets/data_splits_depth/train/94_54.tif,/root/autodl-tmp/UWAmodel_2/datasets/data_splits_sds_train/sparse_94_54.npy,1175
/root/autodl-tmp/UWAmodel_2/datasets/data_splits_original/train/95_65.tiff,/root/autodl-tmp/UWAmodel_2/datasets/data_splits_depth/train/95_65.tif,/root/autodl-tmp/UWAmodel_2/datasets/data_splits_sds_train/sparse_95_65.npy,1175
/root/autodl-tmp/UWAmodel_2/datasets/data_splits_original/train/95_71.tiff,/root/autodl-tmp/UWAmodel_2/datasets/data_splits_depth/train/95_71.tif,/root/autodl-tmp/UWAmodel_2/datasets/data_splits_sds_train/sparse_95_71.npy,1175
/root/autodl-tmp/UWAmodel_2/datasets/data_splits_original/train/95_93.tiff,/root/autodl-tmp/UWAmodel_2/datasets/data_splits_depth/train/95_93.tif,/root/autodl-tmp/UWAmodel_2/datasets/data_splits_sds_train/sparse_95_93.npy,1175
/root/autodl-tmp/UWAmodel_2/datasets/data_splits_original/train/95_99.tiff,/root/autodl-tmp/UWAmodel_2/datasets/data_splits_depth/train/95_99.tif,/root/autodl-tmp/UWAmodel_2/datasets/data_splits_sds_train/sparse_95_99.npy,1175
/root/autodl-tmp/UWAmodel_2/datasets/data_splits_original/train/95_120.tiff,/root/autodl-tmp/UWAmodel_2/datasets/data_splits_depth/train/95_120.tif,/root/autodl-tmp/UWAmodel_2/datasets/data_splits_sds_train/sparse_95_120.npy,1175
/root/autodl-tmp/UWAmodel_2/datasets/data_splits_original/train/96_63.tiff,/root/autodl-tmp/UWAmodel_2/datasets/data_splits_depth/train/96_63.tif,/root/autodl-tmp/UWAmodel_2/datasets/data_splits_sds_train/sparse_96_63.npy,1175
/root/autodl-tmp/UWAmodel_2/datasets/data_splits_original/train/96_77.tiff,/root/autodl-tmp/UWAmodel_2/datasets/data_splits_depth/train/96_77.tif,/root/autodl-tmp/UWAmodel_2/datasets/data_splits_sds_train/sparse_96_77.npy,1175
/root/autodl-tmp/UWAmodel_2/datasets/data_splits_original/train/96_80.tiff,/root/autodl-tmp/UWAmodel_2/datasets/data_splits_depth/train/96_80.tif,/root/autodl-tmp/UWAmodel_2/datasets/data_splits_sds_train/sparse_96_80.npy,1175
/root/autodl-tmp/UWAmodel_2/datasets/data_splits_original/train/96_82.tiff,/root/autodl-tmp/UWAmodel_2/datasets/data_splits_depth/train/96_82.tif,/root/autodl-tmp/UWAmodel_2/datasets/data_splits_sds_train/sparse_96_82.npy,1175
/root/autodl-tmp/UWAmodel_2/datasets/data_splits_original/train/96_102.tiff,/root/autodl-tmp/UWAmodel_2/datasets/data_splits_depth/train/96_102.tif,/root/autodl-tmp/UWAmodel_2/datasets/data_splits_sds_train/sparse_96_102.npy,1175
/root/autodl-tmp/UWAmodel_2/datasets/data_splits_original/train/97_44.tiff,/root/autodl-tmp/UWAmodel_2/datasets/data_splits_depth/train/97_44.tif,/root/autodl-tmp/UWAmodel_2/datasets/data_splits_sds_train/sparse_97_44.npy,1175
/root/autodl-tmp/UWAmodel_2/datasets/data_splits_original/train/97_47.tiff,/root/autodl-tmp/UWAmodel_2/datasets/data_splits_depth/train/97_47.tif,/root/autodl-tmp/UWAmodel_2/datasets/data_splits_sds_train/sparse_97_47.npy,1175
/root/autodl-tmp/UWAmodel_2/datasets/data_splits_original/train/97_53.tiff,/root/autodl-tmp/UWAmodel_2/datasets/data_splits_depth/train/97_53.tif,/root/autodl-tmp/UWAmodel_2/datasets/data_splits_sds_train/sparse_97_53.npy,1175
/root/autodl-tmp/UWAmodel_2/datasets/data_splits_original/train/97_66.tiff,/root/autodl-tmp/UWAmodel_2/datasets/data_splits_depth/train/97_66.tif,/root/autodl-tmp/UWAmodel_2/datasets/data_splits_sds_train/sparse_97_66.npy,1175
/root/autodl-tmp/UWAmodel_2/datasets/data_splits_original/train/97_116.tiff,/root/autodl-tmp/UWAmodel_2/datasets/data_splits_depth/train/97_116.tif,/root/autodl-tmp/UWAmodel_2/datasets/data_splits_sds_train/sparse_97_116.npy,1175
/root/autodl-tmp/UWAmodel_2/datasets/data_splits_original/train/98_41.tiff,/root/autodl-tmp/UWAmodel_2/datasets/data_splits_depth/train/98_41.tif,/root/autodl-tmp/UWAmodel_2/datasets/data_splits_sds_train/sparse_98_41.npy,1175
/root/autodl-tmp/UWAmodel_2/datasets/data_splits_original/train/98_67.tiff,/root/autodl-tmp/UWAmodel_2/datasets/data_splits_depth/train/98_67.tif,/root/autodl-tmp/UWAmodel_2/datasets/data_splits_sds_train/sparse_98_67.npy,1175
/root/autodl-tmp/UWAmodel_2/datasets/data_splits_original/train/98_68.tiff,/root/autodl-tmp/UWAmodel_2/datasets/data_splits_depth/train/98_68.tif,/root/autodl-tmp/UWAmodel_2/datasets/data_splits_sds_train/sparse_98_68.npy,1175
/root/autodl-tmp/UWAmodel_2/datasets/data_splits_original/train/98_71.tiff,/root/autodl-tmp/UWAmodel_2/datasets/data_splits_depth/train/98_71.tif,/root/autodl-tmp/UWAmodel_2/datasets/data_splits_sds_train/sparse_98_71.npy,1175
/root/autodl-tmp/UWAmodel_2/datasets/data_splits_original/train/98_72.tiff,/root/autodl-tmp/UWAmodel_2/datasets/data_splits_depth/train/98_72.tif,/root/autodl-tmp/UWAmodel_2/datasets/data_splits_sds_train/sparse_98_72.npy,1175
/root/autodl-tmp/UWAmodel_2/datasets/data_splits_original/train/99_4.tiff,/root/autodl-tmp/UWAmodel_2/datasets/data_splits_depth/train/99_4.tif,/root/autodl-tmp/UWAmodel_2/datasets/data_splits_sds_train/sparse_99_4.npy,1175
/root/autodl-tmp/UWAmodel_2/datasets/data_splits_original/train/99_11.tiff,/root/autodl-tmp/UWAmodel_2/datasets/data_splits_depth/train/99_11.tif,/root/autodl-tmp/UWAmodel_2/datasets/data_splits_sds_train/sparse_99_11.npy,1175
/root/autodl-tmp/UWAmodel_2/datasets/data_splits_original/train/99_29.tiff,/root/autodl-tmp/UWAmodel_2/datasets/data_splits_depth/train/99_29.tif,/root/autodl-tmp/UWAmodel_2/datasets/data_splits_sds_train/sparse_99_29.npy,1175
/root/autodl-tmp/UWAmodel_2/datasets/data_splits_original/train/99_47.tiff,/root/autodl-tmp/UWAmodel_2/datasets/data_splits_depth/train/99_47.tif,/root/autodl-tmp/UWAmodel_2/datasets/data_splits_sds_train/sparse_99_47.npy,1175
/root/autodl-tmp/UWAmodel_2/datasets/data_splits_original/train/99_50.tiff,/root/autodl-tmp/UWAmodel_2/datasets/data_splits_depth/train/99_50.tif,/root/autodl-tmp/UWAmodel_2/datasets/data_splits_sds_train/sparse_99_50.npy,1175
/root/autodl-tmp/UWAmodel_2/datasets/data_splits_original/train/100_26.tiff,/root/autodl-tmp/UWAmodel_2/datasets/data_splits_depth/train/100_26.tif,/root/autodl-tmp/UWAmodel_2/datasets/data_splits_sds_train/sparse_100_26.npy,1175
/root/autodl-tmp/UWAmodel_2/datasets/data_splits_original/train/100_28.tiff,/root/autodl-tmp/UWAmodel_2/datasets/data_splits_depth/train/100_28.tif,/root/autodl-tmp/UWAmodel_2/datasets/data_splits_sds_train/sparse_100_28.npy,1175
/root/autodl-tmp/UWAmodel_2/datasets/data_splits_original/train/100_29.tiff,/root/autodl-tmp/UWAmodel_2/datasets/data_splits_depth/train/100_29.tif,/root/autodl-tmp/UWAmodel_2/datasets/data_splits_sds_train/sparse_100_29.npy,1175
/root/autodl-tmp/UWAmodel_2/datasets/data_splits_original/train/100_46.tiff,/root/autodl-tmp/UWAmodel_2/datasets/data_splits_depth/train/100_46.tif,/root/autodl-tmp/UWAmodel_2/datasets/data_splits_sds_train/sparse_100_46.npy,1175
/root/autodl-tmp/UWAmodel_2/datasets/data_splits_original/train/100_91.tiff,/root/autodl-tmp/UWAmodel_2/datasets/data_splits_depth/train/100_91.tif,/root/autodl-tmp/UWAmodel_2/datasets/data_splits_sds_train/sparse_100_91.npy,1175
/root/autodl-tmp/UWAmodel_2/datasets/data_splits_original/train/101_17.tiff,/root/autodl-tmp/UWAmodel_2/datasets/data_splits_depth/train/101_17.tif,/root/autodl-tmp/UWAmodel_2/datasets/data_splits_sds_train/sparse_101_17.npy,1175
/root/autodl-tmp/UWAmodel_2/datasets/data_splits_original/train/101_43.tiff,/root/autodl-tmp/UWAmodel_2/datasets/data_splits_depth/train/101_43.tif,/root/autodl-tmp/UWAmodel_2/datasets/data_splits_sds_train/sparse_101_43.npy,1175
/root/autodl-tmp/UWAmodel_2/datasets/data_splits_original/train/101_44.tiff,/root/autodl-tmp/UWAmodel_2/datasets/data_splits_depth/train/101_44.tif,/root/autodl-tmp/UWAmodel_2/datasets/data_splits_sds_train/sparse_101_44.npy,1175
/root/autodl-tmp/UWAmodel_2/datasets/data_splits_original/train/101_48.tiff,/root/autodl-tmp/UWAmodel_2/datasets/data_splits_depth/train/101_48.tif,/root/autodl-tmp/UWAmodel_2/datasets/data_splits_sds_train/sparse_101_48.npy,1175
/root/autodl-tmp/UWAmodel_2/datasets/data_splits_original/train/101_88.tiff,/root/autodl-tmp/UWAmodel_2/datasets/data_splits_depth/train/101_88.tif,/root/autodl-tmp/UWAmodel_2/datasets/data_splits_sds_train/sparse_101_88.npy,1175
/root/autodl-tmp/UWAmodel_2/datasets/data_splits_original/train/102_31.tiff,/root/autodl-tmp/UWAmodel_2/datasets/data_splits_depth/train/102_31.tif,/root/autodl-tmp/UWAmodel_2/datasets/data_splits_sds_train/sparse_102_31.npy,1175
/root/autodl-tmp/UWAmodel_2/datasets/data_splits_original/train/102_58.tiff,/root/autodl-tmp/UWAmodel_2/datasets/data_splits_depth/train/102_58.tif,/root/autodl-tmp/UWAmodel_2/datasets/data_splits_sds_train/sparse_102_58.npy,1175
/root/autodl-tmp/UWAmodel_2/datasets/data_splits_original/train/102_70.tiff,/root/autodl-tmp/UWAmodel_2/datasets/data_splits_depth/train/102_70.tif,/root/autodl-tmp/UWAmodel_2/datasets/data_splits_sds_train/sparse_102_70.npy,1175
/root/autodl-tmp/UWAmodel_2/datasets/data_splits_original/train/102_78.tiff,/root/autodl-tmp/UWAmodel_2/datasets/data_splits_depth/train/102_78.tif,/root/autodl-tmp/UWAmodel_2/datasets/data_splits_sds_train/sparse_102_78.npy,1175
/root/autodl-tmp/UWAmodel_2/datasets/data_splits_original/train/102_115.tiff,/root/autodl-tmp/UWAmodel_2/datasets/data_splits_depth/train/102_115.tif,/root/autodl-tmp/UWAmodel_2/datasets/data_splits_sds_train/sparse_102_115.npy,1175
/root/autodl-tmp/UWAmodel_2/datasets/data_splits_original/train/103_35.tiff,/root/autodl-tmp/UWAmodel_2/datasets/data_splits_depth/train/103_35.tif,/root/autodl-tmp/UWAmodel_2/datasets/data_splits_sds_train/sparse_103_35.npy,1175
/root/autodl-tmp/UWAmodel_2/datasets/data_splits_original/train/103_61.tiff,/root/autodl-tmp/UWAmodel_2/datasets/data_splits_depth/train/103_61.tif,/root/autodl-tmp/UWAmodel_2/datasets/data_splits_sds_train/sparse_103_61.npy,1175
/root/autodl-tmp/UWAmodel_2/datasets/data_splits_original/train/103_69.tiff,/root/autodl-tmp/UWAmodel_2/datasets/data_splits_depth/train/103_69.tif,/root/autodl-tmp/UWAmodel_2/datasets/data_splits_sds_train/sparse_103_69.npy,1175
/root/autodl-tmp/UWAmodel_2/datasets/data_splits_original/train/103_109.tiff,/root/autodl-tmp/UWAmodel_2/datasets/data_splits_depth/train/103_109.tif,/root/autodl-tmp/UWAmodel_2/datasets/data_splits_sds_train/sparse_103_109.npy,1175
/root/autodl-tmp/UWAmodel_2/datasets/data_splits_original/train/103_112.tiff,/root/autodl-tmp/UWAmodel_2/datasets/data_splits_depth/train/103_112.tif,/root/autodl-tmp/UWAmodel_2/datasets/data_splits_sds_train/sparse_103_112.npy,1175
/root/autodl-tmp/UWAmodel_2/datasets/data_splits_original/train/106_11.tiff,/root/autodl-tmp/UWAmodel_2/datasets/data_splits_depth/train/106_11.tif,/root/autodl-tmp/UWAmodel_2/datasets/data_splits_sds_train/sparse_106_11.npy,1175
/root/autodl-tmp/UWAmodel_2/datasets/data_splits_original/train/106_20.tiff,/root/autodl-tmp/UWAmodel_2/datasets/data_splits_depth/train/106_20.tif,/root/autodl-tmp/UWAmodel_2/datasets/data_splits_sds_train/sparse_106_20.npy,1175
/root/autodl-tmp/UWAmodel_2/datasets/data_splits_original/train/106_56.tiff,/root/autodl-tmp/UWAmodel_2/datasets/data_splits_depth/train/106_56.tif,/root/autodl-tmp/UWAmodel_2/datasets/data_splits_sds_train/sparse_106_56.npy,1175
/root/autodl-tmp/UWAmodel_2/datasets/data_splits_original/train/106_90.tiff,/root/autodl-tmp/UWAmodel_2/datasets/data_splits_depth/train/106_90.tif,/root/autodl-tmp/UWAmodel_2/datasets/data_splits_sds_train/sparse_106_90.npy,1175
/root/autodl-tmp/UWAmodel_2/datasets/data_splits_original/train/106_99.tiff,/root/autodl-tmp/UWAmodel_2/datasets/data_splits_depth/train/106_99.tif,/root/autodl-tmp/UWAmodel_2/datasets/data_splits_sds_train/sparse_106_99.npy,1175
/root/autodl-tmp/UWAmodel_2/datasets/data_splits_original/train/108_29.tiff,/root/autodl-tmp/UWAmodel_2/datasets/data_splits_depth/train/108_29.tif,/root/autodl-tmp/UWAmodel_2/datasets/data_splits_sds_train/sparse_108_29.npy,1175
/root/autodl-tmp/UWAmodel_2/datasets/data_splits_original/train/108_46.tiff,/root/autodl-tmp/UWAmodel_2/datasets/data_splits_depth/train/108_46.tif,/root/autodl-tmp/UWAmodel_2/datasets/data_splits_sds_train/sparse_108_46.npy,1175
/root/autodl-tmp/UWAmodel_2/datasets/data_splits_original/train/108_71.tiff,/root/autodl-tmp/UWAmodel_2/datasets/data_splits_depth/train/108_71.tif,/root/autodl-tmp/UWAmodel_2/datasets/data_splits_sds_train/sparse_108_71.npy,1175
/root/autodl-tmp/UWAmodel_2/datasets/data_splits_original/train/108_78.tiff,/root/autodl-tmp/UWAmodel_2/datasets/data_splits_depth/train/108_78.tif,/root/autodl-tmp/UWAmodel_2/datasets/data_splits_sds_train/sparse_108_78.npy,1175
/root/autodl-tmp/UWAmodel_2/datasets/data_splits_original/train/108_116.tiff,/root/autodl-tmp/UWAmodel_2/datasets/data_splits_depth/train/108_116.tif,/root/autodl-tmp/UWAmodel_2/datasets/data_splits_sds_train/sparse_108_116.npy,1175
/root/autodl-tmp/UWAmodel_2/datasets/data_splits_original/train/110_20.tiff,/root/autodl-tmp/UWAmodel_2/datasets/data_splits_depth/train/110_20.tif,/root/autodl-tmp/UWAmodel_2/datasets/data_splits_sds_train/sparse_110_20.npy,1175
/root/autodl-tmp/UWAmodel_2/datasets/data_splits_original/train/110_38.tiff,/root/autodl-tmp/UWAmodel_2/datasets/data_splits_depth/train/110_38.tif,/root/autodl-tmp/UWAmodel_2/datasets/data_splits_sds_train/sparse_110_38.npy,1175
/root/autodl-tmp/UWAmodel_2/datasets/data_splits_original/train/110_46.tiff,/root/autodl-tmp/UWAmodel_2/datasets/data_splits_depth/train/110_46.tif,/root/autodl-tmp/UWAmodel_2/datasets/data_splits_sds_train/sparse_110_46.npy,1175
/root/autodl-tmp/UWAmodel_2/datasets/data_splits_original/train/110_52.tiff,/root/autodl-tmp/UWAmodel_2/datasets/data_splits_depth/train/110_52.tif,/root/autodl-tmp/UWAmodel_2/datasets/data_splits_sds_train/sparse_110_52.npy,1175
/root/autodl-tmp/UWAmodel_2/datasets/data_splits_original/train/110_55.tiff,/root/autodl-tmp/UWAmodel_2/datasets/data_splits_depth/train/110_55.tif,/root/autodl-tmp/UWAmodel_2/datasets/data_splits_sds_train/sparse_110_55.npy,1175
/root/autodl-tmp/UWAmodel_2/datasets/data_splits_original/train/111_33.tiff,/root/autodl-tmp/UWAmodel_2/datasets/data_splits_depth/train/111_33.tif,/root/autodl-tmp/UWAmodel_2/datasets/data_splits_sds_train/sparse_111_33.npy,1175
/root/autodl-tmp/UWAmodel_2/datasets/data_splits_original/train/111_60.tiff,/root/autodl-tmp/UWAmodel_2/datasets/data_splits_depth/train/111_60.tif,/root/autodl-tmp/UWAmodel_2/datasets/data_splits_sds_train/sparse_111_60.npy,1175
/root/autodl-tmp/UWAmodel_2/datasets/data_splits_original/train/111_88.tiff,/root/autodl-tmp/UWAmodel_2/datasets/data_splits_depth/train/111_88.tif,/root/autodl-tmp/UWAmodel_2/datasets/data_splits_sds_train/sparse_111_88.npy,1175
/root/autodl-tmp/UWAmodel_2/datasets/data_splits_original/train/111_100.tiff,/root/autodl-tmp/UWAmodel_2/datasets/data_splits_depth/train/111_100.tif,/root/autodl-tmp/UWAmodel_2/datasets/data_splits_sds_train/sparse_111_100.npy,1175
/root/autodl-tmp/UWAmodel_2/datasets/data_splits_original/train/111_111.tiff,/root/autodl-tmp/UWAmodel_2/datasets/data_splits_depth/train/111_111.tif,/root/autodl-tmp/UWAmodel_2/datasets/data_splits_sds_train/sparse_111_111.npy,1175
/root/autodl-tmp/UWAmodel_2/datasets/data_splits_original/train/112_6.tiff,/root/autodl-tmp/UWAmodel_2/datasets/data_splits_depth/train/112_6.tif,/root/autodl-tmp/UWAmodel_2/datasets/data_splits_sds_train/sparse_112_6.npy,1175
/root/autodl-tmp/UWAmodel_2/datasets/data_splits_original/train/112_13.tiff,/root/autodl-tmp/UWAmodel_2/datasets/data_splits_depth/train/112_13.tif,/root/autodl-tmp/UWAmodel_2/datasets/data_splits_sds_train/sparse_112_13.npy,1175
/root/autodl-tmp/UWAmodel_2/datasets/data_splits_original/train/112_14.tiff,/root/autodl-tmp/UWAmodel_2/datasets/data_splits_depth/train/112_14.tif,/root/autodl-tmp/UWAmodel_2/datasets/data_splits_sds_train/sparse_112_14.npy,1175
/root/autodl-tmp/UWAmodel_2/datasets/data_splits_original/train/112_18.tiff,/root/autodl-tmp/UWAmodel_2/datasets/data_splits_depth/train/112_18.tif,/root/autodl-tmp/UWAmodel_2/datasets/data_splits_sds_train/sparse_112_18.npy,1175
/root/autodl-tmp/UWAmodel_2/datasets/data_splits_original/train/112_41.tiff,/root/autodl-tmp/UWAmodel_2/datasets/data_splits_depth/train/112_41.tif,/root/autodl-tmp/UWAmodel_2/datasets/data_splits_sds_train/sparse_112_41.npy,1175
/root/autodl-tmp/UWAmodel_2/datasets/data_splits_original/train/113_47.tiff,/root/autodl-tmp/UWAmodel_2/datasets/data_splits_depth/train/113_47.tif,/root/autodl-tmp/UWAmodel_2/datasets/data_splits_sds_train/sparse_113_47.npy,1175
/root/autodl-tmp/UWAmodel_2/datasets/data_splits_original/train/113_53.tiff,/root/autodl-tmp/UWAmodel_2/datasets/data_splits_depth/train/113_53.tif,/root/autodl-tmp/UWAmodel_2/datasets/data_splits_sds_train/sparse_113_53.npy,1175
/root/autodl-tmp/UWAmodel_2/datasets/data_splits_original/train/113_96.tiff,/root/autodl-tmp/UWAmodel_2/datasets/data_splits_depth/train/113_96.tif,/root/autodl-tmp/UWAmodel_2/datasets/data_splits_sds_train/sparse_113_96.npy,1175
/root/autodl-tmp/UWAmodel_2/datasets/data_splits_original/train/113_100.tiff,/root/autodl-tmp/UWAmodel_2/datasets/data_splits_depth/train/113_100.tif,/root/autodl-tmp/UWAmodel_2/datasets/data_splits_sds_train/sparse_113_100.npy,1175
/root/autodl-tmp/UWAmodel_2/datasets/data_splits_original/train/113_116.tiff,/root/autodl-tmp/UWAmodel_2/datasets/data_splits_depth/train/113_116.tif,/root/autodl-tmp/UWAmodel_2/datasets/data_splits_sds_train/sparse_113_116.npy,1175
/root/autodl-tmp/UWAmodel_2/datasets/data_splits_original/train/114_15.tiff,/root/autodl-tmp/UWAmodel_2/datasets/data_splits_depth/train/114_15.tif,/root/autodl-tmp/UWAmodel_2/datasets/data_splits_sds_train/sparse_114_15.npy,1175
/root/autodl-tmp/UWAmodel_2/datasets/data_splits_original/train/114_24.tiff,/root/autodl-tmp/UWAmodel_2/datasets/data_splits_depth/train/114_24.tif,/root/autodl-tmp/UWAmodel_2/datasets/data_splits_sds_train/sparse_114_24.npy,1175
/root/autodl-tmp/UWAmodel_2/datasets/data_splits_original/train/114_30.tiff,/root/autodl-tmp/UWAmodel_2/datasets/data_splits_depth/train/114_30.tif,/root/autodl-tmp/UWAmodel_2/datasets/data_splits_sds_train/sparse_114_30.npy,1175
/root/autodl-tmp/UWAmodel_2/datasets/data_splits_original/train/114_99.tiff,/root/autodl-tmp/UWAmodel_2/datasets/data_splits_depth/train/114_99.tif,/root/autodl-tmp/UWAmodel_2/datasets/data_splits_sds_train/sparse_114_99.npy,1175
/root/autodl-tmp/UWAmodel_2/datasets/data_splits_original/train/114_108.tiff,/root/autodl-tmp/UWAmodel_2/datasets/data_splits_depth/train/114_108.tif,/root/autodl-tmp/UWAmodel_2/datasets/data_splits_sds_train/sparse_114_108.npy,1175
/root/autodl-tmp/UWAmodel_2/datasets/data_splits_original/train/115_12.tiff,/root/autodl-tmp/UWAmodel_2/datasets/data_splits_depth/train/115_12.tif,/root/autodl-tmp/UWAmodel_2/datasets/data_splits_sds_train/sparse_115_12.npy,1175
/root/autodl-tmp/UWAmodel_2/datasets/data_splits_original/train/115_30.tiff,/root/autodl-tmp/UWAmodel_2/datasets/data_splits_depth/train/115_30.tif,/root/autodl-tmp/UWAmodel_2/datasets/data_splits_sds_train/sparse_115_30.npy,1175
/root/autodl-tmp/UWAmodel_2/datasets/data_splits_original/train/115_32.tiff,/root/autodl-tmp/UWAmodel_2/datasets/data_splits_depth/train/115_32.tif,/root/autodl-tmp/UWAmodel_2/datasets/data_splits_sds_train/sparse_115_32.npy,1175
/root/autodl-tmp/UWAmodel_2/datasets/data_splits_original/train/115_63.tiff,/root/autodl-tmp/UWAmodel_2/datasets/data_splits_depth/train/115_63.tif,/root/autodl-tmp/UWAmodel_2/datasets/data_splits_sds_train/sparse_115_63.npy,1175
/root/autodl-tmp/UWAmodel_2/datasets/data_splits_original/train/115_115.tiff,/root/autodl-tmp/UWAmodel_2/datasets/data_splits_depth/train/115_115.tif,/root/autodl-tmp/UWAmodel_2/datasets/data_splits_sds_train/sparse_115_115.npy,1175
/root/autodl-tmp/UWAmodel_2/datasets/data_splits_original/train/116_15.tiff,/root/autodl-tmp/UWAmodel_2/datasets/data_splits_depth/train/116_15.tif,/root/autodl-tmp/UWAmodel_2/datasets/data_splits_sds_train/sparse_116_15.npy,1175
/root/autodl-tmp/UWAmodel_2/datasets/data_splits_original/train/116_25.tiff,/root/autodl-tmp/UWAmodel_2/datasets/data_splits_depth/train/116_25.tif,/root/autodl-tmp/UWAmodel_2/datasets/data_splits_sds_train/sparse_116_25.npy,1175
/root/autodl-tmp/UWAmodel_2/datasets/data_splits_original/train/116_85.tiff,/root/autodl-tmp/UWAmodel_2/datasets/data_splits_depth/train/116_85.tif,/root/autodl-tmp/UWAmodel_2/datasets/data_splits_sds_train/sparse_116_85.npy,1175
/root/autodl-tmp/UWAmodel_2/datasets/data_splits_original/train/116_103.tiff,/root/autodl-tmp/UWAmodel_2/datasets/data_splits_depth/train/116_103.tif,/root/autodl-tmp/UWAmodel_2/datasets/data_splits_sds_train/sparse_116_103.npy,1175
/root/autodl-tmp/UWAmodel_2/datasets/data_splits_original/train/116_105.tiff,/root/autodl-tmp/UWAmodel_2/datasets/data_splits_depth/train/116_105.tif,/root/autodl-tmp/UWAmodel_2/datasets/data_splits_sds_train/sparse_116_105.npy,1175
/root/autodl-tmp/UWAmodel_2/datasets/data_splits_original/train/117_15.tiff,/root/autodl-tmp/UWAmodel_2/datasets/data_splits_depth/train/117_15.tif,/root/autodl-tmp/UWAmodel_2/datasets/data_splits_sds_train/sparse_117_15.npy,1175
/root/autodl-tmp/UWAmodel_2/datasets/data_splits_original/train/117_42.tiff,/root/autodl-tmp/UWAmodel_2/datasets/data_splits_depth/train/117_42.tif,/root/autodl-tmp/UWAmodel_2/datasets/data_splits_sds_train/sparse_117_42.npy,1175
/root/autodl-tmp/UWAmodel_2/datasets/data_splits_original/train/117_48.tiff,/root/autodl-tmp/UWAmodel_2/datasets/data_splits_depth/train/117_48.tif,/root/autodl-tmp/UWAmodel_2/datasets/data_splits_sds_train/sparse_117_48.npy,1175
/root/autodl-tmp/UWAmodel_2/datasets/data_splits_original/train/117_57.tiff,/root/autodl-tmp/UWAmodel_2/datasets/data_splits_depth/train/117_57.tif,/root/autodl-tmp/UWAmodel_2/datasets/data_splits_sds_train/sparse_117_57.npy,1175
/root/autodl-tmp/UWAmodel_2/datasets/data_splits_original/train/117_69.tiff,/root/autodl-tmp/UWAmodel_2/datasets/data_splits_depth/train/117_69.tif,/root/autodl-tmp/UWAmodel_2/datasets/data_splits_sds_train/sparse_117_69.npy,1175
/root/autodl-tmp/UWAmodel_2/datasets/data_splits_original/train/118_6.tiff,/root/autodl-tmp/UWAmodel_2/datasets/data_splits_depth/train/118_6.tif,/root/autodl-tmp/UWAmodel_2/datasets/data_splits_sds_train/sparse_118_6.npy,1175
/root/autodl-tmp/UWAmodel_2/datasets/data_splits_original/train/118_51.tiff,/root/autodl-tmp/UWAmodel_2/datasets/data_splits_depth/train/118_51.tif,/root/autodl-tmp/UWAmodel_2/datasets/data_splits_sds_train/sparse_118_51.npy,1175
/root/autodl-tmp/UWAmodel_2/datasets/data_splits_original/train/118_75.tiff,/root/autodl-tmp/UWAmodel_2/datasets/data_splits_depth/train/118_75.tif,/root/autodl-tmp/UWAmodel_2/datasets/data_splits_sds_train/sparse_118_75.npy,1175
/root/autodl-tmp/UWAmodel_2/datasets/data_splits_original/train/118_83.tiff,/root/autodl-tmp/UWAmodel_2/datasets/data_splits_depth/train/118_83.tif,/root/autodl-tmp/UWAmodel_2/datasets/data_splits_sds_train/sparse_118_83.npy,1175
/root/autodl-tmp/UWAmodel_2/datasets/data_splits_original/train/118_86.tiff,/root/autodl-tmp/UWAmodel_2/datasets/data_splits_depth/train/118_86.tif,/root/autodl-tmp/UWAmodel_2/datasets/data_splits_sds_train/sparse_118_86.npy,1175
/root/autodl-tmp/UWAmodel_2/datasets/data_splits_original/train/120_38.tiff,/root/autodl-tmp/UWAmodel_2/datasets/data_splits_depth/train/120_38.tif,/root/autodl-tmp/UWAmodel_2/datasets/data_splits_sds_train/sparse_120_38.npy,1175
/root/autodl-tmp/UWAmodel_2/datasets/data_splits_original/train/120_94.tiff,/root/autodl-tmp/UWAmodel_2/datasets/data_splits_depth/train/120_94.tif,/root/autodl-tmp/UWAmodel_2/datasets/data_splits_sds_train/sparse_120_94.npy,1175
/root/autodl-tmp/UWAmodel_2/datasets/data_splits_original/train/120_105.tiff,/root/autodl-tmp/UWAmodel_2/datasets/data_splits_depth/train/120_105.tif,/root/autodl-tmp/UWAmodel_2/datasets/data_splits_sds_train/sparse_120_105.npy,1175
/root/autodl-tmp/UWAmodel_2/datasets/data_splits_original/train/120_117.tiff,/root/autodl-tmp/UWAmodel_2/datasets/data_splits_depth/train/120_117.tif,/root/autodl-tmp/UWAmodel_2/datasets/data_splits_sds_train/sparse_120_117.npy,1175
/root/autodl-tmp/UWAmodel_2/datasets/data_splits_original/train/120_118.tiff,/root/autodl-tmp/UWAmodel_2/datasets/data_splits_depth/train/120_118.tif,/root/autodl-tmp/UWAmodel_2/datasets/data_splits_sds_train/sparse_120_118.npy,1175
/root/autodl-tmp/UWAmodel_2/datasets/data_splits_original/train/121_15.tiff,/root/autodl-tmp/UWAmodel_2/datasets/data_splits_depth/train/121_15.tif,/root/autodl-tmp/UWAmodel_2/datasets/data_splits_sds_train/sparse_121_15.npy,1175
/root/autodl-tmp/UWAmodel_2/datasets/data_splits_original/train/121_21.tiff,/root/autodl-tmp/UWAmodel_2/datasets/data_splits_depth/train/121_21.tif,/root/autodl-tmp/UWAmodel_2/datasets/data_splits_sds_train/sparse_121_21.npy,1175
/root/autodl-tmp/UWAmodel_2/datasets/data_splits_original/train/121_81.tiff,/root/autodl-tmp/UWAmodel_2/datasets/data_splits_depth/train/121_81.tif,/root/autodl-tmp/UWAmodel_2/datasets/data_splits_sds_train/sparse_121_81.npy,1175
/root/autodl-tmp/UWAmodel_2/datasets/data_splits_original/train/121_87.tiff,/root/autodl-tmp/UWAmodel_2/datasets/data_splits_depth/train/121_87.tif,/root/autodl-tmp/UWAmodel_2/datasets/data_splits_sds_train/sparse_121_87.npy,1175
/root/autodl-tmp/UWAmodel_2/datasets/data_splits_original/train/121_93.tiff,/root/autodl-tmp/UWAmodel_2/datasets/data_splits_depth/train/121_93.tif,/root/autodl-tmp/UWAmodel_2/datasets/data_splits_sds_train/sparse_121_93.npy,1175
/root/autodl-tmp/UWAmodel_2/datasets/data_splits_original/train/122_30.tiff,/root/autodl-tmp/UWAmodel_2/datasets/data_splits_depth/train/122_30.tif,/root/autodl-tmp/UWAmodel_2/datasets/data_splits_sds_train/sparse_122_30.npy,1175
/root/autodl-tmp/UWAmodel_2/datasets/data_splits_original/train/122_34.tiff,/root/autodl-tmp/UWAmodel_2/datasets/data_splits_depth/train/122_34.tif,/root/autodl-tmp/UWAmodel_2/datasets/data_splits_sds_train/sparse_122_34.npy,1175
/root/autodl-tmp/UWAmodel_2/datasets/data_splits_original/train/122_49.tiff,/root/autodl-tmp/UWAmodel_2/datasets/data_splits_depth/train/122_49.tif,/root/autodl-tmp/UWAmodel_2/datasets/data_splits_sds_train/sparse_122_49.npy,1175
/root/autodl-tmp/UWAmodel_2/datasets/data_splits_original/train/122_64.tiff,/root/autodl-tmp/UWAmodel_2/datasets/data_splits_depth/train/122_64.tif,/root/autodl-tmp/UWAmodel_2/datasets/data_splits_sds_train/sparse_122_64.npy,1175
/root/autodl-tmp/UWAmodel_2/datasets/data_splits_original/train/122_73.tiff,/root/autodl-tmp/UWAmodel_2/datasets/data_splits_depth/train/122_73.tif,/root/autodl-tmp/UWAmodel_2/datasets/data_splits_sds_train/sparse_122_73.npy,1175
/root/autodl-tmp/UWAmodel_2/datasets/data_splits_original/train/123_29.tiff,/root/autodl-tmp/UWAmodel_2/datasets/data_splits_depth/train/123_29.tif,/root/autodl-tmp/UWAmodel_2/datasets/data_splits_sds_train/sparse_123_29.npy,1175
/root/autodl-tmp/UWAmodel_2/datasets/data_splits_original/train/123_35.tiff,/root/autodl-tmp/UWAmodel_2/datasets/data_splits_depth/train/123_35.tif,/root/autodl-tmp/UWAmodel_2/datasets/data_splits_sds_train/sparse_123_35.npy,1175
/root/autodl-tmp/UWAmodel_2/datasets/data_splits_original/train/123_80.tiff,/root/autodl-tmp/UWAmodel_2/datasets/data_splits_depth/train/123_80.tif,/root/autodl-tmp/UWAmodel_2/datasets/data_splits_sds_train/sparse_123_80.npy,1175
/root/autodl-tmp/UWAmodel_2/datasets/data_splits_original/train/123_118.tiff,/root/autodl-tmp/UWAmodel_2/datasets/data_splits_depth/train/123_118.tif,/root/autodl-tmp/UWAmodel_2/datasets/data_splits_sds_train/sparse_123_118.npy,1175
/root/autodl-tmp/UWAmodel_2/datasets/data_splits_original/train/123_119.tiff,/root/autodl-tmp/UWAmodel_2/datasets/data_splits_depth/train/123_119.tif,/root/autodl-tmp/UWAmodel_2/datasets/data_splits_sds_train/sparse_123_119.npy,1175
/root/autodl-tmp/UWAmodel_2/datasets/data_splits_original/train/124_5.tiff,/root/autodl-tmp/UWAmodel_2/datasets/data_splits_depth/train/124_5.tif,/root/autodl-tmp/UWAmodel_2/datasets/data_splits_sds_train/sparse_124_5.npy,1175
/root/autodl-tmp/UWAmodel_2/datasets/data_splits_original/train/124_21.tiff,/root/autodl-tmp/UWAmodel_2/datasets/data_splits_depth/train/124_21.tif,/root/autodl-tmp/UWAmodel_2/datasets/data_splits_sds_train/sparse_124_21.npy,1175
/root/autodl-tmp/UWAmodel_2/datasets/data_splits_original/train/124_40.tiff,/root/autodl-tmp/UWAmodel_2/datasets/data_splits_depth/train/124_40.tif,/root/autodl-tmp/UWAmodel_2/datasets/data_splits_sds_train/sparse_124_40.npy,1175
/root/autodl-tmp/UWAmodel_2/datasets/data_splits_original/train/124_45.tiff,/root/autodl-tmp/UWAmodel_2/datasets/data_splits_depth/train/124_45.tif,/root/autodl-tmp/UWAmodel_2/datasets/data_splits_sds_train/sparse_124_45.npy,1175
/root/autodl-tmp/UWAmodel_2/datasets/data_splits_original/train/124_67.tiff,/root/autodl-tmp/UWAmodel_2/datasets/data_splits_depth/train/124_67.tif,/root/autodl-tmp/UWAmodel_2/datasets/data_splits_sds_train/sparse_124_67.npy,1175
/root/autodl-tmp/UWAmodel_2/datasets/data_splits_original/train/125_30.tiff,/root/autodl-tmp/UWAmodel_2/datasets/data_splits_depth/train/125_30.tif,/root/autodl-tmp/UWAmodel_2/datasets/data_splits_sds_train/sparse_125_30.npy,1175
/root/autodl-tmp/UWAmodel_2/datasets/data_splits_original/train/125_48.tiff,/root/autodl-tmp/UWAmodel_2/datasets/data_splits_depth/train/125_48.tif,/root/autodl-tmp/UWAmodel_2/datasets/data_splits_sds_train/sparse_125_48.npy,1175
/root/autodl-tmp/UWAmodel_2/datasets/data_splits_original/train/125_60.tiff,/root/autodl-tmp/UWAmodel_2/datasets/data_splits_depth/train/125_60.tif,/root/autodl-tmp/UWAmodel_2/datasets/data_splits_sds_train/sparse_125_60.npy,1175
/root/autodl-tmp/UWAmodel_2/datasets/data_splits_original/train/125_70.tiff,/root/autodl-tmp/UWAmodel_2/datasets/data_splits_depth/train/125_70.tif,/root/autodl-tmp/UWAmodel_2/datasets/data_splits_sds_train/sparse_125_70.npy,1175
/root/autodl-tmp/UWAmodel_2/datasets/data_splits_original/train/125_100.tiff,/root/autodl-tmp/UWAmodel_2/datasets/data_splits_depth/train/125_100.tif,/root/autodl-tmp/UWAmodel_2/datasets/data_splits_sds_train/sparse_125_100.npy,1175
/root/autodl-tmp/UWAmodel_2/datasets/data_splits_original/train/126_26.tiff,/root/autodl-tmp/UWAmodel_2/datasets/data_splits_depth/train/126_26.tif,/root/autodl-tmp/UWAmodel_2/datasets/data_splits_sds_train/sparse_126_26.npy,1175
/root/autodl-tmp/UWAmodel_2/datasets/data_splits_original/train/126_76.tiff,/root/autodl-tmp/UWAmodel_2/datasets/data_splits_depth/train/126_76.tif,/root/autodl-tmp/UWAmodel_2/datasets/data_splits_sds_train/sparse_126_76.npy,1175
/root/autodl-tmp/UWAmodel_2/datasets/data_splits_original/train/126_93.tiff,/root/autodl-tmp/UWAmodel_2/datasets/data_splits_depth/train/126_93.tif,/root/autodl-tmp/UWAmodel_2/datasets/data_splits_sds_train/sparse_126_93.npy,1175
/root/autodl-tmp/UWAmodel_2/datasets/data_splits_original/train/126_96.tiff,/root/autodl-tmp/UWAmodel_2/datasets/data_splits_depth/train/126_96.tif,/root/autodl-tmp/UWAmodel_2/datasets/data_splits_sds_train/sparse_126_96.npy,1175
/root/autodl-tmp/UWAmodel_2/datasets/data_splits_original/train/126_120.tiff,/root/autodl-tmp/UWAmodel_2/datasets/data_splits_depth/train/126_120.tif,/root/autodl-tmp/UWAmodel_2/datasets/data_splits_sds_train/sparse_126_120.npy,1175
/root/autodl-tmp/UWAmodel_2/datasets/data_splits_original/train/127_22.tiff,/root/autodl-tmp/UWAmodel_2/datasets/data_splits_depth/train/127_22.tif,/root/autodl-tmp/UWAmodel_2/datasets/data_splits_sds_train/sparse_127_22.npy,1175
/root/autodl-tmp/UWAmodel_2/datasets/data_splits_original/train/127_34.tiff,/root/autodl-tmp/UWAmodel_2/datasets/data_splits_depth/train/127_34.tif,/root/autodl-tmp/UWAmodel_2/datasets/data_splits_sds_train/sparse_127_34.npy,1175
/root/autodl-tmp/UWAmodel_2/datasets/data_splits_original/train/127_60.tiff,/root/autodl-tmp/UWAmodel_2/datasets/data_splits_depth/train/127_60.tif,/root/autodl-tmp/UWAmodel_2/datasets/data_splits_sds_train/sparse_127_60.npy,1175
/root/autodl-tmp/UWAmodel_2/datasets/data_splits_original/train/127_79.tiff,/root/autodl-tmp/UWAmodel_2/datasets/data_splits_depth/train/127_79.tif,/root/autodl-tmp/UWAmodel_2/datasets/data_splits_sds_train/sparse_127_79.npy,1175
/root/autodl-tmp/UWAmodel_2/datasets/data_splits_original/train/127_95.tiff,/root/autodl-tmp/UWAmodel_2/datasets/data_splits_depth/train/127_95.tif,/root/autodl-tmp/UWAmodel_2/datasets/data_splits_sds_train/sparse_127_95.npy,1175
/root/autodl-tmp/UWAmodel_2/datasets/data_splits_original/train/128_12.tiff,/root/autodl-tmp/UWAmodel_2/datasets/data_splits_depth/train/128_12.tif,/root/autodl-tmp/UWAmodel_2/datasets/data_splits_sds_train/sparse_128_12.npy,1175
/root/autodl-tmp/UWAmodel_2/datasets/data_splits_original/train/128_19.tiff,/root/autodl-tmp/UWAmodel_2/datasets/data_splits_depth/train/128_19.tif,/root/autodl-tmp/UWAmodel_2/datasets/data_splits_sds_train/sparse_128_19.npy,1175
/root/autodl-tmp/UWAmodel_2/datasets/data_splits_original/train/128_30.tiff,/root/autodl-tmp/UWAmodel_2/datasets/data_splits_depth/train/128_30.tif,/root/autodl-tmp/UWAmodel_2/datasets/data_splits_sds_train/sparse_128_30.npy,1175
/root/autodl-tmp/UWAmodel_2/datasets/data_splits_original/train/128_36.tiff,/root/autodl-tmp/UWAmodel_2/datasets/data_splits_depth/train/128_36.tif,/root/autodl-tmp/UWAmodel_2/datasets/data_splits_sds_train/sparse_128_36.npy,1175
/root/autodl-tmp/UWAmodel_2/datasets/data_splits_original/train/128_41.tiff,/root/autodl-tmp/UWAmodel_2/datasets/data_splits_depth/train/128_41.tif,/root/autodl-tmp/UWAmodel_2/datasets/data_splits_sds_train/sparse_128_41.npy,1175
/root/autodl-tmp/UWAmodel_2/datasets/data_splits_original/train/130_22.tiff,/root/autodl-tmp/UWAmodel_2/datasets/data_splits_depth/train/130_22.tif,/root/autodl-tmp/UWAmodel_2/datasets/data_splits_sds_train/sparse_130_22.npy,1175
/root/autodl-tmp/UWAmodel_2/datasets/data_splits_original/train/130_25.tiff,/root/autodl-tmp/UWAmodel_2/datasets/data_splits_depth/train/130_25.tif,/root/autodl-tmp/UWAmodel_2/datasets/data_splits_sds_train/sparse_130_25.npy,1175
/root/autodl-tmp/UWAmodel_2/datasets/data_splits_original/train/130_38.tiff,/root/autodl-tmp/UWAmodel_2/datasets/data_splits_depth/train/130_38.tif,/root/autodl-tmp/UWAmodel_2/datasets/data_splits_sds_train/sparse_130_38.npy,1175
/root/autodl-tmp/UWAmodel_2/datasets/data_splits_original/train/130_56.tiff,/root/autodl-tmp/UWAmodel_2/datasets/data_splits_depth/train/130_56.tif,/root/autodl-tmp/UWAmodel_2/datasets/data_splits_sds_train/sparse_130_56.npy,1175
/root/autodl-tmp/UWAmodel_2/datasets/data_splits_original/train/130_104.tiff,/root/autodl-tmp/UWAmodel_2/datasets/data_splits_depth/train/130_104.tif,/root/autodl-tmp/UWAmodel_2/datasets/data_splits_sds_train/sparse_130_104.npy,1175
/root/autodl-tmp/UWAmodel_2/datasets/data_splits_original/train/132_10.tiff,/root/autodl-tmp/UWAmodel_2/datasets/data_splits_depth/train/132_10.tif,/root/autodl-tmp/UWAmodel_2/datasets/data_splits_sds_train/sparse_132_10.npy,1175
/root/autodl-tmp/UWAmodel_2/datasets/data_splits_original/train/132_17.tiff,/root/autodl-tmp/UWAmodel_2/datasets/data_splits_depth/train/132_17.tif,/root/autodl-tmp/UWAmodel_2/datasets/data_splits_sds_train/sparse_132_17.npy,1175
/root/autodl-tmp/UWAmodel_2/datasets/data_splits_original/train/132_33.tiff,/root/autodl-tmp/UWAmodel_2/datasets/data_splits_depth/train/132_33.tif,/root/autodl-tmp/UWAmodel_2/datasets/data_splits_sds_train/sparse_132_33.npy,1175
/root/autodl-tmp/UWAmodel_2/datasets/data_splits_original/train/132_66.tiff,/root/autodl-tmp/UWAmodel_2/datasets/data_splits_depth/train/132_66.tif,/root/autodl-tmp/UWAmodel_2/datasets/data_splits_sds_train/sparse_132_66.npy,1175
/root/autodl-tmp/UWAmodel_2/datasets/data_splits_original/train/132_109.tiff,/root/autodl-tmp/UWAmodel_2/datasets/data_splits_depth/train/132_109.tif,/root/autodl-tmp/UWAmodel_2/datasets/data_splits_sds_train/sparse_132_109.npy,1175
/root/autodl-tmp/UWAmodel_2/datasets/data_splits_original/train/133_9.tiff,/root/autodl-tmp/UWAmodel_2/datasets/data_splits_depth/train/133_9.tif,/root/autodl-tmp/UWAmodel_2/datasets/data_splits_sds_train/sparse_133_9.npy,1175
/root/autodl-tmp/UWAmodel_2/datasets/data_splits_original/train/133_31.tiff,/root/autodl-tmp/UWAmodel_2/datasets/data_splits_depth/train/133_31.tif,/root/autodl-tmp/UWAmodel_2/datasets/data_splits_sds_train/sparse_133_31.npy,1175
/root/autodl-tmp/UWAmodel_2/datasets/data_splits_original/train/133_50.tiff,/root/autodl-tmp/UWAmodel_2/datasets/data_splits_depth/train/133_50.tif,/root/autodl-tmp/UWAmodel_2/datasets/data_splits_sds_train/sparse_133_50.npy,1175
/root/autodl-tmp/UWAmodel_2/datasets/data_splits_original/train/133_51.tiff,/root/autodl-tmp/UWAmodel_2/datasets/data_splits_depth/train/133_51.tif,/root/autodl-tmp/UWAmodel_2/datasets/data_splits_sds_train/sparse_133_51.npy,1175
/root/autodl-tmp/UWAmodel_2/datasets/data_splits_original/train/133_67.tiff,/root/autodl-tmp/UWAmodel_2/datasets/data_splits_depth/train/133_67.tif,/root/autodl-tmp/UWAmodel_2/datasets/data_splits_sds_train/sparse_133_67.npy,1175
/root/autodl-tmp/UWAmodel_2/datasets/data_splits_original/train/134_49.tiff,/root/autodl-tmp/UWAmodel_2/datasets/data_splits_depth/train/134_49.tif,/root/autodl-tmp/UWAmodel_2/datasets/data_splits_sds_train/sparse_134_49.npy,1175
/root/autodl-tmp/UWAmodel_2/datasets/data_splits_original/train/134_59.tiff,/root/autodl-tmp/UWAmodel_2/datasets/data_splits_depth/train/134_59.tif,/root/autodl-tmp/UWAmodel_2/datasets/data_splits_sds_train/sparse_134_59.npy,1175
/root/autodl-tmp/UWAmodel_2/datasets/data_splits_original/train/134_67.tiff,/root/autodl-tmp/UWAmodel_2/datasets/data_splits_depth/train/134_67.tif,/root/autodl-tmp/UWAmodel_2/datasets/data_splits_sds_train/sparse_134_67.npy,1175
/root/autodl-tmp/UWAmodel_2/datasets/data_splits_original/train/134_72.tiff,/root/autodl-tmp/UWAmodel_2/datasets/data_splits_depth/train/134_72.tif,/root/autodl-tmp/UWAmodel_2/datasets/data_splits_sds_train/sparse_134_72.npy,1175
/root/autodl-tmp/UWAmodel_2/datasets/data_splits_original/train/134_105.tiff,/root/autodl-tmp/UWAmodel_2/datasets/data_splits_depth/train/134_105.tif,/root/autodl-tmp/UWAmodel_2/datasets/data_splits_sds_train/sparse_134_105.npy,1175
/root/autodl-tmp/UWAmodel_2/datasets/data_splits_original/train/135_4.tiff,/root/autodl-tmp/UWAmodel_2/datasets/data_splits_depth/train/135_4.tif,/root/autodl-tmp/UWAmodel_2/datasets/data_splits_sds_train/sparse_135_4.npy,1175
/root/autodl-tmp/UWAmodel_2/datasets/data_splits_original/train/135_20.tiff,/root/autodl-tmp/UWAmodel_2/datasets/data_splits_depth/train/135_20.tif,/root/autodl-tmp/UWAmodel_2/datasets/data_splits_sds_train/sparse_135_20.npy,1175
/root/autodl-tmp/UWAmodel_2/datasets/data_splits_original/train/135_22.tiff,/root/autodl-tmp/UWAmodel_2/datasets/data_splits_depth/train/135_22.tif,/root/autodl-tmp/UWAmodel_2/datasets/data_splits_sds_train/sparse_135_22.npy,1175
/root/autodl-tmp/UWAmodel_2/datasets/data_splits_original/train/135_25.tiff,/root/autodl-tmp/UWAmodel_2/datasets/data_splits_depth/train/135_25.tif,/root/autodl-tmp/UWAmodel_2/datasets/data_splits_sds_train/sparse_135_25.npy,1175
/root/autodl-tmp/UWAmodel_2/datasets/data_splits_original/train/135_26.tiff,/root/autodl-tmp/UWAmodel_2/datasets/data_splits_depth/train/135_26.tif,/root/autodl-tmp/UWAmodel_2/datasets/data_splits_sds_train/sparse_135_26.npy,1175
/root/autodl-tmp/UWAmodel_2/datasets/data_splits_original/train/136_7.tiff,/root/autodl-tmp/UWAmodel_2/datasets/data_splits_depth/train/136_7.tif,/root/autodl-tmp/UWAmodel_2/datasets/data_splits_sds_train/sparse_136_7.npy,1175
/root/autodl-tmp/UWAmodel_2/datasets/data_splits_original/train/136_9.tiff,/root/autodl-tmp/UWAmodel_2/datasets/data_splits_depth/train/136_9.tif,/root/autodl-tmp/UWAmodel_2/datasets/data_splits_sds_train/sparse_136_9.npy,1175
/root/autodl-tmp/UWAmodel_2/datasets/data_splits_original/train/136_46.tiff,/root/autodl-tmp/UWAmodel_2/datasets/data_splits_depth/train/136_46.tif,/root/autodl-tmp/UWAmodel_2/datasets/data_splits_sds_train/sparse_136_46.npy,1175
/root/autodl-tmp/UWAmodel_2/datasets/data_splits_original/train/136_105.tiff,/root/autodl-tmp/UWAmodel_2/datasets/data_splits_depth/train/136_105.tif,/root/autodl-tmp/UWAmodel_2/datasets/data_splits_sds_train/sparse_136_105.npy,1175
/root/autodl-tmp/UWAmodel_2/datasets/data_splits_original/train/136_119.tiff,/root/autodl-tmp/UWAmodel_2/datasets/data_splits_depth/train/136_119.tif,/root/autodl-tmp/UWAmodel_2/datasets/data_splits_sds_train/sparse_136_119.npy,1175
/root/autodl-tmp/UWAmodel_2/datasets/data_splits_original/train/137_19.tiff,/root/autodl-tmp/UWAmodel_2/datasets/data_splits_depth/train/137_19.tif,/root/autodl-tmp/UWAmodel_2/datasets/data_splits_sds_train/sparse_137_19.npy,1175
/root/autodl-tmp/UWAmodel_2/datasets/data_splits_original/train/137_97.tiff,/root/autodl-tmp/UWAmodel_2/datasets/data_splits_depth/train/137_97.tif,/root/autodl-tmp/UWAmodel_2/datasets/data_splits_sds_train/sparse_137_97.npy,1175
/root/autodl-tmp/UWAmodel_2/datasets/data_splits_original/train/137_103.tiff,/root/autodl-tmp/UWAmodel_2/datasets/data_splits_depth/train/137_103.tif,/root/autodl-tmp/UWAmodel_2/datasets/data_splits_sds_train/sparse_137_103.npy,1175
/root/autodl-tmp/UWAmodel_2/datasets/data_splits_original/train/137_114.tiff,/root/autodl-tmp/UWAmodel_2/datasets/data_splits_depth/train/137_114.tif,/root/autodl-tmp/UWAmodel_2/datasets/data_splits_sds_train/sparse_137_114.npy,1175
/root/autodl-tmp/UWAmodel_2/datasets/data_splits_original/train/137_118.tiff,/root/autodl-tmp/UWAmodel_2/datasets/data_splits_depth/train/137_118.tif,/root/autodl-tmp/UWAmodel_2/datasets/data_splits_sds_train/sparse_137_118.npy,1175
/root/autodl-tmp/UWAmodel_2/datasets/data_splits_original/train/138_7.tiff,/root/autodl-tmp/UWAmodel_2/datasets/data_splits_depth/train/138_7.tif,/root/autodl-tmp/UWAmodel_2/datasets/data_splits_sds_train/sparse_138_7.npy,1175
/root/autodl-tmp/UWAmodel_2/datasets/data_splits_original/train/138_35.tiff,/root/autodl-tmp/UWAmodel_2/datasets/data_splits_depth/train/138_35.tif,/root/autodl-tmp/UWAmodel_2/datasets/data_splits_sds_train/sparse_138_35.npy,1175
/root/autodl-tmp/UWAmodel_2/datasets/data_splits_original/train/138_82.tiff,/root/autodl-tmp/UWAmodel_2/datasets/data_splits_depth/train/138_82.tif,/root/autodl-tmp/UWAmodel_2/datasets/data_splits_sds_train/sparse_138_82.npy,1175
/root/autodl-tmp/UWAmodel_2/datasets/data_splits_original/train/138_95.tiff,/root/autodl-tmp/UWAmodel_2/datasets/data_splits_depth/train/138_95.tif,/root/autodl-tmp/UWAmodel_2/datasets/data_splits_sds_train/sparse_138_95.npy,1175
/root/autodl-tmp/UWAmodel_2/datasets/data_splits_original/train/138_103.tiff,/root/autodl-tmp/UWAmodel_2/datasets/data_splits_depth/train/138_103.tif,/root/autodl-tmp/UWAmodel_2/datasets/data_splits_sds_train/sparse_138_103.npy,1175
/root/autodl-tmp/UWAmodel_2/datasets/data_splits_original/train/139_27.tiff,/root/autodl-tmp/UWAmodel_2/datasets/data_splits_depth/train/139_27.tif,/root/autodl-tmp/UWAmodel_2/datasets/data_splits_sds_train/sparse_139_27.npy,1175
/root/autodl-tmp/UWAmodel_2/datasets/data_splits_original/train/139_76.tiff,/root/autodl-tmp/UWAmodel_2/datasets/data_splits_depth/train/139_76.tif,/root/autodl-tmp/UWAmodel_2/datasets/data_splits_sds_train/sparse_139_76.npy,1175
/root/autodl-tmp/UWAmodel_2/datasets/data_splits_original/train/139_77.tiff,/root/autodl-tmp/UWAmodel_2/datasets/data_splits_depth/train/139_77.tif,/root/autodl-tmp/UWAmodel_2/datasets/data_splits_sds_train/sparse_139_77.npy,1175
/root/autodl-tmp/UWAmodel_2/datasets/data_splits_original/train/139_103.tiff,/root/autodl-tmp/UWAmodel_2/datasets/data_splits_depth/train/139_103.tif,/root/autodl-tmp/UWAmodel_2/datasets/data_splits_sds_train/sparse_139_103.npy,1175
/root/autodl-tmp/UWAmodel_2/datasets/data_splits_original/train/139_113.tiff,/root/autodl-tmp/UWAmodel_2/datasets/data_splits_depth/train/139_113.tif,/root/autodl-tmp/UWAmodel_2/datasets/data_splits_sds_train/sparse_139_113.npy,1175
/root/autodl-tmp/UWAmodel_2/datasets/data_splits_original/train/141_5.tiff,/root/autodl-tmp/UWAmodel_2/datasets/data_splits_depth/train/141_5.tif,/root/autodl-tmp/UWAmodel_2/datasets/data_splits_sds_train/sparse_141_5.npy,1175
/root/autodl-tmp/UWAmodel_2/datasets/data_splits_original/train/141_30.tiff,/root/autodl-tmp/UWAmodel_2/datasets/data_splits_depth/train/141_30.tif,/root/autodl-tmp/UWAmodel_2/datasets/data_splits_sds_train/sparse_141_30.npy,1175
/root/autodl-tmp/UWAmodel_2/datasets/data_splits_original/train/141_38.tiff,/root/autodl-tmp/UWAmodel_2/datasets/data_splits_depth/train/141_38.tif,/root/autodl-tmp/UWAmodel_2/datasets/data_splits_sds_train/sparse_141_38.npy,1175
/root/autodl-tmp/UWAmodel_2/datasets/data_splits_original/train/141_88.tiff,/root/autodl-tmp/UWAmodel_2/datasets/data_splits_depth/train/141_88.tif,/root/autodl-tmp/UWAmodel_2/datasets/data_splits_sds_train/sparse_141_88.npy,1175
/root/autodl-tmp/UWAmodel_2/datasets/data_splits_original/train/141_90.tiff,/root/autodl-tmp/UWAmodel_2/datasets/data_splits_depth/train/141_90.tif,/root/autodl-tmp/UWAmodel_2/datasets/data_splits_sds_train/sparse_141_90.npy,1175
/root/autodl-tmp/UWAmodel_2/datasets/data_splits_original/train/143_26.tiff,/root/autodl-tmp/UWAmodel_2/datasets/data_splits_depth/train/143_26.tif,/root/autodl-tmp/UWAmodel_2/datasets/data_splits_sds_train/sparse_143_26.npy,1175
/root/autodl-tmp/UWAmodel_2/datasets/data_splits_original/train/143_36.tiff,/root/autodl-tmp/UWAmodel_2/datasets/data_splits_depth/train/143_36.tif,/root/autodl-tmp/UWAmodel_2/datasets/data_splits_sds_train/sparse_143_36.npy,1175
/root/autodl-tmp/UWAmodel_2/datasets/data_splits_original/train/143_39.tiff,/root/autodl-tmp/UWAmodel_2/datasets/data_splits_depth/train/143_39.tif,/root/autodl-tmp/UWAmodel_2/datasets/data_splits_sds_train/sparse_143_39.npy,1175
/root/autodl-tmp/UWAmodel_2/datasets/data_splits_original/train/143_47.tiff,/root/autodl-tmp/UWAmodel_2/datasets/data_splits_depth/train/143_47.tif,/root/autodl-tmp/UWAmodel_2/datasets/data_splits_sds_train/sparse_143_47.npy,1175
/root/autodl-tmp/UWAmodel_2/datasets/data_splits_original/train/143_58.tiff,/root/autodl-tmp/UWAmodel_2/datasets/data_splits_depth/train/143_58.tif,/root/autodl-tmp/UWAmodel_2/datasets/data_splits_sds_train/sparse_143_58.npy,1175
/root/autodl-tmp/UWAmodel_2/datasets/data_splits_original/train/144_7.tiff,/root/autodl-tmp/UWAmodel_2/datasets/data_splits_depth/train/144_7.tif,/root/autodl-tmp/UWAmodel_2/datasets/data_splits_sds_train/sparse_144_7.npy,1175
/root/autodl-tmp/UWAmodel_2/datasets/data_splits_original/train/144_8.tiff,/root/autodl-tmp/UWAmodel_2/datasets/data_splits_depth/train/144_8.tif,/root/autodl-tmp/UWAmodel_2/datasets/data_splits_sds_train/sparse_144_8.npy,1175
/root/autodl-tmp/UWAmodel_2/datasets/data_splits_original/train/144_30.tiff,/root/autodl-tmp/UWAmodel_2/datasets/data_splits_depth/train/144_30.tif,/root/autodl-tmp/UWAmodel_2/datasets/data_splits_sds_train/sparse_144_30.npy,1175
/root/autodl-tmp/UWAmodel_2/datasets/data_splits_original/train/144_31.tiff,/root/autodl-tmp/UWAmodel_2/datasets/data_splits_depth/train/144_31.tif,/root/autodl-tmp/UWAmodel_2/datasets/data_splits_sds_train/sparse_144_31.npy,1175
/root/autodl-tmp/UWAmodel_2/datasets/data_splits_original/train/144_47.tiff,/root/autodl-tmp/UWAmodel_2/datasets/data_splits_depth/train/144_47.tif,/root/autodl-tmp/UWAmodel_2/datasets/data_splits_sds_train/sparse_144_47.npy,1175
/root/autodl-tmp/UWAmodel_2/datasets/data_splits_original/train/145_5.tiff,/root/autodl-tmp/UWAmodel_2/datasets/data_splits_depth/train/145_5.tif,/root/autodl-tmp/UWAmodel_2/datasets/data_splits_sds_train/sparse_145_5.npy,1175
/root/autodl-tmp/UWAmodel_2/datasets/data_splits_original/train/145_30.tiff,/root/autodl-tmp/UWAmodel_2/datasets/data_splits_depth/train/145_30.tif,/root/autodl-tmp/UWAmodel_2/datasets/data_splits_sds_train/sparse_145_30.npy,1175
/root/autodl-tmp/UWAmodel_2/datasets/data_splits_original/train/145_59.tiff,/root/autodl-tmp/UWAmodel_2/datasets/data_splits_depth/train/145_59.tif,/root/autodl-tmp/UWAmodel_2/datasets/data_splits_sds_train/sparse_145_59.npy,1175
/root/autodl-tmp/UWAmodel_2/datasets/data_splits_original/train/145_66.tiff,/root/autodl-tmp/UWAmodel_2/datasets/data_splits_depth/train/145_66.tif,/root/autodl-tmp/UWAmodel_2/datasets/data_splits_sds_train/sparse_145_66.npy,1175
/root/autodl-tmp/UWAmodel_2/datasets/data_splits_original/train/145_82.tiff,/root/autodl-tmp/UWAmodel_2/datasets/data_splits_depth/train/145_82.tif,/root/autodl-tmp/UWAmodel_2/datasets/data_splits_sds_train/sparse_145_82.npy,1175
/root/autodl-tmp/UWAmodel_2/datasets/data_splits_original/train/146_10.tiff,/root/autodl-tmp/UWAmodel_2/datasets/data_splits_depth/train/146_10.tif,/root/autodl-tmp/UWAmodel_2/datasets/data_splits_sds_train/sparse_146_10.npy,1175
/root/autodl-tmp/UWAmodel_2/datasets/data_splits_original/train/146_20.tiff,/root/autodl-tmp/UWAmodel_2/datasets/data_splits_depth/train/146_20.tif,/root/autodl-tmp/UWAmodel_2/datasets/data_splits_sds_train/sparse_146_20.npy,1175
/root/autodl-tmp/UWAmodel_2/datasets/data_splits_original/train/146_40.tiff,/root/autodl-tmp/UWAmodel_2/datasets/data_splits_depth/train/146_40.tif,/root/autodl-tmp/UWAmodel_2/datasets/data_splits_sds_train/sparse_146_40.npy,1175
/root/autodl-tmp/UWAmodel_2/datasets/data_splits_original/train/146_43.tiff,/root/autodl-tmp/UWAmodel_2/datasets/data_splits_depth/train/146_43.tif,/root/autodl-tmp/UWAmodel_2/datasets/data_splits_sds_train/sparse_146_43.npy,1175
/root/autodl-tmp/UWAmodel_2/datasets/data_splits_original/train/146_70.tiff,/root/autodl-tmp/UWAmodel_2/datasets/data_splits_depth/train/146_70.tif,/root/autodl-tmp/UWAmodel_2/datasets/data_splits_sds_train/sparse_146_70.npy,1175
/root/autodl-tmp/UWAmodel_2/datasets/data_splits_original/train/147_17.tiff,/root/autodl-tmp/UWAmodel_2/datasets/data_splits_depth/train/147_17.tif,/root/autodl-tmp/UWAmodel_2/datasets/data_splits_sds_train/sparse_147_17.npy,1175
/root/autodl-tmp/UWAmodel_2/datasets/data_splits_original/train/147_23.tiff,/root/autodl-tmp/UWAmodel_2/datasets/data_splits_depth/train/147_23.tif,/root/autodl-tmp/UWAmodel_2/datasets/data_splits_sds_train/sparse_147_23.npy,1175
/root/autodl-tmp/UWAmodel_2/datasets/data_splits_original/train/147_31.tiff,/root/autodl-tmp/UWAmodel_2/datasets/data_splits_depth/train/147_31.tif,/root/autodl-tmp/UWAmodel_2/datasets/data_splits_sds_train/sparse_147_31.npy,1175
/root/autodl-tmp/UWAmodel_2/datasets/data_splits_original/train/147_45.tiff,/root/autodl-tmp/UWAmodel_2/datasets/data_splits_depth/train/147_45.tif,/root/autodl-tmp/UWAmodel_2/datasets/data_splits_sds_train/sparse_147_45.npy,1175
/root/autodl-tmp/UWAmodel_2/datasets/data_splits_original/train/147_52.tiff,/root/autodl-tmp/UWAmodel_2/datasets/data_splits_depth/train/147_52.tif,/root/autodl-tmp/UWAmodel_2/datasets/data_splits_sds_train/sparse_147_52.npy,1175
/root/autodl-tmp/UWAmodel_2/datasets/data_splits_original/train/148_13.tiff,/root/autodl-tmp/UWAmodel_2/datasets/data_splits_depth/train/148_13.tif,/root/autodl-tmp/UWAmodel_2/datasets/data_splits_sds_train/sparse_148_13.npy,1175
/root/autodl-tmp/UWAmodel_2/datasets/data_splits_original/train/148_41.tiff,/root/autodl-tmp/UWAmodel_2/datasets/data_splits_depth/train/148_41.tif,/root/autodl-tmp/UWAmodel_2/datasets/data_splits_sds_train/sparse_148_41.npy,1175
/root/autodl-tmp/UWAmodel_2/datasets/data_splits_original/train/148_101.tiff,/root/autodl-tmp/UWAmodel_2/datasets/data_splits_depth/train/148_101.tif,/root/autodl-tmp/UWAmodel_2/datasets/data_splits_sds_train/sparse_148_101.npy,1175
/root/autodl-tmp/UWAmodel_2/datasets/data_splits_original/train/148_115.tiff,/root/autodl-tmp/UWAmodel_2/datasets/data_splits_depth/train/148_115.tif,/root/autodl-tmp/UWAmodel_2/datasets/data_splits_sds_train/sparse_148_115.npy,1175
/root/autodl-tmp/UWAmodel_2/datasets/data_splits_original/train/148_117.tiff,/root/autodl-tmp/UWAmodel_2/datasets/data_splits_depth/train/148_117.tif,/root/autodl-tmp/UWAmodel_2/datasets/data_splits_sds_train/sparse_148_117.npy,1175
/root/autodl-tmp/UWAmodel_2/datasets/data_splits_original/train/150_14.tiff,/root/autodl-tmp/UWAmodel_2/datasets/data_splits_depth/train/150_14.tif,/root/autodl-tmp/UWAmodel_2/datasets/data_splits_sds_train/sparse_150_14.npy,1175
/root/autodl-tmp/UWAmodel_2/datasets/data_splits_original/train/150_29.tiff,/root/autodl-tmp/UWAmodel_2/datasets/data_splits_depth/train/150_29.tif,/root/autodl-tmp/UWAmodel_2/datasets/data_splits_sds_train/sparse_150_29.npy,1175
/root/autodl-tmp/UWAmodel_2/datasets/data_splits_original/train/150_37.tiff,/root/autodl-tmp/UWAmodel_2/datasets/data_splits_depth/train/150_37.tif,/root/autodl-tmp/UWAmodel_2/datasets/data_splits_sds_train/sparse_150_37.npy,1175
/root/autodl-tmp/UWAmodel_2/datasets/data_splits_original/train/150_63.tiff,/root/autodl-tmp/UWAmodel_2/datasets/data_splits_depth/train/150_63.tif,/root/autodl-tmp/UWAmodel_2/datasets/data_splits_sds_train/sparse_150_63.npy,1175
/root/autodl-tmp/UWAmodel_2/datasets/data_splits_original/train/150_80.tiff,/root/autodl-tmp/UWAmodel_2/datasets/data_splits_depth/train/150_80.tif,/root/autodl-tmp/UWAmodel_2/datasets/data_splits_sds_train/sparse_150_80.npy,1175
/root/autodl-tmp/UWAmodel_2/datasets/data_splits_original/train/153_13.tiff,/root/autodl-tmp/UWAmodel_2/datasets/data_splits_depth/train/153_13.tif,/root/autodl-tmp/UWAmodel_2/datasets/data_splits_sds_train/sparse_153_13.npy,1175
/root/autodl-tmp/UWAmodel_2/datasets/data_splits_original/train/153_18.tiff,/root/autodl-tmp/UWAmodel_2/datasets/data_splits_depth/train/153_18.tif,/root/autodl-tmp/UWAmodel_2/datasets/data_splits_sds_train/sparse_153_18.npy,1175
/root/autodl-tmp/UWAmodel_2/datasets/data_splits_original/train/153_67.tiff,/root/autodl-tmp/UWAmodel_2/datasets/data_splits_depth/train/153_67.tif,/root/autodl-tmp/UWAmodel_2/datasets/data_splits_sds_train/sparse_153_67.npy,1175
/root/autodl-tmp/UWAmodel_2/datasets/data_splits_original/train/153_80.tiff,/root/autodl-tmp/UWAmodel_2/datasets/data_splits_depth/train/153_80.tif,/root/autodl-tmp/UWAmodel_2/datasets/data_splits_sds_train/sparse_153_80.npy,1175
/root/autodl-tmp/UWAmodel_2/datasets/data_splits_original/train/153_87.tiff,/root/autodl-tmp/UWAmodel_2/datasets/data_splits_depth/train/153_87.tif,/root/autodl-tmp/UWAmodel_2/datasets/data_splits_sds_train/sparse_153_87.npy,1175
/root/autodl-tmp/UWAmodel_2/datasets/data_splits_original/train/154_23.tiff,/root/autodl-tmp/UWAmodel_2/datasets/data_splits_depth/train/154_23.tif,/root/autodl-tmp/UWAmodel_2/datasets/data_splits_sds_train/sparse_154_23.npy,1175
/root/autodl-tmp/UWAmodel_2/datasets/data_splits_original/train/154_26.tiff,/root/autodl-tmp/UWAmodel_2/datasets/data_splits_depth/train/154_26.tif,/root/autodl-tmp/UWAmodel_2/datasets/data_splits_sds_train/sparse_154_26.npy,1175
/root/autodl-tmp/UWAmodel_2/datasets/data_splits_original/train/154_43.tiff,/root/autodl-tmp/UWAmodel_2/datasets/data_splits_depth/train/154_43.tif,/root/autodl-tmp/UWAmodel_2/datasets/data_splits_sds_train/sparse_154_43.npy,1175
/root/autodl-tmp/UWAmodel_2/datasets/data_splits_original/train/154_99.tiff,/root/autodl-tmp/UWAmodel_2/datasets/data_splits_depth/train/154_99.tif,/root/autodl-tmp/UWAmodel_2/datasets/data_splits_sds_train/sparse_154_99.npy,1175
/root/autodl-tmp/UWAmodel_2/datasets/data_splits_original/train/154_113.tiff,/root/autodl-tmp/UWAmodel_2/datasets/data_splits_depth/train/154_113.tif,/root/autodl-tmp/UWAmodel_2/datasets/data_splits_sds_train/sparse_154_113.npy,1175
/root/autodl-tmp/UWAmodel_2/datasets/data_splits_original/train/155_40.tiff,/root/autodl-tmp/UWAmodel_2/datasets/data_splits_depth/train/155_40.tif,/root/autodl-tmp/UWAmodel_2/datasets/data_splits_sds_train/sparse_155_40.npy,1175
/root/autodl-tmp/UWAmodel_2/datasets/data_splits_original/train/155_85.tiff,/root/autodl-tmp/UWAmodel_2/datasets/data_splits_depth/train/155_85.tif,/root/autodl-tmp/UWAmodel_2/datasets/data_splits_sds_train/sparse_155_85.npy,1175
/root/autodl-tmp/UWAmodel_2/datasets/data_splits_original/train/155_98.tiff,/root/autodl-tmp/UWAmodel_2/datasets/data_splits_depth/train/155_98.tif,/root/autodl-tmp/UWAmodel_2/datasets/data_splits_sds_train/sparse_155_98.npy,1175
/root/autodl-tmp/UWAmodel_2/datasets/data_splits_original/train/155_113.tiff,/root/autodl-tmp/UWAmodel_2/datasets/data_splits_depth/train/155_113.tif,/root/autodl-tmp/UWAmodel_2/datasets/data_splits_sds_train/sparse_155_113.npy,1175
/root/autodl-tmp/UWAmodel_2/datasets/data_splits_original/train/155_115.tiff,/root/autodl-tmp/UWAmodel_2/datasets/data_splits_depth/train/155_115.tif,/root/autodl-tmp/UWAmodel_2/datasets/data_splits_sds_train/sparse_155_115.npy,1175
/root/autodl-tmp/UWAmodel_2/datasets/data_splits_original/train/156_7.tiff,/root/autodl-tmp/UWAmodel_2/datasets/data_splits_depth/train/156_7.tif,/root/autodl-tmp/UWAmodel_2/datasets/data_splits_sds_train/sparse_156_7.npy,1175
/root/autodl-tmp/UWAmodel_2/datasets/data_splits_original/train/156_33.tiff,/root/autodl-tmp/UWAmodel_2/datasets/data_splits_depth/train/156_33.tif,/root/autodl-tmp/UWAmodel_2/datasets/data_splits_sds_train/sparse_156_33.npy,1175
/root/autodl-tmp/UWAmodel_2/datasets/data_splits_original/train/156_50.tiff,/root/autodl-tmp/UWAmodel_2/datasets/data_splits_depth/train/156_50.tif,/root/autodl-tmp/UWAmodel_2/datasets/data_splits_sds_train/sparse_156_50.npy,1175
/root/autodl-tmp/UWAmodel_2/datasets/data_splits_original/train/156_90.tiff,/root/autodl-tmp/UWAmodel_2/datasets/data_splits_depth/train/156_90.tif,/root/autodl-tmp/UWAmodel_2/datasets/data_splits_sds_train/sparse_156_90.npy,1175
/root/autodl-tmp/UWAmodel_2/datasets/data_splits_original/train/156_94.tiff,/root/autodl-tmp/UWAmodel_2/datasets/data_splits_depth/train/156_94.tif,/root/autodl-tmp/UWAmodel_2/datasets/data_splits_sds_train/sparse_156_94.npy,1175
/root/autodl-tmp/UWAmodel_2/datasets/data_splits_original/train/157_14.tiff,/root/autodl-tmp/UWAmodel_2/datasets/data_splits_depth/train/157_14.tif,/root/autodl-tmp/UWAmodel_2/datasets/data_splits_sds_train/sparse_157_14.npy,1175
/root/autodl-tmp/UWAmodel_2/datasets/data_splits_original/train/157_26.tiff,/root/autodl-tmp/UWAmodel_2/datasets/data_splits_depth/train/157_26.tif,/root/autodl-tmp/UWAmodel_2/datasets/data_splits_sds_train/sparse_157_26.npy,1175
/root/autodl-tmp/UWAmodel_2/datasets/data_splits_original/train/157_39.tiff,/root/autodl-tmp/UWAmodel_2/datasets/data_splits_depth/train/157_39.tif,/root/autodl-tmp/UWAmodel_2/datasets/data_splits_sds_train/sparse_157_39.npy,1175
/root/autodl-tmp/UWAmodel_2/datasets/data_splits_original/train/157_51.tiff,/root/autodl-tmp/UWAmodel_2/datasets/data_splits_depth/train/157_51.tif,/root/autodl-tmp/UWAmodel_2/datasets/data_splits_sds_train/sparse_157_51.npy,1175
/root/autodl-tmp/UWAmodel_2/datasets/data_splits_original/train/157_115.tiff,/root/autodl-tmp/UWAmodel_2/datasets/data_splits_depth/train/157_115.tif,/root/autodl-tmp/UWAmodel_2/datasets/data_splits_sds_train/sparse_157_115.npy,1175
/root/autodl-tmp/UWAmodel_2/datasets/data_splits_original/train/158_70.tiff,/root/autodl-tmp/UWAmodel_2/datasets/data_splits_depth/train/158_70.tif,/root/autodl-tmp/UWAmodel_2/datasets/data_splits_sds_train/sparse_158_70.npy,1175
/root/autodl-tmp/UWAmodel_2/datasets/data_splits_original/train/158_73.tiff,/root/autodl-tmp/UWAmodel_2/datasets/data_splits_depth/train/158_73.tif,/root/autodl-tmp/UWAmodel_2/datasets/data_splits_sds_train/sparse_158_73.npy,1175
/root/autodl-tmp/UWAmodel_2/datasets/data_splits_original/train/158_87.tiff,/root/autodl-tmp/UWAmodel_2/datasets/data_splits_depth/train/158_87.tif,/root/autodl-tmp/UWAmodel_2/datasets/data_splits_sds_train/sparse_158_87.npy,1175
/root/autodl-tmp/UWAmodel_2/datasets/data_splits_original/train/158_109.tiff,/root/autodl-tmp/UWAmodel_2/datasets/data_splits_depth/train/158_109.tif,/root/autodl-tmp/UWAmodel_2/datasets/data_splits_sds_train/sparse_158_109.npy,1175
/root/autodl-tmp/UWAmodel_2/datasets/data_splits_original/train/158_111.tiff,/root/autodl-tmp/UWAmodel_2/datasets/data_splits_depth/train/158_111.tif,/root/autodl-tmp/UWAmodel_2/datasets/data_splits_sds_train/sparse_158_111.npy,1175
/root/autodl-tmp/UWAmodel_2/datasets/data_splits_original/train/159_43.tiff,/root/autodl-tmp/UWAmodel_2/datasets/data_splits_depth/train/159_43.tif,/root/autodl-tmp/UWAmodel_2/datasets/data_splits_sds_train/sparse_159_43.npy,1175
/root/autodl-tmp/UWAmodel_2/datasets/data_splits_original/train/159_48.tiff,/root/autodl-tmp/UWAmodel_2/datasets/data_splits_depth/train/159_48.tif,/root/autodl-tmp/UWAmodel_2/datasets/data_splits_sds_train/sparse_159_48.npy,1175
/root/autodl-tmp/UWAmodel_2/datasets/data_splits_original/train/159_74.tiff,/root/autodl-tmp/UWAmodel_2/datasets/data_splits_depth/train/159_74.tif,/root/autodl-tmp/UWAmodel_2/datasets/data_splits_sds_train/sparse_159_74.npy,1175
/root/autodl-tmp/UWAmodel_2/datasets/data_splits_original/train/159_88.tiff,/root/autodl-tmp/UWAmodel_2/datasets/data_splits_depth/train/159_88.tif,/root/autodl-tmp/UWAmodel_2/datasets/data_splits_sds_train/sparse_159_88.npy,1175
/root/autodl-tmp/UWAmodel_2/datasets/data_splits_original/train/159_110.tiff,/root/autodl-tmp/UWAmodel_2/datasets/data_splits_depth/train/159_110.tif,/root/autodl-tmp/UWAmodel_2/datasets/data_splits_sds_train/sparse_159_110.npy,1175
/root/autodl-tmp/UWAmodel_2/datasets/data_splits_original/train/160_20.tiff,/root/autodl-tmp/UWAmodel_2/datasets/data_splits_depth/train/160_20.tif,/root/autodl-tmp/UWAmodel_2/datasets/data_splits_sds_train/sparse_160_20.npy,1175
/root/autodl-tmp/UWAmodel_2/datasets/data_splits_original/train/160_21.tiff,/root/autodl-tmp/UWAmodel_2/datasets/data_splits_depth/train/160_21.tif,/root/autodl-tmp/UWAmodel_2/datasets/data_splits_sds_train/sparse_160_21.npy,1175
/root/autodl-tmp/UWAmodel_2/datasets/data_splits_original/train/160_35.tiff,/root/autodl-tmp/UWAmodel_2/datasets/data_splits_depth/train/160_35.tif,/root/autodl-tmp/UWAmodel_2/datasets/data_splits_sds_train/sparse_160_35.npy,1175
/root/autodl-tmp/UWAmodel_2/datasets/data_splits_original/train/160_37.tiff,/root/autodl-tmp/UWAmodel_2/datasets/data_splits_depth/train/160_37.tif,/root/autodl-tmp/UWAmodel_2/datasets/data_splits_sds_train/sparse_160_37.npy,1175
/root/autodl-tmp/UWAmodel_2/datasets/data_splits_original/train/160_62.tiff,/root/autodl-tmp/UWAmodel_2/datasets/data_splits_depth/train/160_62.tif,/root/autodl-tmp/UWAmodel_2/datasets/data_splits_sds_train/sparse_160_62.npy,1175
/root/autodl-tmp/UWAmodel_2/datasets/data_splits_original/train/161_16.tiff,/root/autodl-tmp/UWAmodel_2/datasets/data_splits_depth/train/161_16.tif,/root/autodl-tmp/UWAmodel_2/datasets/data_splits_sds_train/sparse_161_16.npy,1175
/root/autodl-tmp/UWAmodel_2/datasets/data_splits_original/train/161_42.tiff,/root/autodl-tmp/UWAmodel_2/datasets/data_splits_depth/train/161_42.tif,/root/autodl-tmp/UWAmodel_2/datasets/data_splits_sds_train/sparse_161_42.npy,1175
/root/autodl-tmp/UWAmodel_2/datasets/data_splits_original/train/161_63.tiff,/root/autodl-tmp/UWAmodel_2/datasets/data_splits_depth/train/161_63.tif,/root/autodl-tmp/UWAmodel_2/datasets/data_splits_sds_train/sparse_161_63.npy,1175
/root/autodl-tmp/UWAmodel_2/datasets/data_splits_original/train/161_113.tiff,/root/autodl-tmp/UWAmodel_2/datasets/data_splits_depth/train/161_113.tif,/root/autodl-tmp/UWAmodel_2/datasets/data_splits_sds_train/sparse_161_113.npy,1175
/root/autodl-tmp/UWAmodel_2/datasets/data_splits_original/train/161_115.tiff,/root/autodl-tmp/UWAmodel_2/datasets/data_splits_depth/train/161_115.tif,/root/autodl-tmp/UWAmodel_2/datasets/data_splits_sds_train/sparse_161_115.npy,1175
/root/autodl-tmp/UWAmodel_2/datasets/data_splits_original/train/162_37.tiff,/root/autodl-tmp/UWAmodel_2/datasets/data_splits_depth/train/162_37.tif,/root/autodl-tmp/UWAmodel_2/datasets/data_splits_sds_train/sparse_162_37.npy,1175
/root/autodl-tmp/UWAmodel_2/datasets/data_splits_original/train/162_47.tiff,/root/autodl-tmp/UWAmodel_2/datasets/data_splits_depth/train/162_47.tif,/root/autodl-tmp/UWAmodel_2/datasets/data_splits_sds_train/sparse_162_47.npy,1175
/root/autodl-tmp/UWAmodel_2/datasets/data_splits_original/train/162_66.tiff,/root/autodl-tmp/UWAmodel_2/datasets/data_splits_depth/train/162_66.tif,/root/autodl-tmp/UWAmodel_2/datasets/data_splits_sds_train/sparse_162_66.npy,1175
/root/autodl-tmp/UWAmodel_2/datasets/data_splits_original/train/162_108.tiff,/root/autodl-tmp/UWAmodel_2/datasets/data_splits_depth/train/162_108.tif,/root/autodl-tmp/UWAmodel_2/datasets/data_splits_sds_train/sparse_162_108.npy,1175
/root/autodl-tmp/UWAmodel_2/datasets/data_splits_original/train/162_116.tiff,/root/autodl-tmp/UWAmodel_2/datasets/data_splits_depth/train/162_116.tif,/root/autodl-tmp/UWAmodel_2/datasets/data_splits_sds_train/sparse_162_116.npy,1175
/root/autodl-tmp/UWAmodel_2/datasets/data_splits_original/train/163_6.tiff,/root/autodl-tmp/UWAmodel_2/datasets/data_splits_depth/train/163_6.tif,/root/autodl-tmp/UWAmodel_2/datasets/data_splits_sds_train/sparse_163_6.npy,1175
/root/autodl-tmp/UWAmodel_2/datasets/data_splits_original/train/163_29.tiff,/root/autodl-tmp/UWAmodel_2/datasets/data_splits_depth/train/163_29.tif,/root/autodl-tmp/UWAmodel_2/datasets/data_splits_sds_train/sparse_163_29.npy,1175
/root/autodl-tmp/UWAmodel_2/datasets/data_splits_original/train/163_53.tiff,/root/autodl-tmp/UWAmodel_2/datasets/data_splits_depth/train/163_53.tif,/root/autodl-tmp/UWAmodel_2/datasets/data_splits_sds_train/sparse_163_53.npy,1175
/root/autodl-tmp/UWAmodel_2/datasets/data_splits_original/train/163_77.tiff,/root/autodl-tmp/UWAmodel_2/datasets/data_splits_depth/train/163_77.tif,/root/autodl-tmp/UWAmodel_2/datasets/data_splits_sds_train/sparse_163_77.npy,1175
/root/autodl-tmp/UWAmodel_2/datasets/data_splits_original/train/163_86.tiff,/root/autodl-tmp/UWAmodel_2/datasets/data_splits_depth/train/163_86.tif,/root/autodl-tmp/UWAmodel_2/datasets/data_splits_sds_train/sparse_163_86.npy,1175
/root/autodl-tmp/UWAmodel_2/datasets/data_splits_original/train/164_15.tiff,/root/autodl-tmp/UWAmodel_2/datasets/data_splits_depth/train/164_15.tif,/root/autodl-tmp/UWAmodel_2/datasets/data_splits_sds_train/sparse_164_15.npy,1175
/root/autodl-tmp/UWAmodel_2/datasets/data_splits_original/train/164_27.tiff,/root/autodl-tmp/UWAmodel_2/datasets/data_splits_depth/train/164_27.tif,/root/autodl-tmp/UWAmodel_2/datasets/data_splits_sds_train/sparse_164_27.npy,1175
/root/autodl-tmp/UWAmodel_2/datasets/data_splits_original/train/164_60.tiff,/root/autodl-tmp/UWAmodel_2/datasets/data_splits_depth/train/164_60.tif,/root/autodl-tmp/UWAmodel_2/datasets/data_splits_sds_train/sparse_164_60.npy,1175
/root/autodl-tmp/UWAmodel_2/datasets/data_splits_original/train/164_63.tiff,/root/autodl-tmp/UWAmodel_2/datasets/data_splits_depth/train/164_63.tif,/root/autodl-tmp/UWAmodel_2/datasets/data_splits_sds_train/sparse_164_63.npy,1175
/root/autodl-tmp/UWAmodel_2/datasets/data_splits_original/train/164_111.tiff,/root/autodl-tmp/UWAmodel_2/datasets/data_splits_depth/train/164_111.tif,/root/autodl-tmp/UWAmodel_2/datasets/data_splits_sds_train/sparse_164_111.npy,1175
/root/autodl-tmp/UWAmodel_2/datasets/data_splits_original/train/166_32.tiff,/root/autodl-tmp/UWAmodel_2/datasets/data_splits_depth/train/166_32.tif,/root/autodl-tmp/UWAmodel_2/datasets/data_splits_sds_train/sparse_166_32.npy,1175
/root/autodl-tmp/UWAmodel_2/datasets/data_splits_original/train/166_36.tiff,/root/autodl-tmp/UWAmodel_2/datasets/data_splits_depth/train/166_36.tif,/root/autodl-tmp/UWAmodel_2/datasets/data_splits_sds_train/sparse_166_36.npy,1175
/root/autodl-tmp/UWAmodel_2/datasets/data_splits_original/train/166_66.tiff,/root/autodl-tmp/UWAmodel_2/datasets/data_splits_depth/train/166_66.tif,/root/autodl-tmp/UWAmodel_2/datasets/data_splits_sds_train/sparse_166_66.npy,1175
/root/autodl-tmp/UWAmodel_2/datasets/data_splits_original/train/166_77.tiff,/root/autodl-tmp/UWAmodel_2/datasets/data_splits_depth/train/166_77.tif,/root/autodl-tmp/UWAmodel_2/datasets/data_splits_sds_train/sparse_166_77.npy,1175
/root/autodl-tmp/UWAmodel_2/datasets/data_splits_original/train/166_88.tiff,/root/autodl-tmp/UWAmodel_2/datasets/data_splits_depth/train/166_88.tif,/root/autodl-tmp/UWAmodel_2/datasets/data_splits_sds_train/sparse_166_88.npy,1175
/root/autodl-tmp/UWAmodel_2/datasets/data_splits_original/train/167_39.tiff,/root/autodl-tmp/UWAmodel_2/datasets/data_splits_depth/train/167_39.tif,/root/autodl-tmp/UWAmodel_2/datasets/data_splits_sds_train/sparse_167_39.npy,1175
/root/autodl-tmp/UWAmodel_2/datasets/data_splits_original/train/167_70.tiff,/root/autodl-tmp/UWAmodel_2/datasets/data_splits_depth/train/167_70.tif,/root/autodl-tmp/UWAmodel_2/datasets/data_splits_sds_train/sparse_167_70.npy,1175
/root/autodl-tmp/UWAmodel_2/datasets/data_splits_original/train/167_78.tiff,/root/autodl-tmp/UWAmodel_2/datasets/data_splits_depth/train/167_78.tif,/root/autodl-tmp/UWAmodel_2/datasets/data_splits_sds_train/sparse_167_78.npy,1175
/root/autodl-tmp/UWAmodel_2/datasets/data_splits_original/train/167_83.tiff,/root/autodl-tmp/UWAmodel_2/datasets/data_splits_depth/train/167_83.tif,/root/autodl-tmp/UWAmodel_2/datasets/data_splits_sds_train/sparse_167_83.npy,1175
/root/autodl-tmp/UWAmodel_2/datasets/data_splits_original/train/167_110.tiff,/root/autodl-tmp/UWAmodel_2/datasets/data_splits_depth/train/167_110.tif,/root/autodl-tmp/UWAmodel_2/datasets/data_splits_sds_train/sparse_167_110.npy,1175
/root/autodl-tmp/UWAmodel_2/datasets/data_splits_original/train/169_17.tiff,/root/autodl-tmp/UWAmodel_2/datasets/data_splits_depth/train/169_17.tif,/root/autodl-tmp/UWAmodel_2/datasets/data_splits_sds_train/sparse_169_17.npy,1175
/root/autodl-tmp/UWAmodel_2/datasets/data_splits_original/train/169_29.tiff,/root/autodl-tmp/UWAmodel_2/datasets/data_splits_depth/train/169_29.tif,/root/autodl-tmp/UWAmodel_2/datasets/data_splits_sds_train/sparse_169_29.npy,1175
/root/autodl-tmp/UWAmodel_2/datasets/data_splits_original/train/169_58.tiff,/root/autodl-tmp/UWAmodel_2/datasets/data_splits_depth/train/169_58.tif,/root/autodl-tmp/UWAmodel_2/datasets/data_splits_sds_train/sparse_169_58.npy,1175
/root/autodl-tmp/UWAmodel_2/datasets/data_splits_original/train/169_73.tiff,/root/autodl-tmp/UWAmodel_2/datasets/data_splits_depth/train/169_73.tif,/root/autodl-tmp/UWAmodel_2/datasets/data_splits_sds_train/sparse_169_73.npy,1175
/root/autodl-tmp/UWAmodel_2/datasets/data_splits_original/train/169_92.tiff,/root/autodl-tmp/UWAmodel_2/datasets/data_splits_depth/train/169_92.tif,/root/autodl-tmp/UWAmodel_2/datasets/data_splits_sds_train/sparse_169_92.npy,1175
/root/autodl-tmp/UWAmodel_2/datasets/data_splits_original/train/171_34.tiff,/root/autodl-tmp/UWAmodel_2/datasets/data_splits_depth/train/171_34.tif,/root/autodl-tmp/UWAmodel_2/datasets/data_splits_sds_train/sparse_171_34.npy,1175
/root/autodl-tmp/UWAmodel_2/datasets/data_splits_original/train/171_35.tiff,/root/autodl-tmp/UWAmodel_2/datasets/data_splits_depth/train/171_35.tif,/root/autodl-tmp/UWAmodel_2/datasets/data_splits_sds_train/sparse_171_35.npy,1175
/root/autodl-tmp/UWAmodel_2/datasets/data_splits_original/train/171_41.tiff,/root/autodl-tmp/UWAmodel_2/datasets/data_splits_depth/train/171_41.tif,/root/autodl-tmp/UWAmodel_2/datasets/data_splits_sds_train/sparse_171_41.npy,1175
/root/autodl-tmp/UWAmodel_2/datasets/data_splits_original/train/171_84.tiff,/root/autodl-tmp/UWAmodel_2/datasets/data_splits_depth/train/171_84.tif,/root/autodl-tmp/UWAmodel_2/datasets/data_splits_sds_train/sparse_171_84.npy,1175
/root/autodl-tmp/UWAmodel_2/datasets/data_splits_original/train/171_86.tiff,/root/autodl-tmp/UWAmodel_2/datasets/data_splits_depth/train/171_86.tif,/root/autodl-tmp/UWAmodel_2/datasets/data_splits_sds_train/sparse_171_86.npy,1175
/root/autodl-tmp/UWAmodel_2/datasets/data_splits_original/train/173_8.tiff,/root/autodl-tmp/UWAmodel_2/datasets/data_splits_depth/train/173_8.tif,/root/autodl-tmp/UWAmodel_2/datasets/data_splits_sds_train/sparse_173_8.npy,1175
/root/autodl-tmp/UWAmodel_2/datasets/data_splits_original/train/173_52.tiff,/root/autodl-tmp/UWAmodel_2/datasets/data_splits_depth/train/173_52.tif,/root/autodl-tmp/UWAmodel_2/datasets/data_splits_sds_train/sparse_173_52.npy,1175
/root/autodl-tmp/UWAmodel_2/datasets/data_splits_original/train/173_78.tiff,/root/autodl-tmp/UWAmodel_2/datasets/data_splits_depth/train/173_78.tif,/root/autodl-tmp/UWAmodel_2/datasets/data_splits_sds_train/sparse_173_78.npy,1175
/root/autodl-tmp/UWAmodel_2/datasets/data_splits_original/train/173_83.tiff,/root/autodl-tmp/UWAmodel_2/datasets/data_splits_depth/train/173_83.tif,/root/autodl-tmp/UWAmodel_2/datasets/data_splits_sds_train/sparse_173_83.npy,1175
/root/autodl-tmp/UWAmodel_2/datasets/data_splits_original/train/173_102.tiff,/root/autodl-tmp/UWAmodel_2/datasets/data_splits_depth/train/173_102.tif,/root/autodl-tmp/UWAmodel_2/datasets/data_splits_sds_train/sparse_173_102.npy,1175
/root/autodl-tmp/UWAmodel_2/datasets/data_splits_original/train/174_31.tiff,/root/autodl-tmp/UWAmodel_2/datasets/data_splits_depth/train/174_31.tif,/root/autodl-tmp/UWAmodel_2/datasets/data_splits_sds_train/sparse_174_31.npy,1175
/root/autodl-tmp/UWAmodel_2/datasets/data_splits_original/train/174_33.tiff,/root/autodl-tmp/UWAmodel_2/datasets/data_splits_depth/train/174_33.tif,/root/autodl-tmp/UWAmodel_2/datasets/data_splits_sds_train/sparse_174_33.npy,1175
/root/autodl-tmp/UWAmodel_2/datasets/data_splits_original/train/174_36.tiff,/root/autodl-tmp/UWAmodel_2/datasets/data_splits_depth/train/174_36.tif,/root/autodl-tmp/UWAmodel_2/datasets/data_splits_sds_train/sparse_174_36.npy,1175
/root/autodl-tmp/UWAmodel_2/datasets/data_splits_original/train/174_62.tiff,/root/autodl-tmp/UWAmodel_2/datasets/data_splits_depth/train/174_62.tif,/root/autodl-tmp/UWAmodel_2/datasets/data_splits_sds_train/sparse_174_62.npy,1175
/root/autodl-tmp/UWAmodel_2/datasets/data_splits_original/train/174_86.tiff,/root/autodl-tmp/UWAmodel_2/datasets/data_splits_depth/train/174_86.tif,/root/autodl-tmp/UWAmodel_2/datasets/data_splits_sds_train/sparse_174_86.npy,1175
/root/autodl-tmp/UWAmodel_2/datasets/data_splits_original/train/175_23.tiff,/root/autodl-tmp/UWAmodel_2/datasets/data_splits_depth/train/175_23.tif,/root/autodl-tmp/UWAmodel_2/datasets/data_splits_sds_train/sparse_175_23.npy,1175
/root/autodl-tmp/UWAmodel_2/datasets/data_splits_original/train/175_47.tiff,/root/autodl-tmp/UWAmodel_2/datasets/data_splits_depth/train/175_47.tif,/root/autodl-tmp/UWAmodel_2/datasets/data_splits_sds_train/sparse_175_47.npy,1175
/root/autodl-tmp/UWAmodel_2/datasets/data_splits_original/train/175_52.tiff,/root/autodl-tmp/UWAmodel_2/datasets/data_splits_depth/train/175_52.tif,/root/autodl-tmp/UWAmodel_2/datasets/data_splits_sds_train/sparse_175_52.npy,1175
/root/autodl-tmp/UWAmodel_2/datasets/data_splits_original/train/175_79.tiff,/root/autodl-tmp/UWAmodel_2/datasets/data_splits_depth/train/175_79.tif,/root/autodl-tmp/UWAmodel_2/datasets/data_splits_sds_train/sparse_175_79.npy,1175
/root/autodl-tmp/UWAmodel_2/datasets/data_splits_original/train/175_116.tiff,/root/autodl-tmp/UWAmodel_2/datasets/data_splits_depth/train/175_116.tif,/root/autodl-tmp/UWAmodel_2/datasets/data_splits_sds_train/sparse_175_116.npy,1175
/root/autodl-tmp/UWAmodel_2/datasets/data_splits_original/train/176_15.tiff,/root/autodl-tmp/UWAmodel_2/datasets/data_splits_depth/train/176_15.tif,/root/autodl-tmp/UWAmodel_2/datasets/data_splits_sds_train/sparse_176_15.npy,1175
/root/autodl-tmp/UWAmodel_2/datasets/data_splits_original/train/176_29.tiff,/root/autodl-tmp/UWAmodel_2/datasets/data_splits_depth/train/176_29.tif,/root/autodl-tmp/UWAmodel_2/datasets/data_splits_sds_train/sparse_176_29.npy,1175
/root/autodl-tmp/UWAmodel_2/datasets/data_splits_original/train/176_45.tiff,/root/autodl-tmp/UWAmodel_2/datasets/data_splits_depth/train/176_45.tif,/root/autodl-tmp/UWAmodel_2/datasets/data_splits_sds_train/sparse_176_45.npy,1175
/root/autodl-tmp/UWAmodel_2/datasets/data_splits_original/train/176_58.tiff,/root/autodl-tmp/UWAmodel_2/datasets/data_splits_depth/train/176_58.tif,/root/autodl-tmp/UWAmodel_2/datasets/data_splits_sds_train/sparse_176_58.npy,1175
/root/autodl-tmp/UWAmodel_2/datasets/data_splits_original/train/176_61.tiff,/root/autodl-tmp/UWAmodel_2/datasets/data_splits_depth/train/176_61.tif,/root/autodl-tmp/UWAmodel_2/datasets/data_splits_sds_train/sparse_176_61.npy,1175
/root/autodl-tmp/UWAmodel_2/datasets/data_splits_original/train/177_37.tiff,/root/autodl-tmp/UWAmodel_2/datasets/data_splits_depth/train/177_37.tif,/root/autodl-tmp/UWAmodel_2/datasets/data_splits_sds_train/sparse_177_37.npy,1175
/root/autodl-tmp/UWAmodel_2/datasets/data_splits_original/train/177_61.tiff,/root/autodl-tmp/UWAmodel_2/datasets/data_splits_depth/train/177_61.tif,/root/autodl-tmp/UWAmodel_2/datasets/data_splits_sds_train/sparse_177_61.npy,1175
/root/autodl-tmp/UWAmodel_2/datasets/data_splits_original/train/177_100.tiff,/root/autodl-tmp/UWAmodel_2/datasets/data_splits_depth/train/177_100.tif,/root/autodl-tmp/UWAmodel_2/datasets/data_splits_sds_train/sparse_177_100.npy,1175
/root/autodl-tmp/UWAmodel_2/datasets/data_splits_original/train/177_111.tiff,/root/autodl-tmp/UWAmodel_2/datasets/data_splits_depth/train/177_111.tif,/root/autodl-tmp/UWAmodel_2/datasets/data_splits_sds_train/sparse_177_111.npy,1175
/root/autodl-tmp/UWAmodel_2/datasets/data_splits_original/train/177_119.tiff,/root/autodl-tmp/UWAmodel_2/datasets/data_splits_depth/train/177_119.tif,/root/autodl-tmp/UWAmodel_2/datasets/data_splits_sds_train/sparse_177_119.npy,1175
/root/autodl-tmp/UWAmodel_2/datasets/data_splits_original/train/178_37.tiff,/root/autodl-tmp/UWAmodel_2/datasets/data_splits_depth/train/178_37.tif,/root/autodl-tmp/UWAmodel_2/datasets/data_splits_sds_train/sparse_178_37.npy,1175
/root/autodl-tmp/UWAmodel_2/datasets/data_splits_original/train/178_43.tiff,/root/autodl-tmp/UWAmodel_2/datasets/data_splits_depth/train/178_43.tif,/root/autodl-tmp/UWAmodel_2/datasets/data_splits_sds_train/sparse_178_43.npy,1175
/root/autodl-tmp/UWAmodel_2/datasets/data_splits_original/train/178_56.tiff,/root/autodl-tmp/UWAmodel_2/datasets/data_splits_depth/train/178_56.tif,/root/autodl-tmp/UWAmodel_2/datasets/data_splits_sds_train/sparse_178_56.npy,1175
/root/autodl-tmp/UWAmodel_2/datasets/data_splits_original/train/178_81.tiff,/root/autodl-tmp/UWAmodel_2/datasets/data_splits_depth/train/178_81.tif,/root/autodl-tmp/UWAmodel_2/datasets/data_splits_sds_train/sparse_178_81.npy,1175
/root/autodl-tmp/UWAmodel_2/datasets/data_splits_original/train/178_119.tiff,/root/autodl-tmp/UWAmodel_2/datasets/data_splits_depth/train/178_119.tif,/root/autodl-tmp/UWAmodel_2/datasets/data_splits_sds_train/sparse_178_119.npy,1175
/root/autodl-tmp/UWAmodel_2/datasets/data_splits_original/train/180_11.tiff,/root/autodl-tmp/UWAmodel_2/datasets/data_splits_depth/train/180_11.tif,/root/autodl-tmp/UWAmodel_2/datasets/data_splits_sds_train/sparse_180_11.npy,1175
/root/autodl-tmp/UWAmodel_2/datasets/data_splits_original/train/180_22.tiff,/root/autodl-tmp/UWAmodel_2/datasets/data_splits_depth/train/180_22.tif,/root/autodl-tmp/UWAmodel_2/datasets/data_splits_sds_train/sparse_180_22.npy,1175
/root/autodl-tmp/UWAmodel_2/datasets/data_splits_original/train/180_26.tiff,/root/autodl-tmp/UWAmodel_2/datasets/data_splits_depth/train/180_26.tif,/root/autodl-tmp/UWAmodel_2/datasets/data_splits_sds_train/sparse_180_26.npy,1175
/root/autodl-tmp/UWAmodel_2/datasets/data_splits_original/train/180_29.tiff,/root/autodl-tmp/UWAmodel_2/datasets/data_splits_depth/train/180_29.tif,/root/autodl-tmp/UWAmodel_2/datasets/data_splits_sds_train/sparse_180_29.npy,1175
/root/autodl-tmp/UWAmodel_2/datasets/data_splits_original/train/180_41.tiff,/root/autodl-tmp/UWAmodel_2/datasets/data_splits_depth/train/180_41.tif,/root/autodl-tmp/UWAmodel_2/datasets/data_splits_sds_train/sparse_180_41.npy,1175
/root/autodl-tmp/UWAmodel_2/datasets/data_splits_original/train/182_4.tiff,/root/autodl-tmp/UWAmodel_2/datasets/data_splits_depth/train/182_4.tif,/root/autodl-tmp/UWAmodel_2/datasets/data_splits_sds_train/sparse_182_4.npy,1175
/root/autodl-tmp/UWAmodel_2/datasets/data_splits_original/train/182_6.tiff,/root/autodl-tmp/UWAmodel_2/datasets/data_splits_depth/train/182_6.tif,/root/autodl-tmp/UWAmodel_2/datasets/data_splits_sds_train/sparse_182_6.npy,1175
/root/autodl-tmp/UWAmodel_2/datasets/data_splits_original/train/182_20.tiff,/root/autodl-tmp/UWAmodel_2/datasets/data_splits_depth/train/182_20.tif,/root/autodl-tmp/UWAmodel_2/datasets/data_splits_sds_train/sparse_182_20.npy,1175
/root/autodl-tmp/UWAmodel_2/datasets/data_splits_original/train/182_34.tiff,/root/autodl-tmp/UWAmodel_2/datasets/data_splits_depth/train/182_34.tif,/root/autodl-tmp/UWAmodel_2/datasets/data_splits_sds_train/sparse_182_34.npy,1175
/root/autodl-tmp/UWAmodel_2/datasets/data_splits_original/train/182_57.tiff,/root/autodl-tmp/UWAmodel_2/datasets/data_splits_depth/train/182_57.tif,/root/autodl-tmp/UWAmodel_2/datasets/data_splits_sds_train/sparse_182_57.npy,1175
/root/autodl-tmp/UWAmodel_2/datasets/data_splits_original/train/183_33.tiff,/root/autodl-tmp/UWAmodel_2/datasets/data_splits_depth/train/183_33.tif,/root/autodl-tmp/UWAmodel_2/datasets/data_splits_sds_train/sparse_183_33.npy,1175
/root/autodl-tmp/UWAmodel_2/datasets/data_splits_original/train/183_47.tiff,/root/autodl-tmp/UWAmodel_2/datasets/data_splits_depth/train/183_47.tif,/root/autodl-tmp/UWAmodel_2/datasets/data_splits_sds_train/sparse_183_47.npy,1175
/root/autodl-tmp/UWAmodel_2/datasets/data_splits_original/train/183_57.tiff,/root/autodl-tmp/UWAmodel_2/datasets/data_splits_depth/train/183_57.tif,/root/autodl-tmp/UWAmodel_2/datasets/data_splits_sds_train/sparse_183_57.npy,1175
/root/autodl-tmp/UWAmodel_2/datasets/data_splits_original/train/183_94.tiff,/root/autodl-tmp/UWAmodel_2/datasets/data_splits_depth/train/183_94.tif,/root/autodl-tmp/UWAmodel_2/datasets/data_splits_sds_train/sparse_183_94.npy,1175
/root/autodl-tmp/UWAmodel_2/datasets/data_splits_original/train/183_115.tiff,/root/autodl-tmp/UWAmodel_2/datasets/data_splits_depth/train/183_115.tif,/root/autodl-tmp/UWAmodel_2/datasets/data_splits_sds_train/sparse_183_115.npy,1175
/root/autodl-tmp/UWAmodel_2/datasets/data_splits_original/train/184_22.tiff,/root/autodl-tmp/UWAmodel_2/datasets/data_splits_depth/train/184_22.tif,/root/autodl-tmp/UWAmodel_2/datasets/data_splits_sds_train/sparse_184_22.npy,1175
/root/autodl-tmp/UWAmodel_2/datasets/data_splits_original/train/184_25.tiff,/root/autodl-tmp/UWAmodel_2/datasets/data_splits_depth/train/184_25.tif,/root/autodl-tmp/UWAmodel_2/datasets/data_splits_sds_train/sparse_184_25.npy,1175
/root/autodl-tmp/UWAmodel_2/datasets/data_splits_original/train/184_31.tiff,/root/autodl-tmp/UWAmodel_2/datasets/data_splits_depth/train/184_31.tif,/root/autodl-tmp/UWAmodel_2/datasets/data_splits_sds_train/sparse_184_31.npy,1175
/root/autodl-tmp/UWAmodel_2/datasets/data_splits_original/train/184_35.tiff,/root/autodl-tmp/UWAmodel_2/datasets/data_splits_depth/train/184_35.tif,/root/autodl-tmp/UWAmodel_2/datasets/data_splits_sds_train/sparse_184_35.npy,1175
/root/autodl-tmp/UWAmodel_2/datasets/data_splits_original/train/184_48.tiff,/root/autodl-tmp/UWAmodel_2/datasets/data_splits_depth/train/184_48.tif,/root/autodl-tmp/UWAmodel_2/datasets/data_splits_sds_train/sparse_184_48.npy,1175
/root/autodl-tmp/UWAmodel_2/datasets/data_splits_original/train/187_53.tiff,/root/autodl-tmp/UWAmodel_2/datasets/data_splits_depth/train/187_53.tif,/root/autodl-tmp/UWAmodel_2/datasets/data_splits_sds_train/sparse_187_53.npy,1175
/root/autodl-tmp/UWAmodel_2/datasets/data_splits_original/train/187_60.tiff,/root/autodl-tmp/UWAmodel_2/datasets/data_splits_depth/train/187_60.tif,/root/autodl-tmp/UWAmodel_2/datasets/data_splits_sds_train/sparse_187_60.npy,1175
/root/autodl-tmp/UWAmodel_2/datasets/data_splits_original/train/187_69.tiff,/root/autodl-tmp/UWAmodel_2/datasets/data_splits_depth/train/187_69.tif,/root/autodl-tmp/UWAmodel_2/datasets/data_splits_sds_train/sparse_187_69.npy,1175
/root/autodl-tmp/UWAmodel_2/datasets/data_splits_original/train/187_75.tiff,/root/autodl-tmp/UWAmodel_2/datasets/data_splits_depth/train/187_75.tif,/root/autodl-tmp/UWAmodel_2/datasets/data_splits_sds_train/sparse_187_75.npy,1175
/root/autodl-tmp/UWAmodel_2/datasets/data_splits_original/train/187_80.tiff,/root/autodl-tmp/UWAmodel_2/datasets/data_splits_depth/train/187_80.tif,/root/autodl-tmp/UWAmodel_2/datasets/data_splits_sds_train/sparse_187_80.npy,1175
/root/autodl-tmp/UWAmodel_2/datasets/data_splits_original/train/188_24.tiff,/root/autodl-tmp/UWAmodel_2/datasets/data_splits_depth/train/188_24.tif,/root/autodl-tmp/UWAmodel_2/datasets/data_splits_sds_train/sparse_188_24.npy,1175
/root/autodl-tmp/UWAmodel_2/datasets/data_splits_original/train/188_27.tiff,/root/autodl-tmp/UWAmodel_2/datasets/data_splits_depth/train/188_27.tif,/root/autodl-tmp/UWAmodel_2/datasets/data_splits_sds_train/sparse_188_27.npy,1175
/root/autodl-tmp/UWAmodel_2/datasets/data_splits_original/train/188_44.tiff,/root/autodl-tmp/UWAmodel_2/datasets/data_splits_depth/train/188_44.tif,/root/autodl-tmp/UWAmodel_2/datasets/data_splits_sds_train/sparse_188_44.npy,1175
/root/autodl-tmp/UWAmodel_2/datasets/data_splits_original/train/188_49.tiff,/root/autodl-tmp/UWAmodel_2/datasets/data_splits_depth/train/188_49.tif,/root/autodl-tmp/UWAmodel_2/datasets/data_splits_sds_train/sparse_188_49.npy,1175
/root/autodl-tmp/UWAmodel_2/datasets/data_splits_original/train/188_69.tiff,/root/autodl-tmp/UWAmodel_2/datasets/data_splits_depth/train/188_69.tif,/root/autodl-tmp/UWAmodel_2/datasets/data_splits_sds_train/sparse_188_69.npy,1175
/root/autodl-tmp/UWAmodel_2/datasets/data_splits_original/train/189_13.tiff,/root/autodl-tmp/UWAmodel_2/datasets/data_splits_depth/train/189_13.tif,/root/autodl-tmp/UWAmodel_2/datasets/data_splits_sds_train/sparse_189_13.npy,1175
/root/autodl-tmp/UWAmodel_2/datasets/data_splits_original/train/189_14.tiff,/root/autodl-tmp/UWAmodel_2/datasets/data_splits_depth/train/189_14.tif,/root/autodl-tmp/UWAmodel_2/datasets/data_splits_sds_train/sparse_189_14.npy,1175
/root/autodl-tmp/UWAmodel_2/datasets/data_splits_original/train/189_55.tiff,/root/autodl-tmp/UWAmodel_2/datasets/data_splits_depth/train/189_55.tif,/root/autodl-tmp/UWAmodel_2/datasets/data_splits_sds_train/sparse_189_55.npy,1175
/root/autodl-tmp/UWAmodel_2/datasets/data_splits_original/train/189_57.tiff,/root/autodl-tmp/UWAmodel_2/datasets/data_splits_depth/train/189_57.tif,/root/autodl-tmp/UWAmodel_2/datasets/data_splits_sds_train/sparse_189_57.npy,1175
/root/autodl-tmp/UWAmodel_2/datasets/data_splits_original/train/189_88.tiff,/root/autodl-tmp/UWAmodel_2/datasets/data_splits_depth/train/189_88.tif,/root/autodl-tmp/UWAmodel_2/datasets/data_splits_sds_train/sparse_189_88.npy,1175
/root/autodl-tmp/UWAmodel_2/datasets/data_splits_original/train/190_8.tiff,/root/autodl-tmp/UWAmodel_2/datasets/data_splits_depth/train/190_8.tif,/root/autodl-tmp/UWAmodel_2/datasets/data_splits_sds_train/sparse_190_8.npy,1175
/root/autodl-tmp/UWAmodel_2/datasets/data_splits_original/train/190_15.tiff,/root/autodl-tmp/UWAmodel_2/datasets/data_splits_depth/train/190_15.tif,/root/autodl-tmp/UWAmodel_2/datasets/data_splits_sds_train/sparse_190_15.npy,1175
/root/autodl-tmp/UWAmodel_2/datasets/data_splits_original/train/190_40.tiff,/root/autodl-tmp/UWAmodel_2/datasets/data_splits_depth/train/190_40.tif,/root/autodl-tmp/UWAmodel_2/datasets/data_splits_sds_train/sparse_190_40.npy,1175
/root/autodl-tmp/UWAmodel_2/datasets/data_splits_original/train/190_94.tiff,/root/autodl-tmp/UWAmodel_2/datasets/data_splits_depth/train/190_94.tif,/root/autodl-tmp/UWAmodel_2/datasets/data_splits_sds_train/sparse_190_94.npy,1175
/root/autodl-tmp/UWAmodel_2/datasets/data_splits_original/train/190_107.tiff,/root/autodl-tmp/UWAmodel_2/datasets/data_splits_depth/train/190_107.tif,/root/autodl-tmp/UWAmodel_2/datasets/data_splits_sds_train/sparse_190_107.npy,1175
/root/autodl-tmp/UWAmodel_2/datasets/data_splits_original/train/191_36.tiff,/root/autodl-tmp/UWAmodel_2/datasets/data_splits_depth/train/191_36.tif,/root/autodl-tmp/UWAmodel_2/datasets/data_splits_sds_train/sparse_191_36.npy,1175
/root/autodl-tmp/UWAmodel_2/datasets/data_splits_original/train/191_65.tiff,/root/autodl-tmp/UWAmodel_2/datasets/data_splits_depth/train/191_65.tif,/root/autodl-tmp/UWAmodel_2/datasets/data_splits_sds_train/sparse_191_65.npy,1175
/root/autodl-tmp/UWAmodel_2/datasets/data_splits_original/train/191_84.tiff,/root/autodl-tmp/UWAmodel_2/datasets/data_splits_depth/train/191_84.tif,/root/autodl-tmp/UWAmodel_2/datasets/data_splits_sds_train/sparse_191_84.npy,1175
/root/autodl-tmp/UWAmodel_2/datasets/data_splits_original/train/191_110.tiff,/root/autodl-tmp/UWAmodel_2/datasets/data_splits_depth/train/191_110.tif,/root/autodl-tmp/UWAmodel_2/datasets/data_splits_sds_train/sparse_191_110.npy,1175
/root/autodl-tmp/UWAmodel_2/datasets/data_splits_original/train/191_112.tiff,/root/autodl-tmp/UWAmodel_2/datasets/data_splits_depth/train/191_112.tif,/root/autodl-tmp/UWAmodel_2/datasets/data_splits_sds_train/sparse_191_112.npy,1175
/root/autodl-tmp/UWAmodel_2/datasets/data_splits_original/train/193_34.tiff,/root/autodl-tmp/UWAmodel_2/datasets/data_splits_depth/train/193_34.tif,/root/autodl-tmp/UWAmodel_2/datasets/data_splits_sds_train/sparse_193_34.npy,1175
/root/autodl-tmp/UWAmodel_2/datasets/data_splits_original/train/193_57.tiff,/root/autodl-tmp/UWAmodel_2/datasets/data_splits_depth/train/193_57.tif,/root/autodl-tmp/UWAmodel_2/datasets/data_splits_sds_train/sparse_193_57.npy,1175
/root/autodl-tmp/UWAmodel_2/datasets/data_splits_original/train/193_90.tiff,/root/autodl-tmp/UWAmodel_2/datasets/data_splits_depth/train/193_90.tif,/root/autodl-tmp/UWAmodel_2/datasets/data_splits_sds_train/sparse_193_90.npy,1175
/root/autodl-tmp/UWAmodel_2/datasets/data_splits_original/train/193_104.tiff,/root/autodl-tmp/UWAmodel_2/datasets/data_splits_depth/train/193_104.tif,/root/autodl-tmp/UWAmodel_2/datasets/data_splits_sds_train/sparse_193_104.npy,1175
/root/autodl-tmp/UWAmodel_2/datasets/data_splits_original/train/193_105.tiff,/root/autodl-tmp/UWAmodel_2/datasets/data_splits_depth/train/193_105.tif,/root/autodl-tmp/UWAmodel_2/datasets/data_splits_sds_train/sparse_193_105.npy,1175
/root/autodl-tmp/UWAmodel_2/datasets/data_splits_original/train/194_33.tiff,/root/autodl-tmp/UWAmodel_2/datasets/data_splits_depth/train/194_33.tif,/root/autodl-tmp/UWAmodel_2/datasets/data_splits_sds_train/sparse_194_33.npy,1175
/root/autodl-tmp/UWAmodel_2/datasets/data_splits_original/train/194_40.tiff,/root/autodl-tmp/UWAmodel_2/datasets/data_splits_depth/train/194_40.tif,/root/autodl-tmp/UWAmodel_2/datasets/data_splits_sds_train/sparse_194_40.npy,1175
/root/autodl-tmp/UWAmodel_2/datasets/data_splits_original/train/194_52.tiff,/root/autodl-tmp/UWAmodel_2/datasets/data_splits_depth/train/194_52.tif,/root/autodl-tmp/UWAmodel_2/datasets/data_splits_sds_train/sparse_194_52.npy,1175
/root/autodl-tmp/UWAmodel_2/datasets/data_splits_original/train/194_108.tiff,/root/autodl-tmp/UWAmodel_2/datasets/data_splits_depth/train/194_108.tif,/root/autodl-tmp/UWAmodel_2/datasets/data_splits_sds_train/sparse_194_108.npy,1175
/root/autodl-tmp/UWAmodel_2/datasets/data_splits_original/train/194_113.tiff,/root/autodl-tmp/UWAmodel_2/datasets/data_splits_depth/train/194_113.tif,/root/autodl-tmp/UWAmodel_2/datasets/data_splits_sds_train/sparse_194_113.npy,1175
/root/autodl-tmp/UWAmodel_2/datasets/data_splits_original/train/195_19.tiff,/root/autodl-tmp/UWAmodel_2/datasets/data_splits_depth/train/195_19.tif,/root/autodl-tmp/UWAmodel_2/datasets/data_splits_sds_train/sparse_195_19.npy,1175
/root/autodl-tmp/UWAmodel_2/datasets/data_splits_original/train/195_35.tiff,/root/autodl-tmp/UWAmodel_2/datasets/data_splits_depth/train/195_35.tif,/root/autodl-tmp/UWAmodel_2/datasets/data_splits_sds_train/sparse_195_35.npy,1175
/root/autodl-tmp/UWAmodel_2/datasets/data_splits_original/train/195_52.tiff,/root/autodl-tmp/UWAmodel_2/datasets/data_splits_depth/train/195_52.tif,/root/autodl-tmp/UWAmodel_2/datasets/data_splits_sds_train/sparse_195_52.npy,1175
/root/autodl-tmp/UWAmodel_2/datasets/data_splits_original/train/195_92.tiff,/root/autodl-tmp/UWAmodel_2/datasets/data_splits_depth/train/195_92.tif,/root/autodl-tmp/UWAmodel_2/datasets/data_splits_sds_train/sparse_195_92.npy,1175
/root/autodl-tmp/UWAmodel_2/datasets/data_splits_original/train/195_100.tiff,/root/autodl-tmp/UWAmodel_2/datasets/data_splits_depth/train/195_100.tif,/root/autodl-tmp/UWAmodel_2/datasets/data_splits_sds_train/sparse_195_100.npy,1175
/root/autodl-tmp/UWAmodel_2/datasets/data_splits_original/train/196_33.tiff,/root/autodl-tmp/UWAmodel_2/datasets/data_splits_depth/train/196_33.tif,/root/autodl-tmp/UWAmodel_2/datasets/data_splits_sds_train/sparse_196_33.npy,1175
/root/autodl-tmp/UWAmodel_2/datasets/data_splits_original/train/196_36.tiff,/root/autodl-tmp/UWAmodel_2/datasets/data_splits_depth/train/196_36.tif,/root/autodl-tmp/UWAmodel_2/datasets/data_splits_sds_train/sparse_196_36.npy,1175
/root/autodl-tmp/UWAmodel_2/datasets/data_splits_original/train/196_51.tiff,/root/autodl-tmp/UWAmodel_2/datasets/data_splits_depth/train/196_51.tif,/root/autodl-tmp/UWAmodel_2/datasets/data_splits_sds_train/sparse_196_51.npy,1175
/root/autodl-tmp/UWAmodel_2/datasets/data_splits_original/train/196_82.tiff,/root/autodl-tmp/UWAmodel_2/datasets/data_splits_depth/train/196_82.tif,/root/autodl-tmp/UWAmodel_2/datasets/data_splits_sds_train/sparse_196_82.npy,1175
/root/autodl-tmp/UWAmodel_2/datasets/data_splits_original/train/196_98.tiff,/root/autodl-tmp/UWAmodel_2/datasets/data_splits_depth/train/196_98.tif,/root/autodl-tmp/UWAmodel_2/datasets/data_splits_sds_train/sparse_196_98.npy,1175
/root/autodl-tmp/UWAmodel_2/datasets/data_splits_original/train/200_34.tiff,/root/autodl-tmp/UWAmodel_2/datasets/data_splits_depth/train/200_34.tif,/root/autodl-tmp/UWAmodel_2/datasets/data_splits_sds_train/sparse_200_34.npy,1175
/root/autodl-tmp/UWAmodel_2/datasets/data_splits_original/train/200_47.tiff,/root/autodl-tmp/UWAmodel_2/datasets/data_splits_depth/train/200_47.tif,/root/autodl-tmp/UWAmodel_2/datasets/data_splits_sds_train/sparse_200_47.npy,1175
/root/autodl-tmp/UWAmodel_2/datasets/data_splits_original/train/200_54.tiff,/root/autodl-tmp/UWAmodel_2/datasets/data_splits_depth/train/200_54.tif,/root/autodl-tmp/UWAmodel_2/datasets/data_splits_sds_train/sparse_200_54.npy,1175
/root/autodl-tmp/UWAmodel_2/datasets/data_splits_original/train/200_57.tiff,/root/autodl-tmp/UWAmodel_2/datasets/data_splits_depth/train/200_57.tif,/root/autodl-tmp/UWAmodel_2/datasets/data_splits_sds_train/sparse_200_57.npy,1175
/root/autodl-tmp/UWAmodel_2/datasets/data_splits_original/train/200_83.tiff,/root/autodl-tmp/UWAmodel_2/datasets/data_splits_depth/train/200_83.tif,/root/autodl-tmp/UWAmodel_2/datasets/data_splits_sds_train/sparse_200_83.npy,1175
/root/autodl-tmp/UWAmodel_2/datasets/data_splits_original/train/201_19.tiff,/root/autodl-tmp/UWAmodel_2/datasets/data_splits_depth/train/201_19.tif,/root/autodl-tmp/UWAmodel_2/datasets/data_splits_sds_train/sparse_201_19.npy,1175
/root/autodl-tmp/UWAmodel_2/datasets/data_splits_original/train/201_58.tiff,/root/autodl-tmp/UWAmodel_2/datasets/data_splits_depth/train/201_58.tif,/root/autodl-tmp/UWAmodel_2/datasets/data_splits_sds_train/sparse_201_58.npy,1175
/root/autodl-tmp/UWAmodel_2/datasets/data_splits_original/train/201_80.tiff,/root/autodl-tmp/UWAmodel_2/datasets/data_splits_depth/train/201_80.tif,/root/autodl-tmp/UWAmodel_2/datasets/data_splits_sds_train/sparse_201_80.npy,1175
/root/autodl-tmp/UWAmodel_2/datasets/data_splits_original/train/201_107.tiff,/root/autodl-tmp/UWAmodel_2/datasets/data_splits_depth/train/201_107.tif,/root/autodl-tmp/UWAmodel_2/datasets/data_splits_sds_train/sparse_201_107.npy,1175
/root/autodl-tmp/UWAmodel_2/datasets/data_splits_original/train/201_116.tiff,/root/autodl-tmp/UWAmodel_2/datasets/data_splits_depth/train/201_116.tif,/root/autodl-tmp/UWAmodel_2/datasets/data_splits_sds_train/sparse_201_116.npy,1175
/root/autodl-tmp/UWAmodel_2/datasets/data_splits_original/train/202_21.tiff,/root/autodl-tmp/UWAmodel_2/datasets/data_splits_depth/train/202_21.tif,/root/autodl-tmp/UWAmodel_2/datasets/data_splits_sds_train/sparse_202_21.npy,1175
/root/autodl-tmp/UWAmodel_2/datasets/data_splits_original/train/202_53.tiff,/root/autodl-tmp/UWAmodel_2/datasets/data_splits_depth/train/202_53.tif,/root/autodl-tmp/UWAmodel_2/datasets/data_splits_sds_train/sparse_202_53.npy,1175
/root/autodl-tmp/UWAmodel_2/datasets/data_splits_original/train/202_101.tiff,/root/autodl-tmp/UWAmodel_2/datasets/data_splits_depth/train/202_101.tif,/root/autodl-tmp/UWAmodel_2/datasets/data_splits_sds_train/sparse_202_101.npy,1175
/root/autodl-tmp/UWAmodel_2/datasets/data_splits_original/train/202_106.tiff,/root/autodl-tmp/UWAmodel_2/datasets/data_splits_depth/train/202_106.tif,/root/autodl-tmp/UWAmodel_2/datasets/data_splits_sds_train/sparse_202_106.npy,1175
/root/autodl-tmp/UWAmodel_2/datasets/data_splits_original/train/202_109.tiff,/root/autodl-tmp/UWAmodel_2/datasets/data_splits_depth/train/202_109.tif,/root/autodl-tmp/UWAmodel_2/datasets/data_splits_sds_train/sparse_202_109.npy,1175
/root/autodl-tmp/UWAmodel_2/datasets/data_splits_original/train/203_21.tiff,/root/autodl-tmp/UWAmodel_2/datasets/data_splits_depth/train/203_21.tif,/root/autodl-tmp/UWAmodel_2/datasets/data_splits_sds_train/sparse_203_21.npy,1175
/root/autodl-tmp/UWAmodel_2/datasets/data_splits_original/train/203_67.tiff,/root/autodl-tmp/UWAmodel_2/datasets/data_splits_depth/train/203_67.tif,/root/autodl-tmp/UWAmodel_2/datasets/data_splits_sds_train/sparse_203_67.npy,1175
/root/autodl-tmp/UWAmodel_2/datasets/data_splits_original/train/203_98.tiff,/root/autodl-tmp/UWAmodel_2/datasets/data_splits_depth/train/203_98.tif,/root/autodl-tmp/UWAmodel_2/datasets/data_splits_sds_train/sparse_203_98.npy,1175
/root/autodl-tmp/UWAmodel_2/datasets/data_splits_original/train/203_103.tiff,/root/autodl-tmp/UWAmodel_2/datasets/data_splits_depth/train/203_103.tif,/root/autodl-tmp/UWAmodel_2/datasets/data_splits_sds_train/sparse_203_103.npy,1175
/root/autodl-tmp/UWAmodel_2/datasets/data_splits_original/train/203_113.tiff,/root/autodl-tmp/UWAmodel_2/datasets/data_splits_depth/train/203_113.tif,/root/autodl-tmp/UWAmodel_2/datasets/data_splits_sds_train/sparse_203_113.npy,1175
/root/autodl-tmp/UWAmodel_2/datasets/data_splits_original/train/204_57.tiff,/root/autodl-tmp/UWAmodel_2/datasets/data_splits_depth/train/204_57.tif,/root/autodl-tmp/UWAmodel_2/datasets/data_splits_sds_train/sparse_204_57.npy,1175
/root/autodl-tmp/UWAmodel_2/datasets/data_splits_original/train/204_58.tiff,/root/autodl-tmp/UWAmodel_2/datasets/data_splits_depth/train/204_58.tif,/root/autodl-tmp/UWAmodel_2/datasets/data_splits_sds_train/sparse_204_58.npy,1175
/root/autodl-tmp/UWAmodel_2/datasets/data_splits_original/train/204_87.tiff,/root/autodl-tmp/UWAmodel_2/datasets/data_splits_depth/train/204_87.tif,/root/autodl-tmp/UWAmodel_2/datasets/data_splits_sds_train/sparse_204_87.npy,1175
/root/autodl-tmp/UWAmodel_2/datasets/data_splits_original/train/204_101.tiff,/root/autodl-tmp/UWAmodel_2/datasets/data_splits_depth/train/204_101.tif,/root/autodl-tmp/UWAmodel_2/datasets/data_splits_sds_train/sparse_204_101.npy,1175
/root/autodl-tmp/UWAmodel_2/datasets/data_splits_original/train/204_113.tiff,/root/autodl-tmp/UWAmodel_2/datasets/data_splits_depth/train/204_113.tif,/root/autodl-tmp/UWAmodel_2/datasets/data_splits_sds_train/sparse_204_113.npy,1175
/root/autodl-tmp/UWAmodel_2/datasets/data_splits_original/train/205_11.tiff,/root/autodl-tmp/UWAmodel_2/datasets/data_splits_depth/train/205_11.tif,/root/autodl-tmp/UWAmodel_2/datasets/data_splits_sds_train/sparse_205_11.npy,1175
/root/autodl-tmp/UWAmodel_2/datasets/data_splits_original/train/205_17.tiff,/root/autodl-tmp/UWAmodel_2/datasets/data_splits_depth/train/205_17.tif,/root/autodl-tmp/UWAmodel_2/datasets/data_splits_sds_train/sparse_205_17.npy,1175
/root/autodl-tmp/UWAmodel_2/datasets/data_splits_original/train/205_35.tiff,/root/autodl-tmp/UWAmodel_2/datasets/data_splits_depth/train/205_35.tif,/root/autodl-tmp/UWAmodel_2/datasets/data_splits_sds_train/sparse_205_35.npy,1175
/root/autodl-tmp/UWAmodel_2/datasets/data_splits_original/train/205_53.tiff,/root/autodl-tmp/UWAmodel_2/datasets/data_splits_depth/train/205_53.tif,/root/autodl-tmp/UWAmodel_2/datasets/data_splits_sds_train/sparse_205_53.npy,1175
/root/autodl-tmp/UWAmodel_2/datasets/data_splits_original/train/205_84.tiff,/root/autodl-tmp/UWAmodel_2/datasets/data_splits_depth/train/205_84.tif,/root/autodl-tmp/UWAmodel_2/datasets/data_splits_sds_train/sparse_205_84.npy,1175
/root/autodl-tmp/UWAmodel_2/datasets/data_splits_original/train/206_37.tiff,/root/autodl-tmp/UWAmodel_2/datasets/data_splits_depth/train/206_37.tif,/root/autodl-tmp/UWAmodel_2/datasets/data_splits_sds_train/sparse_206_37.npy,1175
/root/autodl-tmp/UWAmodel_2/datasets/data_splits_original/train/206_39.tiff,/root/autodl-tmp/UWAmodel_2/datasets/data_splits_depth/train/206_39.tif,/root/autodl-tmp/UWAmodel_2/datasets/data_splits_sds_train/sparse_206_39.npy,1175
/root/autodl-tmp/UWAmodel_2/datasets/data_splits_original/train/206_67.tiff,/root/autodl-tmp/UWAmodel_2/datasets/data_splits_depth/train/206_67.tif,/root/autodl-tmp/UWAmodel_2/datasets/data_splits_sds_train/sparse_206_67.npy,1175
/root/autodl-tmp/UWAmodel_2/datasets/data_splits_original/train/206_85.tiff,/root/autodl-tmp/UWAmodel_2/datasets/data_splits_depth/train/206_85.tif,/root/autodl-tmp/UWAmodel_2/datasets/data_splits_sds_train/sparse_206_85.npy,1175
/root/autodl-tmp/UWAmodel_2/datasets/data_splits_original/train/206_112.tiff,/root/autodl-tmp/UWAmodel_2/datasets/data_splits_depth/train/206_112.tif,/root/autodl-tmp/UWAmodel_2/datasets/data_splits_sds_train/sparse_206_112.npy,1175
/root/autodl-tmp/UWAmodel_2/datasets/data_splits_original/train/207_36.tiff,/root/autodl-tmp/UWAmodel_2/datasets/data_splits_depth/train/207_36.tif,/root/autodl-tmp/UWAmodel_2/datasets/data_splits_sds_train/sparse_207_36.npy,1175
/root/autodl-tmp/UWAmodel_2/datasets/data_splits_original/train/207_41.tiff,/root/autodl-tmp/UWAmodel_2/datasets/data_splits_depth/train/207_41.tif,/root/autodl-tmp/UWAmodel_2/datasets/data_splits_sds_train/sparse_207_41.npy,1175
/root/autodl-tmp/UWAmodel_2/datasets/data_splits_original/train/207_43.tiff,/root/autodl-tmp/UWAmodel_2/datasets/data_splits_depth/train/207_43.tif,/root/autodl-tmp/UWAmodel_2/datasets/data_splits_sds_train/sparse_207_43.npy,1175
/root/autodl-tmp/UWAmodel_2/datasets/data_splits_original/train/207_70.tiff,/root/autodl-tmp/UWAmodel_2/datasets/data_splits_depth/train/207_70.tif,/root/autodl-tmp/UWAmodel_2/datasets/data_splits_sds_train/sparse_207_70.npy,1175
/root/autodl-tmp/UWAmodel_2/datasets/data_splits_original/train/207_89.tiff,/root/autodl-tmp/UWAmodel_2/datasets/data_splits_depth/train/207_89.tif,/root/autodl-tmp/UWAmodel_2/datasets/data_splits_sds_train/sparse_207_89.npy,1175
/root/autodl-tmp/UWAmodel_2/datasets/data_splits_original/train/208_11.tiff,/root/autodl-tmp/UWAmodel_2/datasets/data_splits_depth/train/208_11.tif,/root/autodl-tmp/UWAmodel_2/datasets/data_splits_sds_train/sparse_208_11.npy,1175
/root/autodl-tmp/UWAmodel_2/datasets/data_splits_original/train/208_24.tiff,/root/autodl-tmp/UWAmodel_2/datasets/data_splits_depth/train/208_24.tif,/root/autodl-tmp/UWAmodel_2/datasets/data_splits_sds_train/sparse_208_24.npy,1175
/root/autodl-tmp/UWAmodel_2/datasets/data_splits_original/train/208_34.tiff,/root/autodl-tmp/UWAmodel_2/datasets/data_splits_depth/train/208_34.tif,/root/autodl-tmp/UWAmodel_2/datasets/data_splits_sds_train/sparse_208_34.npy,1175
/root/autodl-tmp/UWAmodel_2/datasets/data_splits_original/train/208_64.tiff,/root/autodl-tmp/UWAmodel_2/datasets/data_splits_depth/train/208_64.tif,/root/autodl-tmp/UWAmodel_2/datasets/data_splits_sds_train/sparse_208_64.npy,1175
/root/autodl-tmp/UWAmodel_2/datasets/data_splits_original/train/208_81.tiff,/root/autodl-tmp/UWAmodel_2/datasets/data_splits_depth/train/208_81.tif,/root/autodl-tmp/UWAmodel_2/datasets/data_splits_sds_train/sparse_208_81.npy,1175
/root/autodl-tmp/UWAmodel_2/datasets/data_splits_original/train/209_10.tiff,/root/autodl-tmp/UWAmodel_2/datasets/data_splits_depth/train/209_10.tif,/root/autodl-tmp/UWAmodel_2/datasets/data_splits_sds_train/sparse_209_10.npy,1175
/root/autodl-tmp/UWAmodel_2/datasets/data_splits_original/train/209_32.tiff,/root/autodl-tmp/UWAmodel_2/datasets/data_splits_depth/train/209_32.tif,/root/autodl-tmp/UWAmodel_2/datasets/data_splits_sds_train/sparse_209_32.npy,1175
/root/autodl-tmp/UWAmodel_2/datasets/data_splits_original/train/209_49.tiff,/root/autodl-tmp/UWAmodel_2/datasets/data_splits_depth/train/209_49.tif,/root/autodl-tmp/UWAmodel_2/datasets/data_splits_sds_train/sparse_209_49.npy,1175
/root/autodl-tmp/UWAmodel_2/datasets/data_splits_original/train/209_101.tiff,/root/autodl-tmp/UWAmodel_2/datasets/data_splits_depth/train/209_101.tif,/root/autodl-tmp/UWAmodel_2/datasets/data_splits_sds_train/sparse_209_101.npy,1175
/root/autodl-tmp/UWAmodel_2/datasets/data_splits_original/train/209_120.tiff,/root/autodl-tmp/UWAmodel_2/datasets/data_splits_depth/train/209_120.tif,/root/autodl-tmp/UWAmodel_2/datasets/data_splits_sds_train/sparse_209_120.npy,1175
/root/autodl-tmp/UWAmodel_2/datasets/data_splits_original/train/210_20.tiff,/root/autodl-tmp/UWAmodel_2/datasets/data_splits_depth/train/210_20.tif,/root/autodl-tmp/UWAmodel_2/datasets/data_splits_sds_train/sparse_210_20.npy,1175
/root/autodl-tmp/UWAmodel_2/datasets/data_splits_original/train/210_24.tiff,/root/autodl-tmp/UWAmodel_2/datasets/data_splits_depth/train/210_24.tif,/root/autodl-tmp/UWAmodel_2/datasets/data_splits_sds_train/sparse_210_24.npy,1175
/root/autodl-tmp/UWAmodel_2/datasets/data_splits_original/train/210_67.tiff,/root/autodl-tmp/UWAmodel_2/datasets/data_splits_depth/train/210_67.tif,/root/autodl-tmp/UWAmodel_2/datasets/data_splits_sds_train/sparse_210_67.npy,1175
/root/autodl-tmp/UWAmodel_2/datasets/data_splits_original/train/210_99.tiff,/root/autodl-tmp/UWAmodel_2/datasets/data_splits_depth/train/210_99.tif,/root/autodl-tmp/UWAmodel_2/datasets/data_splits_sds_train/sparse_210_99.npy,1175
/root/autodl-tmp/UWAmodel_2/datasets/data_splits_original/train/210_102.tiff,/root/autodl-tmp/UWAmodel_2/datasets/data_splits_depth/train/210_102.tif,/root/autodl-tmp/UWAmodel_2/datasets/data_splits_sds_train/sparse_210_102.npy,1175
/root/autodl-tmp/UWAmodel_2/datasets/data_splits_original/train/211_11.tiff,/root/autodl-tmp/UWAmodel_2/datasets/data_splits_depth/train/211_11.tif,/root/autodl-tmp/UWAmodel_2/datasets/data_splits_sds_train/sparse_211_11.npy,1175
/root/autodl-tmp/UWAmodel_2/datasets/data_splits_original/train/211_18.tiff,/root/autodl-tmp/UWAmodel_2/datasets/data_splits_depth/train/211_18.tif,/root/autodl-tmp/UWAmodel_2/datasets/data_splits_sds_train/sparse_211_18.npy,1175
/root/autodl-tmp/UWAmodel_2/datasets/data_splits_original/train/211_56.tiff,/root/autodl-tmp/UWAmodel_2/datasets/data_splits_depth/train/211_56.tif,/root/autodl-tmp/UWAmodel_2/datasets/data_splits_sds_train/sparse_211_56.npy,1175
/root/autodl-tmp/UWAmodel_2/datasets/data_splits_original/train/211_87.tiff,/root/autodl-tmp/UWAmodel_2/datasets/data_splits_depth/train/211_87.tif,/root/autodl-tmp/UWAmodel_2/datasets/data_splits_sds_train/sparse_211_87.npy,1175
/root/autodl-tmp/UWAmodel_2/datasets/data_splits_original/train/211_119.tiff,/root/autodl-tmp/UWAmodel_2/datasets/data_splits_depth/train/211_119.tif,/root/autodl-tmp/UWAmodel_2/datasets/data_splits_sds_train/sparse_211_119.npy,1175
/root/autodl-tmp/UWAmodel_2/datasets/data_splits_original/train/212_27.tiff,/root/autodl-tmp/UWAmodel_2/datasets/data_splits_depth/train/212_27.tif,/root/autodl-tmp/UWAmodel_2/datasets/data_splits_sds_train/sparse_212_27.npy,1175
/root/autodl-tmp/UWAmodel_2/datasets/data_splits_original/train/212_58.tiff,/root/autodl-tmp/UWAmodel_2/datasets/data_splits_depth/train/212_58.tif,/root/autodl-tmp/UWAmodel_2/datasets/data_splits_sds_train/sparse_212_58.npy,1175
/root/autodl-tmp/UWAmodel_2/datasets/data_splits_original/train/212_77.tiff,/root/autodl-tmp/UWAmodel_2/datasets/data_splits_depth/train/212_77.tif,/root/autodl-tmp/UWAmodel_2/datasets/data_splits_sds_train/sparse_212_77.npy,1175
/root/autodl-tmp/UWAmodel_2/datasets/data_splits_original/train/212_88.tiff,/root/autodl-tmp/UWAmodel_2/datasets/data_splits_depth/train/212_88.tif,/root/autodl-tmp/UWAmodel_2/datasets/data_splits_sds_train/sparse_212_88.npy,1175
/root/autodl-tmp/UWAmodel_2/datasets/data_splits_original/train/212_108.tiff,/root/autodl-tmp/UWAmodel_2/datasets/data_splits_depth/train/212_108.tif,/root/autodl-tmp/UWAmodel_2/datasets/data_splits_sds_train/sparse_212_108.npy,1175
/root/autodl-tmp/UWAmodel_2/datasets/data_splits_original/train/213_6.tiff,/root/autodl-tmp/UWAmodel_2/datasets/data_splits_depth/train/213_6.tif,/root/autodl-tmp/UWAmodel_2/datasets/data_splits_sds_train/sparse_213_6.npy,1175
/root/autodl-tmp/UWAmodel_2/datasets/data_splits_original/train/213_45.tiff,/root/autodl-tmp/UWAmodel_2/datasets/data_splits_depth/train/213_45.tif,/root/autodl-tmp/UWAmodel_2/datasets/data_splits_sds_train/sparse_213_45.npy,1175
/root/autodl-tmp/UWAmodel_2/datasets/data_splits_original/train/213_52.tiff,/root/autodl-tmp/UWAmodel_2/datasets/data_splits_depth/train/213_52.tif,/root/autodl-tmp/UWAmodel_2/datasets/data_splits_sds_train/sparse_213_52.npy,1175
/root/autodl-tmp/UWAmodel_2/datasets/data_splits_original/train/213_56.tiff,/root/autodl-tmp/UWAmodel_2/datasets/data_splits_depth/train/213_56.tif,/root/autodl-tmp/UWAmodel_2/datasets/data_splits_sds_train/sparse_213_56.npy,1175
/root/autodl-tmp/UWAmodel_2/datasets/data_splits_original/train/213_108.tiff,/root/autodl-tmp/UWAmodel_2/datasets/data_splits_depth/train/213_108.tif,/root/autodl-tmp/UWAmodel_2/datasets/data_splits_sds_train/sparse_213_108.npy,1175
/root/autodl-tmp/UWAmodel_2/datasets/data_splits_original/train/214_9.tiff,/root/autodl-tmp/UWAmodel_2/datasets/data_splits_depth/train/214_9.tif,/root/autodl-tmp/UWAmodel_2/datasets/data_splits_sds_train/sparse_214_9.npy,1175
/root/autodl-tmp/UWAmodel_2/datasets/data_splits_original/train/214_12.tiff,/root/autodl-tmp/UWAmodel_2/datasets/data_splits_depth/train/214_12.tif,/root/autodl-tmp/UWAmodel_2/datasets/data_splits_sds_train/sparse_214_12.npy,1175
/root/autodl-tmp/UWAmodel_2/datasets/data_splits_original/train/214_17.tiff,/root/autodl-tmp/UWAmodel_2/datasets/data_splits_depth/train/214_17.tif,/root/autodl-tmp/UWAmodel_2/datasets/data_splits_sds_train/sparse_214_17.npy,1175
/root/autodl-tmp/UWAmodel_2/datasets/data_splits_original/train/214_27.tiff,/root/autodl-tmp/UWAmodel_2/datasets/data_splits_depth/train/214_27.tif,/root/autodl-tmp/UWAmodel_2/datasets/data_splits_sds_train/sparse_214_27.npy,1175
/root/autodl-tmp/UWAmodel_2/datasets/data_splits_original/train/214_32.tiff,/root/autodl-tmp/UWAmodel_2/datasets/data_splits_depth/train/214_32.tif,/root/autodl-tmp/UWAmodel_2/datasets/data_splits_sds_train/sparse_214_32.npy,1175
/root/autodl-tmp/UWAmodel_2/datasets/data_splits_original/train/215_11.tiff,/root/autodl-tmp/UWAmodel_2/datasets/data_splits_depth/train/215_11.tif,/root/autodl-tmp/UWAmodel_2/datasets/data_splits_sds_train/sparse_215_11.npy,1175
/root/autodl-tmp/UWAmodel_2/datasets/data_splits_original/train/215_18.tiff,/root/autodl-tmp/UWAmodel_2/datasets/data_splits_depth/train/215_18.tif,/root/autodl-tmp/UWAmodel_2/datasets/data_splits_sds_train/sparse_215_18.npy,1175
/root/autodl-tmp/UWAmodel_2/datasets/data_splits_original/train/215_34.tiff,/root/autodl-tmp/UWAmodel_2/datasets/data_splits_depth/train/215_34.tif,/root/autodl-tmp/UWAmodel_2/datasets/data_splits_sds_train/sparse_215_34.npy,1175
/root/autodl-tmp/UWAmodel_2/datasets/data_splits_original/train/215_60.tiff,/root/autodl-tmp/UWAmodel_2/datasets/data_splits_depth/train/215_60.tif,/root/autodl-tmp/UWAmodel_2/datasets/data_splits_sds_train/sparse_215_60.npy,1175
/root/autodl-tmp/UWAmodel_2/datasets/data_splits_original/train/215_74.tiff,/root/autodl-tmp/UWAmodel_2/datasets/data_splits_depth/train/215_74.tif,/root/autodl-tmp/UWAmodel_2/datasets/data_splits_sds_train/sparse_215_74.npy,1175
/root/autodl-tmp/UWAmodel_2/datasets/data_splits_original/train/216_4.tiff,/root/autodl-tmp/UWAmodel_2/datasets/data_splits_depth/train/216_4.tif,/root/autodl-tmp/UWAmodel_2/datasets/data_splits_sds_train/sparse_216_4.npy,1175
/root/autodl-tmp/UWAmodel_2/datasets/data_splits_original/train/216_37.tiff,/root/autodl-tmp/UWAmodel_2/datasets/data_splits_depth/train/216_37.tif,/root/autodl-tmp/UWAmodel_2/datasets/data_splits_sds_train/sparse_216_37.npy,1175
/root/autodl-tmp/UWAmodel_2/datasets/data_splits_original/train/216_93.tiff,/root/autodl-tmp/UWAmodel_2/datasets/data_splits_depth/train/216_93.tif,/root/autodl-tmp/UWAmodel_2/datasets/data_splits_sds_train/sparse_216_93.npy,1175
/root/autodl-tmp/UWAmodel_2/datasets/data_splits_original/train/216_100.tiff,/root/autodl-tmp/UWAmodel_2/datasets/data_splits_depth/train/216_100.tif,/root/autodl-tmp/UWAmodel_2/datasets/data_splits_sds_train/sparse_216_100.npy,1175
/root/autodl-tmp/UWAmodel_2/datasets/data_splits_original/train/216_102.tiff,/root/autodl-tmp/UWAmodel_2/datasets/data_splits_depth/train/216_102.tif,/root/autodl-tmp/UWAmodel_2/datasets/data_splits_sds_train/sparse_216_102.npy,1175
/root/autodl-tmp/UWAmodel_2/datasets/data_splits_original/train/220_30.tiff,/root/autodl-tmp/UWAmodel_2/datasets/data_splits_depth/train/220_30.tif,/root/autodl-tmp/UWAmodel_2/datasets/data_splits_sds_train/sparse_220_30.npy,1175
/root/autodl-tmp/UWAmodel_2/datasets/data_splits_original/train/220_59.tiff,/root/autodl-tmp/UWAmodel_2/datasets/data_splits_depth/train/220_59.tif,/root/autodl-tmp/UWAmodel_2/datasets/data_splits_sds_train/sparse_220_59.npy,1175
/root/autodl-tmp/UWAmodel_2/datasets/data_splits_original/train/220_98.tiff,/root/autodl-tmp/UWAmodel_2/datasets/data_splits_depth/train/220_98.tif,/root/autodl-tmp/UWAmodel_2/datasets/data_splits_sds_train/sparse_220_98.npy,1175
/root/autodl-tmp/UWAmodel_2/datasets/data_splits_original/train/220_107.tiff,/root/autodl-tmp/UWAmodel_2/datasets/data_splits_depth/train/220_107.tif,/root/autodl-tmp/UWAmodel_2/datasets/data_splits_sds_train/sparse_220_107.npy,1175
/root/autodl-tmp/UWAmodel_2/datasets/data_splits_original/train/220_118.tiff,/root/autodl-tmp/UWAmodel_2/datasets/data_splits_depth/train/220_118.tif,/root/autodl-tmp/UWAmodel_2/datasets/data_splits_sds_train/sparse_220_118.npy,1175
/root/autodl-tmp/UWAmodel_2/datasets/data_splits_original/train/221_11.tiff,/root/autodl-tmp/UWAmodel_2/datasets/data_splits_depth/train/221_11.tif,/root/autodl-tmp/UWAmodel_2/datasets/data_splits_sds_train/sparse_221_11.npy,1175
/root/autodl-tmp/UWAmodel_2/datasets/data_splits_original/train/221_14.tiff,/root/autodl-tmp/UWAmodel_2/datasets/data_splits_depth/train/221_14.tif,/root/autodl-tmp/UWAmodel_2/datasets/data_splits_sds_train/sparse_221_14.npy,1175
/root/autodl-tmp/UWAmodel_2/datasets/data_splits_original/train/221_22.tiff,/root/autodl-tmp/UWAmodel_2/datasets/data_splits_depth/train/221_22.tif,/root/autodl-tmp/UWAmodel_2/datasets/data_splits_sds_train/sparse_221_22.npy,1175
/root/autodl-tmp/UWAmodel_2/datasets/data_splits_original/train/221_62.tiff,/root/autodl-tmp/UWAmodel_2/datasets/data_splits_depth/train/221_62.tif,/root/autodl-tmp/UWAmodel_2/datasets/data_splits_sds_train/sparse_221_62.npy,1175
/root/autodl-tmp/UWAmodel_2/datasets/data_splits_original/train/221_96.tiff,/root/autodl-tmp/UWAmodel_2/datasets/data_splits_depth/train/221_96.tif,/root/autodl-tmp/UWAmodel_2/datasets/data_splits_sds_train/sparse_221_96.npy,1175
/root/autodl-tmp/UWAmodel_2/datasets/data_splits_original/train/223_6.tiff,/root/autodl-tmp/UWAmodel_2/datasets/data_splits_depth/train/223_6.tif,/root/autodl-tmp/UWAmodel_2/datasets/data_splits_sds_train/sparse_223_6.npy,1175
/root/autodl-tmp/UWAmodel_2/datasets/data_splits_original/train/223_67.tiff,/root/autodl-tmp/UWAmodel_2/datasets/data_splits_depth/train/223_67.tif,/root/autodl-tmp/UWAmodel_2/datasets/data_splits_sds_train/sparse_223_67.npy,1175
/root/autodl-tmp/UWAmodel_2/datasets/data_splits_original/train/223_88.tiff,/root/autodl-tmp/UWAmodel_2/datasets/data_splits_depth/train/223_88.tif,/root/autodl-tmp/UWAmodel_2/datasets/data_splits_sds_train/sparse_223_88.npy,1175
/root/autodl-tmp/UWAmodel_2/datasets/data_splits_original/train/223_91.tiff,/root/autodl-tmp/UWAmodel_2/datasets/data_splits_depth/train/223_91.tif,/root/autodl-tmp/UWAmodel_2/datasets/data_splits_sds_train/sparse_223_91.npy,1175
/root/autodl-tmp/UWAmodel_2/datasets/data_splits_original/train/223_107.tiff,/root/autodl-tmp/UWAmodel_2/datasets/data_splits_depth/train/223_107.tif,/root/autodl-tmp/UWAmodel_2/datasets/data_splits_sds_train/sparse_223_107.npy,1175
/root/autodl-tmp/UWAmodel_2/datasets/data_splits_original/train/225_13.tiff,/root/autodl-tmp/UWAmodel_2/datasets/data_splits_depth/train/225_13.tif,/root/autodl-tmp/UWAmodel_2/datasets/data_splits_sds_train/sparse_225_13.npy,1175
/root/autodl-tmp/UWAmodel_2/datasets/data_splits_original/train/225_30.tiff,/root/autodl-tmp/UWAmodel_2/datasets/data_splits_depth/train/225_30.tif,/root/autodl-tmp/UWAmodel_2/datasets/data_splits_sds_train/sparse_225_30.npy,1175
/root/autodl-tmp/UWAmodel_2/datasets/data_splits_original/train/225_55.tiff,/root/autodl-tmp/UWAmodel_2/datasets/data_splits_depth/train/225_55.tif,/root/autodl-tmp/UWAmodel_2/datasets/data_splits_sds_train/sparse_225_55.npy,1175
/root/autodl-tmp/UWAmodel_2/datasets/data_splits_original/train/225_63.tiff,/root/autodl-tmp/UWAmodel_2/datasets/data_splits_depth/train/225_63.tif,/root/autodl-tmp/UWAmodel_2/datasets/data_splits_sds_train/sparse_225_63.npy,1175
/root/autodl-tmp/UWAmodel_2/datasets/data_splits_original/train/225_112.tiff,/root/autodl-tmp/UWAmodel_2/datasets/data_splits_depth/train/225_112.tif,/root/autodl-tmp/UWAmodel_2/datasets/data_splits_sds_train/sparse_225_112.npy,1175
/root/autodl-tmp/UWAmodel_2/datasets/data_splits_original/train/227_35.tiff,/root/autodl-tmp/UWAmodel_2/datasets/data_splits_depth/train/227_35.tif,/root/autodl-tmp/UWAmodel_2/datasets/data_splits_sds_train/sparse_227_35.npy,1175
/root/autodl-tmp/UWAmodel_2/datasets/data_splits_original/train/227_48.tiff,/root/autodl-tmp/UWAmodel_2/datasets/data_splits_depth/train/227_48.tif,/root/autodl-tmp/UWAmodel_2/datasets/data_splits_sds_train/sparse_227_48.npy,1175
/root/autodl-tmp/UWAmodel_2/datasets/data_splits_original/train/227_75.tiff,/root/autodl-tmp/UWAmodel_2/datasets/data_splits_depth/train/227_75.tif,/root/autodl-tmp/UWAmodel_2/datasets/data_splits_sds_train/sparse_227_75.npy,1175
/root/autodl-tmp/UWAmodel_2/datasets/data_splits_original/train/227_89.tiff,/root/autodl-tmp/UWAmodel_2/datasets/data_splits_depth/train/227_89.tif,/root/autodl-tmp/UWAmodel_2/datasets/data_splits_sds_train/sparse_227_89.npy,1175
/root/autodl-tmp/UWAmodel_2/datasets/data_splits_original/train/227_99.tiff,/root/autodl-tmp/UWAmodel_2/datasets/data_splits_depth/train/227_99.tif,/root/autodl-tmp/UWAmodel_2/datasets/data_splits_sds_train/sparse_227_99.npy,1175
/root/autodl-tmp/UWAmodel_2/datasets/data_splits_original/train/229_42.tiff,/root/autodl-tmp/UWAmodel_2/datasets/data_splits_depth/train/229_42.tif,/root/autodl-tmp/UWAmodel_2/datasets/data_splits_sds_train/sparse_229_42.npy,1175
/root/autodl-tmp/UWAmodel_2/datasets/data_splits_original/train/229_49.tiff,/root/autodl-tmp/UWAmodel_2/datasets/data_splits_depth/train/229_49.tif,/root/autodl-tmp/UWAmodel_2/datasets/data_splits_sds_train/sparse_229_49.npy,1175
/root/autodl-tmp/UWAmodel_2/datasets/data_splits_original/train/229_75.tiff,/root/autodl-tmp/UWAmodel_2/datasets/data_splits_depth/train/229_75.tif,/root/autodl-tmp/UWAmodel_2/datasets/data_splits_sds_train/sparse_229_75.npy,1175
/root/autodl-tmp/UWAmodel_2/datasets/data_splits_original/train/229_80.tiff,/root/autodl-tmp/UWAmodel_2/datasets/data_splits_depth/train/229_80.tif,/root/autodl-tmp/UWAmodel_2/datasets/data_splits_sds_train/sparse_229_80.npy,1175
/root/autodl-tmp/UWAmodel_2/datasets/data_splits_original/train/229_117.tiff,/root/autodl-tmp/UWAmodel_2/datasets/data_splits_depth/train/229_117.tif,/root/autodl-tmp/UWAmodel_2/datasets/data_splits_sds_train/sparse_229_117.npy,1175
/root/autodl-tmp/UWAmodel_2/datasets/data_splits_original/train/230_15.tiff,/root/autodl-tmp/UWAmodel_2/datasets/data_splits_depth/train/230_15.tif,/root/autodl-tmp/UWAmodel_2/datasets/data_splits_sds_train/sparse_230_15.npy,1175
/root/autodl-tmp/UWAmodel_2/datasets/data_splits_original/train/230_24.tiff,/root/autodl-tmp/UWAmodel_2/datasets/data_splits_depth/train/230_24.tif,/root/autodl-tmp/UWAmodel_2/datasets/data_splits_sds_train/sparse_230_24.npy,1175
/root/autodl-tmp/UWAmodel_2/datasets/data_splits_original/train/230_44.tiff,/root/autodl-tmp/UWAmodel_2/datasets/data_splits_depth/train/230_44.tif,/root/autodl-tmp/UWAmodel_2/datasets/data_splits_sds_train/sparse_230_44.npy,1175
/root/autodl-tmp/UWAmodel_2/datasets/data_splits_original/train/230_54.tiff,/root/autodl-tmp/UWAmodel_2/datasets/data_splits_depth/train/230_54.tif,/root/autodl-tmp/UWAmodel_2/datasets/data_splits_sds_train/sparse_230_54.npy,1175
/root/autodl-tmp/UWAmodel_2/datasets/data_splits_original/train/230_78.tiff,/root/autodl-tmp/UWAmodel_2/datasets/data_splits_depth/train/230_78.tif,/root/autodl-tmp/UWAmodel_2/datasets/data_splits_sds_train/sparse_230_78.npy,1175
/root/autodl-tmp/UWAmodel_2/datasets/data_splits_original/train/231_6.tiff,/root/autodl-tmp/UWAmodel_2/datasets/data_splits_depth/train/231_6.tif,/root/autodl-tmp/UWAmodel_2/datasets/data_splits_sds_train/sparse_231_6.npy,1175
/root/autodl-tmp/UWAmodel_2/datasets/data_splits_original/train/231_26.tiff,/root/autodl-tmp/UWAmodel_2/datasets/data_splits_depth/train/231_26.tif,/root/autodl-tmp/UWAmodel_2/datasets/data_splits_sds_train/sparse_231_26.npy,1175
/root/autodl-tmp/UWAmodel_2/datasets/data_splits_original/train/231_55.tiff,/root/autodl-tmp/UWAmodel_2/datasets/data_splits_depth/train/231_55.tif,/root/autodl-tmp/UWAmodel_2/datasets/data_splits_sds_train/sparse_231_55.npy,1175
/root/autodl-tmp/UWAmodel_2/datasets/data_splits_original/train/231_65.tiff,/root/autodl-tmp/UWAmodel_2/datasets/data_splits_depth/train/231_65.tif,/root/autodl-tmp/UWAmodel_2/datasets/data_splits_sds_train/sparse_231_65.npy,1175
/root/autodl-tmp/UWAmodel_2/datasets/data_splits_original/train/231_110.tiff,/root/autodl-tmp/UWAmodel_2/datasets/data_splits_depth/train/231_110.tif,/root/autodl-tmp/UWAmodel_2/datasets/data_splits_sds_train/sparse_231_110.npy,1175
/root/autodl-tmp/UWAmodel_2/datasets/data_splits_original/train/232_5.tiff,/root/autodl-tmp/UWAmodel_2/datasets/data_splits_depth/train/232_5.tif,/root/autodl-tmp/UWAmodel_2/datasets/data_splits_sds_train/sparse_232_5.npy,1175
/root/autodl-tmp/UWAmodel_2/datasets/data_splits_original/train/232_34.tiff,/root/autodl-tmp/UWAmodel_2/datasets/data_splits_depth/train/232_34.tif,/root/autodl-tmp/UWAmodel_2/datasets/data_splits_sds_train/sparse_232_34.npy,1175
/root/autodl-tmp/UWAmodel_2/datasets/data_splits_original/train/232_99.tiff,/root/autodl-tmp/UWAmodel_2/datasets/data_splits_depth/train/232_99.tif,/root/autodl-tmp/UWAmodel_2/datasets/data_splits_sds_train/sparse_232_99.npy,1175
/root/autodl-tmp/UWAmodel_2/datasets/data_splits_original/train/232_113.tiff,/root/autodl-tmp/UWAmodel_2/datasets/data_splits_depth/train/232_113.tif,/root/autodl-tmp/UWAmodel_2/datasets/data_splits_sds_train/sparse_232_113.npy,1175
/root/autodl-tmp/UWAmodel_2/datasets/data_splits_original/train/232_120.tiff,/root/autodl-tmp/UWAmodel_2/datasets/data_splits_depth/train/232_120.tif,/root/autodl-tmp/UWAmodel_2/datasets/data_splits_sds_train/sparse_232_120.npy,1175
/root/autodl-tmp/UWAmodel_2/datasets/data_splits_original/train/233_22.tiff,/root/autodl-tmp/UWAmodel_2/datasets/data_splits_depth/train/233_22.tif,/root/autodl-tmp/UWAmodel_2/datasets/data_splits_sds_train/sparse_233_22.npy,1175
/root/autodl-tmp/UWAmodel_2/datasets/data_splits_original/train/233_52.tiff,/root/autodl-tmp/UWAmodel_2/datasets/data_splits_depth/train/233_52.tif,/root/autodl-tmp/UWAmodel_2/datasets/data_splits_sds_train/sparse_233_52.npy,1175
/root/autodl-tmp/UWAmodel_2/datasets/data_splits_original/train/233_64.tiff,/root/autodl-tmp/UWAmodel_2/datasets/data_splits_depth/train/233_64.tif,/root/autodl-tmp/UWAmodel_2/datasets/data_splits_sds_train/sparse_233_64.npy,1175
/root/autodl-tmp/UWAmodel_2/datasets/data_splits_original/train/233_68.tiff,/root/autodl-tmp/UWAmodel_2/datasets/data_splits_depth/train/233_68.tif,/root/autodl-tmp/UWAmodel_2/datasets/data_splits_sds_train/sparse_233_68.npy,1175
/root/autodl-tmp/UWAmodel_2/datasets/data_splits_original/train/233_78.tiff,/root/autodl-tmp/UWAmodel_2/datasets/data_splits_depth/train/233_78.tif,/root/autodl-tmp/UWAmodel_2/datasets/data_splits_sds_train/sparse_233_78.npy,1175
/root/autodl-tmp/UWAmodel_2/datasets/data_splits_original/train/234_37.tiff,/root/autodl-tmp/UWAmodel_2/datasets/data_splits_depth/train/234_37.tif,/root/autodl-tmp/UWAmodel_2/datasets/data_splits_sds_train/sparse_234_37.npy,1175
/root/autodl-tmp/UWAmodel_2/datasets/data_splits_original/train/234_38.tiff,/root/autodl-tmp/UWAmodel_2/datasets/data_splits_depth/train/234_38.tif,/root/autodl-tmp/UWAmodel_2/datasets/data_splits_sds_train/sparse_234_38.npy,1175
/root/autodl-tmp/UWAmodel_2/datasets/data_splits_original/train/234_39.tiff,/root/autodl-tmp/UWAmodel_2/datasets/data_splits_depth/train/234_39.tif,/root/autodl-tmp/UWAmodel_2/datasets/data_splits_sds_train/sparse_234_39.npy,1175
/root/autodl-tmp/UWAmodel_2/datasets/data_splits_original/train/234_86.tiff,/root/autodl-tmp/UWAmodel_2/datasets/data_splits_depth/train/234_86.tif,/root/autodl-tmp/UWAmodel_2/datasets/data_splits_sds_train/sparse_234_86.npy,1175
/root/autodl-tmp/UWAmodel_2/datasets/data_splits_original/train/234_114.tiff,/root/autodl-tmp/UWAmodel_2/datasets/data_splits_depth/train/234_114.tif,/root/autodl-tmp/UWAmodel_2/datasets/data_splits_sds_train/sparse_234_114.npy,1175
/root/autodl-tmp/UWAmodel_2/datasets/data_splits_original/train/235_47.tiff,/root/autodl-tmp/UWAmodel_2/datasets/data_splits_depth/train/235_47.tif,/root/autodl-tmp/UWAmodel_2/datasets/data_splits_sds_train/sparse_235_47.npy,1175
/root/autodl-tmp/UWAmodel_2/datasets/data_splits_original/train/235_48.tiff,/root/autodl-tmp/UWAmodel_2/datasets/data_splits_depth/train/235_48.tif,/root/autodl-tmp/UWAmodel_2/datasets/data_splits_sds_train/sparse_235_48.npy,1175
/root/autodl-tmp/UWAmodel_2/datasets/data_splits_original/train/235_58.tiff,/root/autodl-tmp/UWAmodel_2/datasets/data_splits_depth/train/235_58.tif,/root/autodl-tmp/UWAmodel_2/datasets/data_splits_sds_train/sparse_235_58.npy,1175
/root/autodl-tmp/UWAmodel_2/datasets/data_splits_original/train/235_60.tiff,/root/autodl-tmp/UWAmodel_2/datasets/data_splits_depth/train/235_60.tif,/root/autodl-tmp/UWAmodel_2/datasets/data_splits_sds_train/sparse_235_60.npy,1175
/root/autodl-tmp/UWAmodel_2/datasets/data_splits_original/train/235_107.tiff,/root/autodl-tmp/UWAmodel_2/datasets/data_splits_depth/train/235_107.tif,/root/autodl-tmp/UWAmodel_2/datasets/data_splits_sds_train/sparse_235_107.npy,1175
/root/autodl-tmp/UWAmodel_2/datasets/data_splits_original/train/236_8.tiff,/root/autodl-tmp/UWAmodel_2/datasets/data_splits_depth/train/236_8.tif,/root/autodl-tmp/UWAmodel_2/datasets/data_splits_sds_train/sparse_236_8.npy,1175
/root/autodl-tmp/UWAmodel_2/datasets/data_splits_original/train/236_25.tiff,/root/autodl-tmp/UWAmodel_2/datasets/data_splits_depth/train/236_25.tif,/root/autodl-tmp/UWAmodel_2/datasets/data_splits_sds_train/sparse_236_25.npy,1175
/root/autodl-tmp/UWAmodel_2/datasets/data_splits_original/train/236_38.tiff,/root/autodl-tmp/UWAmodel_2/datasets/data_splits_depth/train/236_38.tif,/root/autodl-tmp/UWAmodel_2/datasets/data_splits_sds_train/sparse_236_38.npy,1175
/root/autodl-tmp/UWAmodel_2/datasets/data_splits_original/train/236_96.tiff,/root/autodl-tmp/UWAmodel_2/datasets/data_splits_depth/train/236_96.tif,/root/autodl-tmp/UWAmodel_2/datasets/data_splits_sds_train/sparse_236_96.npy,1175
/root/autodl-tmp/UWAmodel_2/datasets/data_splits_original/train/236_117.tiff,/root/autodl-tmp/UWAmodel_2/datasets/data_splits_depth/train/236_117.tif,/root/autodl-tmp/UWAmodel_2/datasets/data_splits_sds_train/sparse_236_117.npy,1175
/root/autodl-tmp/UWAmodel_2/datasets/data_splits_original/train/237_6.tiff,/root/autodl-tmp/UWAmodel_2/datasets/data_splits_depth/train/237_6.tif,/root/autodl-tmp/UWAmodel_2/datasets/data_splits_sds_train/sparse_237_6.npy,1175
/root/autodl-tmp/UWAmodel_2/datasets/data_splits_original/train/237_15.tiff,/root/autodl-tmp/UWAmodel_2/datasets/data_splits_depth/train/237_15.tif,/root/autodl-tmp/UWAmodel_2/datasets/data_splits_sds_train/sparse_237_15.npy,1175
/root/autodl-tmp/UWAmodel_2/datasets/data_splits_original/train/237_17.tiff,/root/autodl-tmp/UWAmodel_2/datasets/data_splits_depth/train/237_17.tif,/root/autodl-tmp/UWAmodel_2/datasets/data_splits_sds_train/sparse_237_17.npy,1175
/root/autodl-tmp/UWAmodel_2/datasets/data_splits_original/train/237_42.tiff,/root/autodl-tmp/UWAmodel_2/datasets/data_splits_depth/train/237_42.tif,/root/autodl-tmp/UWAmodel_2/datasets/data_splits_sds_train/sparse_237_42.npy,1175
/root/autodl-tmp/UWAmodel_2/datasets/data_splits_original/train/237_58.tiff,/root/autodl-tmp/UWAmodel_2/datasets/data_splits_depth/train/237_58.tif,/root/autodl-tmp/UWAmodel_2/datasets/data_splits_sds_train/sparse_237_58.npy,1175
/root/autodl-tmp/UWAmodel_2/datasets/data_splits_original/train/238_5.tiff,/root/autodl-tmp/UWAmodel_2/datasets/data_splits_depth/train/238_5.tif,/root/autodl-tmp/UWAmodel_2/datasets/data_splits_sds_train/sparse_238_5.npy,1175
/root/autodl-tmp/UWAmodel_2/datasets/data_splits_original/train/238_14.tiff,/root/autodl-tmp/UWAmodel_2/datasets/data_splits_depth/train/238_14.tif,/root/autodl-tmp/UWAmodel_2/datasets/data_splits_sds_train/sparse_238_14.npy,1175
/root/autodl-tmp/UWAmodel_2/datasets/data_splits_original/train/238_21.tiff,/root/autodl-tmp/UWAmodel_2/datasets/data_splits_depth/train/238_21.tif,/root/autodl-tmp/UWAmodel_2/datasets/data_splits_sds_train/sparse_238_21.npy,1175
/root/autodl-tmp/UWAmodel_2/datasets/data_splits_original/train/238_51.tiff,/root/autodl-tmp/UWAmodel_2/datasets/data_splits_depth/train/238_51.tif,/root/autodl-tmp/UWAmodel_2/datasets/data_splits_sds_train/sparse_238_51.npy,1175
/root/autodl-tmp/UWAmodel_2/datasets/data_splits_original/train/238_119.tiff,/root/autodl-tmp/UWAmodel_2/datasets/data_splits_depth/train/238_119.tif,/root/autodl-tmp/UWAmodel_2/datasets/data_splits_sds_train/sparse_238_119.npy,1175
/root/autodl-tmp/UWAmodel_2/datasets/data_splits_original/train/239_36.tiff,/root/autodl-tmp/UWAmodel_2/datasets/data_splits_depth/train/239_36.tif,/root/autodl-tmp/UWAmodel_2/datasets/data_splits_sds_train/sparse_239_36.npy,1175
/root/autodl-tmp/UWAmodel_2/datasets/data_splits_original/train/239_58.tiff,/root/autodl-tmp/UWAmodel_2/datasets/data_splits_depth/train/239_58.tif,/root/autodl-tmp/UWAmodel_2/datasets/data_splits_sds_train/sparse_239_58.npy,1175
/root/autodl-tmp/UWAmodel_2/datasets/data_splits_original/train/239_88.tiff,/root/autodl-tmp/UWAmodel_2/datasets/data_splits_depth/train/239_88.tif,/root/autodl-tmp/UWAmodel_2/datasets/data_splits_sds_train/sparse_239_88.npy,1175
/root/autodl-tmp/UWAmodel_2/datasets/data_splits_original/train/239_93.tiff,/root/autodl-tmp/UWAmodel_2/datasets/data_splits_depth/train/239_93.tif,/root/autodl-tmp/UWAmodel_2/datasets/data_splits_sds_train/sparse_239_93.npy,1175
/root/autodl-tmp/UWAmodel_2/datasets/data_splits_original/train/239_118.tiff,/root/autodl-tmp/UWAmodel_2/datasets/data_splits_depth/train/239_118.tif,/root/autodl-tmp/UWAmodel_2/datasets/data_splits_sds_train/sparse_239_118.npy,1175
/root/autodl-tmp/UWAmodel_2/datasets/data_splits_original/train/240_38.tiff,/root/autodl-tmp/UWAmodel_2/datasets/data_splits_depth/train/240_38.tif,/root/autodl-tmp/UWAmodel_2/datasets/data_splits_sds_train/sparse_240_38.npy,1175
/root/autodl-tmp/UWAmodel_2/datasets/data_splits_original/train/240_43.tiff,/root/autodl-tmp/UWAmodel_2/datasets/data_splits_depth/train/240_43.tif,/root/autodl-tmp/UWAmodel_2/datasets/data_splits_sds_train/sparse_240_43.npy,1175
/root/autodl-tmp/UWAmodel_2/datasets/data_splits_original/train/240_78.tiff,/root/autodl-tmp/UWAmodel_2/datasets/data_splits_depth/train/240_78.tif,/root/autodl-tmp/UWAmodel_2/datasets/data_splits_sds_train/sparse_240_78.npy,1175
/root/autodl-tmp/UWAmodel_2/datasets/data_splits_original/train/240_105.tiff,/root/autodl-tmp/UWAmodel_2/datasets/data_splits_depth/train/240_105.tif,/root/autodl-tmp/UWAmodel_2/datasets/data_splits_sds_train/sparse_240_105.npy,1175
/root/autodl-tmp/UWAmodel_2/datasets/data_splits_original/train/240_106.tiff,/root/autodl-tmp/UWAmodel_2/datasets/data_splits_depth/train/240_106.tif,/root/autodl-tmp/UWAmodel_2/datasets/data_splits_sds_train/sparse_240_106.npy,1175
/root/autodl-tmp/UWAmodel_2/datasets/data_splits_original/train/241_4.tiff,/root/autodl-tmp/UWAmodel_2/datasets/data_splits_depth/train/241_4.tif,/root/autodl-tmp/UWAmodel_2/datasets/data_splits_sds_train/sparse_241_4.npy,1175
/root/autodl-tmp/UWAmodel_2/datasets/data_splits_original/train/241_68.tiff,/root/autodl-tmp/UWAmodel_2/datasets/data_splits_depth/train/241_68.tif,/root/autodl-tmp/UWAmodel_2/datasets/data_splits_sds_train/sparse_241_68.npy,1175
/root/autodl-tmp/UWAmodel_2/datasets/data_splits_original/train/241_74.tiff,/root/autodl-tmp/UWAmodel_2/datasets/data_splits_depth/train/241_74.tif,/root/autodl-tmp/UWAmodel_2/datasets/data_splits_sds_train/sparse_241_74.npy,1175
/root/autodl-tmp/UWAmodel_2/datasets/data_splits_original/train/241_112.tiff,/root/autodl-tmp/UWAmodel_2/datasets/data_splits_depth/train/241_112.tif,/root/autodl-tmp/UWAmodel_2/datasets/data_splits_sds_train/sparse_241_112.npy,1175
/root/autodl-tmp/UWAmodel_2/datasets/data_splits_original/train/241_114.tiff,/root/autodl-tmp/UWAmodel_2/datasets/data_splits_depth/train/241_114.tif,/root/autodl-tmp/UWAmodel_2/datasets/data_splits_sds_train/sparse_241_114.npy,1175
/root/autodl-tmp/UWAmodel_2/datasets/data_splits_original/train/242_4.tiff,/root/autodl-tmp/UWAmodel_2/datasets/data_splits_depth/train/242_4.tif,/root/autodl-tmp/UWAmodel_2/datasets/data_splits_sds_train/sparse_242_4.npy,1175
/root/autodl-tmp/UWAmodel_2/datasets/data_splits_original/train/242_6.tiff,/root/autodl-tmp/UWAmodel_2/datasets/data_splits_depth/train/242_6.tif,/root/autodl-tmp/UWAmodel_2/datasets/data_splits_sds_train/sparse_242_6.npy,1175
/root/autodl-tmp/UWAmodel_2/datasets/data_splits_original/train/242_29.tiff,/root/autodl-tmp/UWAmodel_2/datasets/data_splits_depth/train/242_29.tif,/root/autodl-tmp/UWAmodel_2/datasets/data_splits_sds_train/sparse_242_29.npy,1175
/root/autodl-tmp/UWAmodel_2/datasets/data_splits_original/train/242_83.tiff,/root/autodl-tmp/UWAmodel_2/datasets/data_splits_depth/train/242_83.tif,/root/autodl-tmp/UWAmodel_2/datasets/data_splits_sds_train/sparse_242_83.npy,1175
/root/autodl-tmp/UWAmodel_2/datasets/data_splits_original/train/242_113.tiff,/root/autodl-tmp/UWAmodel_2/datasets/data_splits_depth/train/242_113.tif,/root/autodl-tmp/UWAmodel_2/datasets/data_splits_sds_train/sparse_242_113.npy,1175
/root/autodl-tmp/UWAmodel_2/datasets/data_splits_original/train/243_38.tiff,/root/autodl-tmp/UWAmodel_2/datasets/data_splits_depth/train/243_38.tif,/root/autodl-tmp/UWAmodel_2/datasets/data_splits_sds_train/sparse_243_38.npy,1175
/root/autodl-tmp/UWAmodel_2/datasets/data_splits_original/train/243_56.tiff,/root/autodl-tmp/UWAmodel_2/datasets/data_splits_depth/train/243_56.tif,/root/autodl-tmp/UWAmodel_2/datasets/data_splits_sds_train/sparse_243_56.npy,1175
/root/autodl-tmp/UWAmodel_2/datasets/data_splits_original/train/243_71.tiff,/root/autodl-tmp/UWAmodel_2/datasets/data_splits_depth/train/243_71.tif,/root/autodl-tmp/UWAmodel_2/datasets/data_splits_sds_train/sparse_243_71.npy,1175
/root/autodl-tmp/UWAmodel_2/datasets/data_splits_original/train/243_79.tiff,/root/autodl-tmp/UWAmodel_2/datasets/data_splits_depth/train/243_79.tif,/root/autodl-tmp/UWAmodel_2/datasets/data_splits_sds_train/sparse_243_79.npy,1175
/root/autodl-tmp/UWAmodel_2/datasets/data_splits_original/train/243_102.tiff,/root/autodl-tmp/UWAmodel_2/datasets/data_splits_depth/train/243_102.tif,/root/autodl-tmp/UWAmodel_2/datasets/data_splits_sds_train/sparse_243_102.npy,1175
/root/autodl-tmp/UWAmodel_2/datasets/data_splits_original/train/244_5.tiff,/root/autodl-tmp/UWAmodel_2/datasets/data_splits_depth/train/244_5.tif,/root/autodl-tmp/UWAmodel_2/datasets/data_splits_sds_train/sparse_244_5.npy,1175
/root/autodl-tmp/UWAmodel_2/datasets/data_splits_original/train/244_15.tiff,/root/autodl-tmp/UWAmodel_2/datasets/data_splits_depth/train/244_15.tif,/root/autodl-tmp/UWAmodel_2/datasets/data_splits_sds_train/sparse_244_15.npy,1175
/root/autodl-tmp/UWAmodel_2/datasets/data_splits_original/train/244_17.tiff,/root/autodl-tmp/UWAmodel_2/datasets/data_splits_depth/train/244_17.tif,/root/autodl-tmp/UWAmodel_2/datasets/data_splits_sds_train/sparse_244_17.npy,1175
/root/autodl-tmp/UWAmodel_2/datasets/data_splits_original/train/244_43.tiff,/root/autodl-tmp/UWAmodel_2/datasets/data_splits_depth/train/244_43.tif,/root/autodl-tmp/UWAmodel_2/datasets/data_splits_sds_train/sparse_244_43.npy,1175
/root/autodl-tmp/UWAmodel_2/datasets/data_splits_original/train/244_106.tiff,/root/autodl-tmp/UWAmodel_2/datasets/data_splits_depth/train/244_106.tif,/root/autodl-tmp/UWAmodel_2/datasets/data_splits_sds_train/sparse_244_106.npy,1175
/root/autodl-tmp/UWAmodel_2/datasets/data_splits_original/train/245_13.tiff,/root/autodl-tmp/UWAmodel_2/datasets/data_splits_depth/train/245_13.tif,/root/autodl-tmp/UWAmodel_2/datasets/data_splits_sds_train/sparse_245_13.npy,1175
/root/autodl-tmp/UWAmodel_2/datasets/data_splits_original/train/245_53.tiff,/root/autodl-tmp/UWAmodel_2/datasets/data_splits_depth/train/245_53.tif,/root/autodl-tmp/UWAmodel_2/datasets/data_splits_sds_train/sparse_245_53.npy,1175
/root/autodl-tmp/UWAmodel_2/datasets/data_splits_original/train/245_69.tiff,/root/autodl-tmp/UWAmodel_2/datasets/data_splits_depth/train/245_69.tif,/root/autodl-tmp/UWAmodel_2/datasets/data_splits_sds_train/sparse_245_69.npy,1175
/root/autodl-tmp/UWAmodel_2/datasets/data_splits_original/train/245_82.tiff,/root/autodl-tmp/UWAmodel_2/datasets/data_splits_depth/train/245_82.tif,/root/autodl-tmp/UWAmodel_2/datasets/data_splits_sds_train/sparse_245_82.npy,1175
/root/autodl-tmp/UWAmodel_2/datasets/data_splits_original/train/245_114.tiff,/root/autodl-tmp/UWAmodel_2/datasets/data_splits_depth/train/245_114.tif,/root/autodl-tmp/UWAmodel_2/datasets/data_splits_sds_train/sparse_245_114.npy,1175
/root/autodl-tmp/UWAmodel_2/datasets/data_splits_original/train/246_17.tiff,/root/autodl-tmp/UWAmodel_2/datasets/data_splits_depth/train/246_17.tif,/root/autodl-tmp/UWAmodel_2/datasets/data_splits_sds_train/sparse_246_17.npy,1175
/root/autodl-tmp/UWAmodel_2/datasets/data_splits_original/train/246_24.tiff,/root/autodl-tmp/UWAmodel_2/datasets/data_splits_depth/train/246_24.tif,/root/autodl-tmp/UWAmodel_2/datasets/data_splits_sds_train/sparse_246_24.npy,1175
/root/autodl-tmp/UWAmodel_2/datasets/data_splits_original/train/246_47.tiff,/root/autodl-tmp/UWAmodel_2/datasets/data_splits_depth/train/246_47.tif,/root/autodl-tmp/UWAmodel_2/datasets/data_splits_sds_train/sparse_246_47.npy,1175
/root/autodl-tmp/UWAmodel_2/datasets/data_splits_original/train/246_113.tiff,/root/autodl-tmp/UWAmodel_2/datasets/data_splits_depth/train/246_113.tif,/root/autodl-tmp/UWAmodel_2/datasets/data_splits_sds_train/sparse_246_113.npy,1175
/root/autodl-tmp/UWAmodel_2/datasets/data_splits_original/train/246_116.tiff,/root/autodl-tmp/UWAmodel_2/datasets/data_splits_depth/train/246_116.tif,/root/autodl-tmp/UWAmodel_2/datasets/data_splits_sds_train/sparse_246_116.npy,1175
/root/autodl-tmp/UWAmodel_2/datasets/data_splits_original/train/247_5.tiff,/root/autodl-tmp/UWAmodel_2/datasets/data_splits_depth/train/247_5.tif,/root/autodl-tmp/UWAmodel_2/datasets/data_splits_sds_train/sparse_247_5.npy,1175
/root/autodl-tmp/UWAmodel_2/datasets/data_splits_original/train/247_15.tiff,/root/autodl-tmp/UWAmodel_2/datasets/data_splits_depth/train/247_15.tif,/root/autodl-tmp/UWAmodel_2/datasets/data_splits_sds_train/sparse_247_15.npy,1175
/root/autodl-tmp/UWAmodel_2/datasets/data_splits_original/train/247_33.tiff,/root/autodl-tmp/UWAmodel_2/datasets/data_splits_depth/train/247_33.tif,/root/autodl-tmp/UWAmodel_2/datasets/data_splits_sds_train/sparse_247_33.npy,1175
/root/autodl-tmp/UWAmodel_2/datasets/data_splits_original/train/247_94.tiff,/root/autodl-tmp/UWAmodel_2/datasets/data_splits_depth/train/247_94.tif,/root/autodl-tmp/UWAmodel_2/datasets/data_splits_sds_train/sparse_247_94.npy,1175
/root/autodl-tmp/UWAmodel_2/datasets/data_splits_original/train/247_104.tiff,/root/autodl-tmp/UWAmodel_2/datasets/data_splits_depth/train/247_104.tif,/root/autodl-tmp/UWAmodel_2/datasets/data_splits_sds_train/sparse_247_104.npy,1175
/root/autodl-tmp/UWAmodel_2/datasets/data_splits_original/train/248_7.tiff,/root/autodl-tmp/UWAmodel_2/datasets/data_splits_depth/train/248_7.tif,/root/autodl-tmp/UWAmodel_2/datasets/data_splits_sds_train/sparse_248_7.npy,1175
/root/autodl-tmp/UWAmodel_2/datasets/data_splits_original/train/248_22.tiff,/root/autodl-tmp/UWAmodel_2/datasets/data_splits_depth/train/248_22.tif,/root/autodl-tmp/UWAmodel_2/datasets/data_splits_sds_train/sparse_248_22.npy,1175
/root/autodl-tmp/UWAmodel_2/datasets/data_splits_original/train/248_71.tiff,/root/autodl-tmp/UWAmodel_2/datasets/data_splits_depth/train/248_71.tif,/root/autodl-tmp/UWAmodel_2/datasets/data_splits_sds_train/sparse_248_71.npy,1175
/root/autodl-tmp/UWAmodel_2/datasets/data_splits_original/train/248_74.tiff,/root/autodl-tmp/UWAmodel_2/datasets/data_splits_depth/train/248_74.tif,/root/autodl-tmp/UWAmodel_2/datasets/data_splits_sds_train/sparse_248_74.npy,1175
/root/autodl-tmp/UWAmodel_2/datasets/data_splits_original/train/248_107.tiff,/root/autodl-tmp/UWAmodel_2/datasets/data_splits_depth/train/248_107.tif,/root/autodl-tmp/UWAmodel_2/datasets/data_splits_sds_train/sparse_248_107.npy,1175
/root/autodl-tmp/UWAmodel_2/datasets/data_splits_original/train/249_33.tiff,/root/autodl-tmp/UWAmodel_2/datasets/data_splits_depth/train/249_33.tif,/root/autodl-tmp/UWAmodel_2/datasets/data_splits_sds_train/sparse_249_33.npy,1175
/root/autodl-tmp/UWAmodel_2/datasets/data_splits_original/train/249_49.tiff,/root/autodl-tmp/UWAmodel_2/datasets/data_splits_depth/train/249_49.tif,/root/autodl-tmp/UWAmodel_2/datasets/data_splits_sds_train/sparse_249_49.npy,1175
/root/autodl-tmp/UWAmodel_2/datasets/data_splits_original/train/249_61.tiff,/root/autodl-tmp/UWAmodel_2/datasets/data_splits_depth/train/249_61.tif,/root/autodl-tmp/UWAmodel_2/datasets/data_splits_sds_train/sparse_249_61.npy,1175
/root/autodl-tmp/UWAmodel_2/datasets/data_splits_original/train/249_66.tiff,/root/autodl-tmp/UWAmodel_2/datasets/data_splits_depth/train/249_66.tif,/root/autodl-tmp/UWAmodel_2/datasets/data_splits_sds_train/sparse_249_66.npy,1175
/root/autodl-tmp/UWAmodel_2/datasets/data_splits_original/train/249_119.tiff,/root/autodl-tmp/UWAmodel_2/datasets/data_splits_depth/train/249_119.tif,/root/autodl-tmp/UWAmodel_2/datasets/data_splits_sds_train/sparse_249_119.npy,1175
/root/autodl-tmp/UWAmodel_2/datasets/data_splits_original/train/250_16.tiff,/root/autodl-tmp/UWAmodel_2/datasets/data_splits_depth/train/250_16.tif,/root/autodl-tmp/UWAmodel_2/datasets/data_splits_sds_train/sparse_250_16.npy,1175
/root/autodl-tmp/UWAmodel_2/datasets/data_splits_original/train/250_33.tiff,/root/autodl-tmp/UWAmodel_2/datasets/data_splits_depth/train/250_33.tif,/root/autodl-tmp/UWAmodel_2/datasets/data_splits_sds_train/sparse_250_33.npy,1175
/root/autodl-tmp/UWAmodel_2/datasets/data_splits_original/train/250_72.tiff,/root/autodl-tmp/UWAmodel_2/datasets/data_splits_depth/train/250_72.tif,/root/autodl-tmp/UWAmodel_2/datasets/data_splits_sds_train/sparse_250_72.npy,1175
/root/autodl-tmp/UWAmodel_2/datasets/data_splits_original/train/250_78.tiff,/root/autodl-tmp/UWAmodel_2/datasets/data_splits_depth/train/250_78.tif,/root/autodl-tmp/UWAmodel_2/datasets/data_splits_sds_train/sparse_250_78.npy,1175
/root/autodl-tmp/UWAmodel_2/datasets/data_splits_original/train/250_93.tiff,/root/autodl-tmp/UWAmodel_2/datasets/data_splits_depth/train/250_93.tif,/root/autodl-tmp/UWAmodel_2/datasets/data_splits_sds_train/sparse_250_93.npy,1175
/root/autodl-tmp/UWAmodel_2/datasets/data_splits_original/train/251_11.tiff,/root/autodl-tmp/UWAmodel_2/datasets/data_splits_depth/train/251_11.tif,/root/autodl-tmp/UWAmodel_2/datasets/data_splits_sds_train/sparse_251_11.npy,1175
/root/autodl-tmp/UWAmodel_2/datasets/data_splits_original/train/251_18.tiff,/root/autodl-tmp/UWAmodel_2/datasets/data_splits_depth/train/251_18.tif,/root/autodl-tmp/UWAmodel_2/datasets/data_splits_sds_train/sparse_251_18.npy,1175
/root/autodl-tmp/UWAmodel_2/datasets/data_splits_original/train/251_35.tiff,/root/autodl-tmp/UWAmodel_2/datasets/data_splits_depth/train/251_35.tif,/root/autodl-tmp/UWAmodel_2/datasets/data_splits_sds_train/sparse_251_35.npy,1175
/root/autodl-tmp/UWAmodel_2/datasets/data_splits_original/train/251_42.tiff,/root/autodl-tmp/UWAmodel_2/datasets/data_splits_depth/train/251_42.tif,/root/autodl-tmp/UWAmodel_2/datasets/data_splits_sds_train/sparse_251_42.npy,1175
/root/autodl-tmp/UWAmodel_2/datasets/data_splits_original/train/251_53.tiff,/root/autodl-tmp/UWAmodel_2/datasets/data_splits_depth/train/251_53.tif,/root/autodl-tmp/UWAmodel_2/datasets/data_splits_sds_train/sparse_251_53.npy,1175
/root/autodl-tmp/UWAmodel_2/datasets/data_splits_original/train/252_48.tiff,/root/autodl-tmp/UWAmodel_2/datasets/data_splits_depth/train/252_48.tif,/root/autodl-tmp/UWAmodel_2/datasets/data_splits_sds_train/sparse_252_48.npy,1175
/root/autodl-tmp/UWAmodel_2/datasets/data_splits_original/train/252_63.tiff,/root/autodl-tmp/UWAmodel_2/datasets/data_splits_depth/train/252_63.tif,/root/autodl-tmp/UWAmodel_2/datasets/data_splits_sds_train/sparse_252_63.npy,1175
/root/autodl-tmp/UWAmodel_2/datasets/data_splits_original/train/252_74.tiff,/root/autodl-tmp/UWAmodel_2/datasets/data_splits_depth/train/252_74.tif,/root/autodl-tmp/UWAmodel_2/datasets/data_splits_sds_train/sparse_252_74.npy,1175
/root/autodl-tmp/UWAmodel_2/datasets/data_splits_original/train/252_109.tiff,/root/autodl-tmp/UWAmodel_2/datasets/data_splits_depth/train/252_109.tif,/root/autodl-tmp/UWAmodel_2/datasets/data_splits_sds_train/sparse_252_109.npy,1175
/root/autodl-tmp/UWAmodel_2/datasets/data_splits_original/train/252_119.tiff,/root/autodl-tmp/UWAmodel_2/datasets/data_splits_depth/train/252_119.tif,/root/autodl-tmp/UWAmodel_2/datasets/data_splits_sds_train/sparse_252_119.npy,1175
/root/autodl-tmp/UWAmodel_2/datasets/data_splits_original/train/253_33.tiff,/root/autodl-tmp/UWAmodel_2/datasets/data_splits_depth/train/253_33.tif,/root/autodl-tmp/UWAmodel_2/datasets/data_splits_sds_train/sparse_253_33.npy,1175
/root/autodl-tmp/UWAmodel_2/datasets/data_splits_original/train/253_38.tiff,/root/autodl-tmp/UWAmodel_2/datasets/data_splits_depth/train/253_38.tif,/root/autodl-tmp/UWAmodel_2/datasets/data_splits_sds_train/sparse_253_38.npy,1175
/root/autodl-tmp/UWAmodel_2/datasets/data_splits_original/train/253_53.tiff,/root/autodl-tmp/UWAmodel_2/datasets/data_splits_depth/train/253_53.tif,/root/autodl-tmp/UWAmodel_2/datasets/data_splits_sds_train/sparse_253_53.npy,1175
/root/autodl-tmp/UWAmodel_2/datasets/data_splits_original/train/253_79.tiff,/root/autodl-tmp/UWAmodel_2/datasets/data_splits_depth/train/253_79.tif,/root/autodl-tmp/UWAmodel_2/datasets/data_splits_sds_train/sparse_253_79.npy,1175
/root/autodl-tmp/UWAmodel_2/datasets/data_splits_original/train/253_120.tiff,/root/autodl-tmp/UWAmodel_2/datasets/data_splits_depth/train/253_120.tif,/root/autodl-tmp/UWAmodel_2/datasets/data_splits_sds_train/sparse_253_120.npy,1175
/root/autodl-tmp/UWAmodel_2/datasets/data_splits_original/train/254_8.tiff,/root/autodl-tmp/UWAmodel_2/datasets/data_splits_depth/train/254_8.tif,/root/autodl-tmp/UWAmodel_2/datasets/data_splits_sds_train/sparse_254_8.npy,1175
/root/autodl-tmp/UWAmodel_2/datasets/data_splits_original/train/254_16.tiff,/root/autodl-tmp/UWAmodel_2/datasets/data_splits_depth/train/254_16.tif,/root/autodl-tmp/UWAmodel_2/datasets/data_splits_sds_train/sparse_254_16.npy,1175
/root/autodl-tmp/UWAmodel_2/datasets/data_splits_original/train/254_81.tiff,/root/autodl-tmp/UWAmodel_2/datasets/data_splits_depth/train/254_81.tif,/root/autodl-tmp/UWAmodel_2/datasets/data_splits_sds_train/sparse_254_81.npy,1175
/root/autodl-tmp/UWAmodel_2/datasets/data_splits_original/train/254_94.tiff,/root/autodl-tmp/UWAmodel_2/datasets/data_splits_depth/train/254_94.tif,/root/autodl-tmp/UWAmodel_2/datasets/data_splits_sds_train/sparse_254_94.npy,1175
/root/autodl-tmp/UWAmodel_2/datasets/data_splits_original/train/254_104.tiff,/root/autodl-tmp/UWAmodel_2/datasets/data_splits_depth/train/254_104.tif,/root/autodl-tmp/UWAmodel_2/datasets/data_splits_sds_train/sparse_254_104.npy,1175
/root/autodl-tmp/UWAmodel_2/datasets/data_splits_original/train/256_5.tiff,/root/autodl-tmp/UWAmodel_2/datasets/data_splits_depth/train/256_5.tif,/root/autodl-tmp/UWAmodel_2/datasets/data_splits_sds_train/sparse_256_5.npy,1175
/root/autodl-tmp/UWAmodel_2/datasets/data_splits_original/train/256_68.tiff,/root/autodl-tmp/UWAmodel_2/datasets/data_splits_depth/train/256_68.tif,/root/autodl-tmp/UWAmodel_2/datasets/data_splits_sds_train/sparse_256_68.npy,1175
/root/autodl-tmp/UWAmodel_2/datasets/data_splits_original/train/256_85.tiff,/root/autodl-tmp/UWAmodel_2/datasets/data_splits_depth/train/256_85.tif,/root/autodl-tmp/UWAmodel_2/datasets/data_splits_sds_train/sparse_256_85.npy,1175
/root/autodl-tmp/UWAmodel_2/datasets/data_splits_original/train/256_102.tiff,/root/autodl-tmp/UWAmodel_2/datasets/data_splits_depth/train/256_102.tif,/root/autodl-tmp/UWAmodel_2/datasets/data_splits_sds_train/sparse_256_102.npy,1175
/root/autodl-tmp/UWAmodel_2/datasets/data_splits_original/train/256_109.tiff,/root/autodl-tmp/UWAmodel_2/datasets/data_splits_depth/train/256_109.tif,/root/autodl-tmp/UWAmodel_2/datasets/data_splits_sds_train/sparse_256_109.npy,1175
/root/autodl-tmp/UWAmodel_2/datasets/data_splits_original/train/257_14.tiff,/root/autodl-tmp/UWAmodel_2/datasets/data_splits_depth/train/257_14.tif,/root/autodl-tmp/UWAmodel_2/datasets/data_splits_sds_train/sparse_257_14.npy,1175
/root/autodl-tmp/UWAmodel_2/datasets/data_splits_original/train/257_43.tiff,/root/autodl-tmp/UWAmodel_2/datasets/data_splits_depth/train/257_43.tif,/root/autodl-tmp/UWAmodel_2/datasets/data_splits_sds_train/sparse_257_43.npy,1175
/root/autodl-tmp/UWAmodel_2/datasets/data_splits_original/train/257_92.tiff,/root/autodl-tmp/UWAmodel_2/datasets/data_splits_depth/train/257_92.tif,/root/autodl-tmp/UWAmodel_2/datasets/data_splits_sds_train/sparse_257_92.npy,1175
/root/autodl-tmp/UWAmodel_2/datasets/data_splits_original/train/257_109.tiff,/root/autodl-tmp/UWAmodel_2/datasets/data_splits_depth/train/257_109.tif,/root/autodl-tmp/UWAmodel_2/datasets/data_splits_sds_train/sparse_257_109.npy,1175
/root/autodl-tmp/UWAmodel_2/datasets/data_splits_original/train/257_117.tiff,/root/autodl-tmp/UWAmodel_2/datasets/data_splits_depth/train/257_117.tif,/root/autodl-tmp/UWAmodel_2/datasets/data_splits_sds_train/sparse_257_117.npy,1175
/root/autodl-tmp/UWAmodel_2/datasets/data_splits_original/train/258_4.tiff,/root/autodl-tmp/UWAmodel_2/datasets/data_splits_depth/train/258_4.tif,/root/autodl-tmp/UWAmodel_2/datasets/data_splits_sds_train/sparse_258_4.npy,1175
/root/autodl-tmp/UWAmodel_2/datasets/data_splits_original/train/258_8.tiff,/root/autodl-tmp/UWAmodel_2/datasets/data_splits_depth/train/258_8.tif,/root/autodl-tmp/UWAmodel_2/datasets/data_splits_sds_train/sparse_258_8.npy,1175
/root/autodl-tmp/UWAmodel_2/datasets/data_splits_original/train/258_81.tiff,/root/autodl-tmp/UWAmodel_2/datasets/data_splits_depth/train/258_81.tif,/root/autodl-tmp/UWAmodel_2/datasets/data_splits_sds_train/sparse_258_81.npy,1175
/root/autodl-tmp/UWAmodel_2/datasets/data_splits_original/train/258_92.tiff,/root/autodl-tmp/UWAmodel_2/datasets/data_splits_depth/train/258_92.tif,/root/autodl-tmp/UWAmodel_2/datasets/data_splits_sds_train/sparse_258_92.npy,1175
/root/autodl-tmp/UWAmodel_2/datasets/data_splits_original/train/258_114.tiff,/root/autodl-tmp/UWAmodel_2/datasets/data_splits_depth/train/258_114.tif,/root/autodl-tmp/UWAmodel_2/datasets/data_splits_sds_train/sparse_258_114.npy,1175
/root/autodl-tmp/UWAmodel_2/datasets/data_splits_original/train/260_10.tiff,/root/autodl-tmp/UWAmodel_2/datasets/data_splits_depth/train/260_10.tif,/root/autodl-tmp/UWAmodel_2/datasets/data_splits_sds_train/sparse_260_10.npy,1175
/root/autodl-tmp/UWAmodel_2/datasets/data_splits_original/train/260_49.tiff,/root/autodl-tmp/UWAmodel_2/datasets/data_splits_depth/train/260_49.tif,/root/autodl-tmp/UWAmodel_2/datasets/data_splits_sds_train/sparse_260_49.npy,1175
/root/autodl-tmp/UWAmodel_2/datasets/data_splits_original/train/260_86.tiff,/root/autodl-tmp/UWAmodel_2/datasets/data_splits_depth/train/260_86.tif,/root/autodl-tmp/UWAmodel_2/datasets/data_splits_sds_train/sparse_260_86.npy,1175
/root/autodl-tmp/UWAmodel_2/datasets/data_splits_original/train/260_90.tiff,/root/autodl-tmp/UWAmodel_2/datasets/data_splits_depth/train/260_90.tif,/root/autodl-tmp/UWAmodel_2/datasets/data_splits_sds_train/sparse_260_90.npy,1175
/root/autodl-tmp/UWAmodel_2/datasets/data_splits_original/train/260_96.tiff,/root/autodl-tmp/UWAmodel_2/datasets/data_splits_depth/train/260_96.tif,/root/autodl-tmp/UWAmodel_2/datasets/data_splits_sds_train/sparse_260_96.npy,1175
/root/autodl-tmp/UWAmodel_2/datasets/data_splits_original/train/261_34.tiff,/root/autodl-tmp/UWAmodel_2/datasets/data_splits_depth/train/261_34.tif,/root/autodl-tmp/UWAmodel_2/datasets/data_splits_sds_train/sparse_261_34.npy,1175
/root/autodl-tmp/UWAmodel_2/datasets/data_splits_original/train/261_51.tiff,/root/autodl-tmp/UWAmodel_2/datasets/data_splits_depth/train/261_51.tif,/root/autodl-tmp/UWAmodel_2/datasets/data_splits_sds_train/sparse_261_51.npy,1175
/root/autodl-tmp/UWAmodel_2/datasets/data_splits_original/train/261_91.tiff,/root/autodl-tmp/UWAmodel_2/datasets/data_splits_depth/train/261_91.tif,/root/autodl-tmp/UWAmodel_2/datasets/data_splits_sds_train/sparse_261_91.npy,1175
/root/autodl-tmp/UWAmodel_2/datasets/data_splits_original/train/261_96.tiff,/root/autodl-tmp/UWAmodel_2/datasets/data_splits_depth/train/261_96.tif,/root/autodl-tmp/UWAmodel_2/datasets/data_splits_sds_train/sparse_261_96.npy,1175
/root/autodl-tmp/UWAmodel_2/datasets/data_splits_original/train/261_100.tiff,/root/autodl-tmp/UWAmodel_2/datasets/data_splits_depth/train/261_100.tif,/root/autodl-tmp/UWAmodel_2/datasets/data_splits_sds_train/sparse_261_100.npy,1175
/root/autodl-tmp/UWAmodel_2/datasets/data_splits_original/train/262_6.tiff,/root/autodl-tmp/UWAmodel_2/datasets/data_splits_depth/train/262_6.tif,/root/autodl-tmp/UWAmodel_2/datasets/data_splits_sds_train/sparse_262_6.npy,1175
/root/autodl-tmp/UWAmodel_2/datasets/data_splits_original/train/262_82.tiff,/root/autodl-tmp/UWAmodel_2/datasets/data_splits_depth/train/262_82.tif,/root/autodl-tmp/UWAmodel_2/datasets/data_splits_sds_train/sparse_262_82.npy,1175
/root/autodl-tmp/UWAmodel_2/datasets/data_splits_original/train/262_86.tiff,/root/autodl-tmp/UWAmodel_2/datasets/data_splits_depth/train/262_86.tif,/root/autodl-tmp/UWAmodel_2/datasets/data_splits_sds_train/sparse_262_86.npy,1175
/root/autodl-tmp/UWAmodel_2/datasets/data_splits_original/train/262_100.tiff,/root/autodl-tmp/UWAmodel_2/datasets/data_splits_depth/train/262_100.tif,/root/autodl-tmp/UWAmodel_2/datasets/data_splits_sds_train/sparse_262_100.npy,1175
/root/autodl-tmp/UWAmodel_2/datasets/data_splits_original/train/262_109.tiff,/root/autodl-tmp/UWAmodel_2/datasets/data_splits_depth/train/262_109.tif,/root/autodl-tmp/UWAmodel_2/datasets/data_splits_sds_train/sparse_262_109.npy,1175
/root/autodl-tmp/UWAmodel_2/datasets/data_splits_original/train/264_43.tiff,/root/autodl-tmp/UWAmodel_2/datasets/data_splits_depth/train/264_43.tif,/root/autodl-tmp/UWAmodel_2/datasets/data_splits_sds_train/sparse_264_43.npy,1175
/root/autodl-tmp/UWAmodel_2/datasets/data_splits_original/train/264_69.tiff,/root/autodl-tmp/UWAmodel_2/datasets/data_splits_depth/train/264_69.tif,/root/autodl-tmp/UWAmodel_2/datasets/data_splits_sds_train/sparse_264_69.npy,1175
/root/autodl-tmp/UWAmodel_2/datasets/data_splits_original/train/264_98.tiff,/root/autodl-tmp/UWAmodel_2/datasets/data_splits_depth/train/264_98.tif,/root/autodl-tmp/UWAmodel_2/datasets/data_splits_sds_train/sparse_264_98.npy,1175
/root/autodl-tmp/UWAmodel_2/datasets/data_splits_original/train/264_113.tiff,/root/autodl-tmp/UWAmodel_2/datasets/data_splits_depth/train/264_113.tif,/root/autodl-tmp/UWAmodel_2/datasets/data_splits_sds_train/sparse_264_113.npy,1175
/root/autodl-tmp/UWAmodel_2/datasets/data_splits_original/train/264_117.tiff,/root/autodl-tmp/UWAmodel_2/datasets/data_splits_depth/train/264_117.tif,/root/autodl-tmp/UWAmodel_2/datasets/data_splits_sds_train/sparse_264_117.npy,1175
/root/autodl-tmp/UWAmodel_2/datasets/data_splits_original/train/265_12.tiff,/root/autodl-tmp/UWAmodel_2/datasets/data_splits_depth/train/265_12.tif,/root/autodl-tmp/UWAmodel_2/datasets/data_splits_sds_train/sparse_265_12.npy,1175
/root/autodl-tmp/UWAmodel_2/datasets/data_splits_original/train/265_20.tiff,/root/autodl-tmp/UWAmodel_2/datasets/data_splits_depth/train/265_20.tif,/root/autodl-tmp/UWAmodel_2/datasets/data_splits_sds_train/sparse_265_20.npy,1175
/root/autodl-tmp/UWAmodel_2/datasets/data_splits_original/train/265_68.tiff,/root/autodl-tmp/UWAmodel_2/datasets/data_splits_depth/train/265_68.tif,/root/autodl-tmp/UWAmodel_2/datasets/data_splits_sds_train/sparse_265_68.npy,1175
/root/autodl-tmp/UWAmodel_2/datasets/data_splits_original/train/265_114.tiff,/root/autodl-tmp/UWAmodel_2/datasets/data_splits_depth/train/265_114.tif,/root/autodl-tmp/UWAmodel_2/datasets/data_splits_sds_train/sparse_265_114.npy,1175
/root/autodl-tmp/UWAmodel_2/datasets/data_splits_original/train/265_115.tiff,/root/autodl-tmp/UWAmodel_2/datasets/data_splits_depth/train/265_115.tif,/root/autodl-tmp/UWAmodel_2/datasets/data_splits_sds_train/sparse_265_115.npy,1175
/root/autodl-tmp/UWAmodel_2/datasets/data_splits_original/train/269_9.tiff,/root/autodl-tmp/UWAmodel_2/datasets/data_splits_depth/train/269_9.tif,/root/autodl-tmp/UWAmodel_2/datasets/data_splits_sds_train/sparse_269_9.npy,1175
/root/autodl-tmp/UWAmodel_2/datasets/data_splits_original/train/269_62.tiff,/root/autodl-tmp/UWAmodel_2/datasets/data_splits_depth/train/269_62.tif,/root/autodl-tmp/UWAmodel_2/datasets/data_splits_sds_train/sparse_269_62.npy,1175
/root/autodl-tmp/UWAmodel_2/datasets/data_splits_original/train/269_68.tiff,/root/autodl-tmp/UWAmodel_2/datasets/data_splits_depth/train/269_68.tif,/root/autodl-tmp/UWAmodel_2/datasets/data_splits_sds_train/sparse_269_68.npy,1175
/root/autodl-tmp/UWAmodel_2/datasets/data_splits_original/train/269_74.tiff,/root/autodl-tmp/UWAmodel_2/datasets/data_splits_depth/train/269_74.tif,/root/autodl-tmp/UWAmodel_2/datasets/data_splits_sds_train/sparse_269_74.npy,1175
/root/autodl-tmp/UWAmodel_2/datasets/data_splits_original/train/269_98.tiff,/root/autodl-tmp/UWAmodel_2/datasets/data_splits_depth/train/269_98.tif,/root/autodl-tmp/UWAmodel_2/datasets/data_splits_sds_train/sparse_269_98.npy,1175
/root/autodl-tmp/UWAmodel_2/datasets/data_splits_original/train/270_58.tiff,/root/autodl-tmp/UWAmodel_2/datasets/data_splits_depth/train/270_58.tif,/root/autodl-tmp/UWAmodel_2/datasets/data_splits_sds_train/sparse_270_58.npy,1175
/root/autodl-tmp/UWAmodel_2/datasets/data_splits_original/train/270_64.tiff,/root/autodl-tmp/UWAmodel_2/datasets/data_splits_depth/train/270_64.tif,/root/autodl-tmp/UWAmodel_2/datasets/data_splits_sds_train/sparse_270_64.npy,1175
/root/autodl-tmp/UWAmodel_2/datasets/data_splits_original/train/270_71.tiff,/root/autodl-tmp/UWAmodel_2/datasets/data_splits_depth/train/270_71.tif,/root/autodl-tmp/UWAmodel_2/datasets/data_splits_sds_train/sparse_270_71.npy,1175
/root/autodl-tmp/UWAmodel_2/datasets/data_splits_original/train/270_92.tiff,/root/autodl-tmp/UWAmodel_2/datasets/data_splits_depth/train/270_92.tif,/root/autodl-tmp/UWAmodel_2/datasets/data_splits_sds_train/sparse_270_92.npy,1175
/root/autodl-tmp/UWAmodel_2/datasets/data_splits_original/train/270_115.tiff,/root/autodl-tmp/UWAmodel_2/datasets/data_splits_depth/train/270_115.tif,/root/autodl-tmp/UWAmodel_2/datasets/data_splits_sds_train/sparse_270_115.npy,1175
/root/autodl-tmp/UWAmodel_2/datasets/data_splits_original/train/271_6.tiff,/root/autodl-tmp/UWAmodel_2/datasets/data_splits_depth/train/271_6.tif,/root/autodl-tmp/UWAmodel_2/datasets/data_splits_sds_train/sparse_271_6.npy,1175
/root/autodl-tmp/UWAmodel_2/datasets/data_splits_original/train/271_60.tiff,/root/autodl-tmp/UWAmodel_2/datasets/data_splits_depth/train/271_60.tif,/root/autodl-tmp/UWAmodel_2/datasets/data_splits_sds_train/sparse_271_60.npy,1175
/root/autodl-tmp/UWAmodel_2/datasets/data_splits_original/train/271_86.tiff,/root/autodl-tmp/UWAmodel_2/datasets/data_splits_depth/train/271_86.tif,/root/autodl-tmp/UWAmodel_2/datasets/data_splits_sds_train/sparse_271_86.npy,1175
/root/autodl-tmp/UWAmodel_2/datasets/data_splits_original/train/271_106.tiff,/root/autodl-tmp/UWAmodel_2/datasets/data_splits_depth/train/271_106.tif,/root/autodl-tmp/UWAmodel_2/datasets/data_splits_sds_train/sparse_271_106.npy,1175
/root/autodl-tmp/UWAmodel_2/datasets/data_splits_original/train/271_113.tiff,/root/autodl-tmp/UWAmodel_2/datasets/data_splits_depth/train/271_113.tif,/root/autodl-tmp/UWAmodel_2/datasets/data_splits_sds_train/sparse_271_113.npy,1175
/root/autodl-tmp/UWAmodel_2/datasets/data_splits_original/train/272_6.tiff,/root/autodl-tmp/UWAmodel_2/datasets/data_splits_depth/train/272_6.tif,/root/autodl-tmp/UWAmodel_2/datasets/data_splits_sds_train/sparse_272_6.npy,1175
/root/autodl-tmp/UWAmodel_2/datasets/data_splits_original/train/272_17.tiff,/root/autodl-tmp/UWAmodel_2/datasets/data_splits_depth/train/272_17.tif,/root/autodl-tmp/UWAmodel_2/datasets/data_splits_sds_train/sparse_272_17.npy,1175
/root/autodl-tmp/UWAmodel_2/datasets/data_splits_original/train/272_57.tiff,/root/autodl-tmp/UWAmodel_2/datasets/data_splits_depth/train/272_57.tif,/root/autodl-tmp/UWAmodel_2/datasets/data_splits_sds_train/sparse_272_57.npy,1175
/root/autodl-tmp/UWAmodel_2/datasets/data_splits_original/train/272_61.tiff,/root/autodl-tmp/UWAmodel_2/datasets/data_splits_depth/train/272_61.tif,/root/autodl-tmp/UWAmodel_2/datasets/data_splits_sds_train/sparse_272_61.npy,1175
/root/autodl-tmp/UWAmodel_2/datasets/data_splits_original/train/272_69.tiff,/root/autodl-tmp/UWAmodel_2/datasets/data_splits_depth/train/272_69.tif,/root/autodl-tmp/UWAmodel_2/datasets/data_splits_sds_train/sparse_272_69.npy,1175
/root/autodl-tmp/UWAmodel_2/datasets/data_splits_original/train/273_10.tiff,/root/autodl-tmp/UWAmodel_2/datasets/data_splits_depth/train/273_10.tif,/root/autodl-tmp/UWAmodel_2/datasets/data_splits_sds_train/sparse_273_10.npy,1175
/root/autodl-tmp/UWAmodel_2/datasets/data_splits_original/train/273_37.tiff,/root/autodl-tmp/UWAmodel_2/datasets/data_splits_depth/train/273_37.tif,/root/autodl-tmp/UWAmodel_2/datasets/data_splits_sds_train/sparse_273_37.npy,1175
/root/autodl-tmp/UWAmodel_2/datasets/data_splits_original/train/273_60.tiff,/root/autodl-tmp/UWAmodel_2/datasets/data_splits_depth/train/273_60.tif,/root/autodl-tmp/UWAmodel_2/datasets/data_splits_sds_train/sparse_273_60.npy,1175
/root/autodl-tmp/UWAmodel_2/datasets/data_splits_original/train/273_75.tiff,/root/autodl-tmp/UWAmodel_2/datasets/data_splits_depth/train/273_75.tif,/root/autodl-tmp/UWAmodel_2/datasets/data_splits_sds_train/sparse_273_75.npy,1175
/root/autodl-tmp/UWAmodel_2/datasets/data_splits_original/train/273_120.tiff,/root/autodl-tmp/UWAmodel_2/datasets/data_splits_depth/train/273_120.tif,/root/autodl-tmp/UWAmodel_2/datasets/data_splits_sds_train/sparse_273_120.npy,1175
/root/autodl-tmp/UWAmodel_2/datasets/data_splits_original/train/274_18.tiff,/root/autodl-tmp/UWAmodel_2/datasets/data_splits_depth/train/274_18.tif,/root/autodl-tmp/UWAmodel_2/datasets/data_splits_sds_train/sparse_274_18.npy,1175
/root/autodl-tmp/UWAmodel_2/datasets/data_splits_original/train/274_36.tiff,/root/autodl-tmp/UWAmodel_2/datasets/data_splits_depth/train/274_36.tif,/root/autodl-tmp/UWAmodel_2/datasets/data_splits_sds_train/sparse_274_36.npy,1175
/root/autodl-tmp/UWAmodel_2/datasets/data_splits_original/train/274_71.tiff,/root/autodl-tmp/UWAmodel_2/datasets/data_splits_depth/train/274_71.tif,/root/autodl-tmp/UWAmodel_2/datasets/data_splits_sds_train/sparse_274_71.npy,1175
/root/autodl-tmp/UWAmodel_2/datasets/data_splits_original/train/274_73.tiff,/root/autodl-tmp/UWAmodel_2/datasets/data_splits_depth/train/274_73.tif,/root/autodl-tmp/UWAmodel_2/datasets/data_splits_sds_train/sparse_274_73.npy,1175
/root/autodl-tmp/UWAmodel_2/datasets/data_splits_original/train/274_84.tiff,/root/autodl-tmp/UWAmodel_2/datasets/data_splits_depth/train/274_84.tif,/root/autodl-tmp/UWAmodel_2/datasets/data_splits_sds_train/sparse_274_84.npy,1175
/root/autodl-tmp/UWAmodel_2/datasets/data_splits_original/train/275_17.tiff,/root/autodl-tmp/UWAmodel_2/datasets/data_splits_depth/train/275_17.tif,/root/autodl-tmp/UWAmodel_2/datasets/data_splits_sds_train/sparse_275_17.npy,1175
/root/autodl-tmp/UWAmodel_2/datasets/data_splits_original/train/275_20.tiff,/root/autodl-tmp/UWAmodel_2/datasets/data_splits_depth/train/275_20.tif,/root/autodl-tmp/UWAmodel_2/datasets/data_splits_sds_train/sparse_275_20.npy,1175
/root/autodl-tmp/UWAmodel_2/datasets/data_splits_original/train/275_23.tiff,/root/autodl-tmp/UWAmodel_2/datasets/data_splits_depth/train/275_23.tif,/root/autodl-tmp/UWAmodel_2/datasets/data_splits_sds_train/sparse_275_23.npy,1175
/root/autodl-tmp/UWAmodel_2/datasets/data_splits_original/train/275_80.tiff,/root/autodl-tmp/UWAmodel_2/datasets/data_splits_depth/train/275_80.tif,/root/autodl-tmp/UWAmodel_2/datasets/data_splits_sds_train/sparse_275_80.npy,1175
/root/autodl-tmp/UWAmodel_2/datasets/data_splits_original/train/275_91.tiff,/root/autodl-tmp/UWAmodel_2/datasets/data_splits_depth/train/275_91.tif,/root/autodl-tmp/UWAmodel_2/datasets/data_splits_sds_train/sparse_275_91.npy,1175
/root/autodl-tmp/UWAmodel_2/datasets/data_splits_original/train/276_21.tiff,/root/autodl-tmp/UWAmodel_2/datasets/data_splits_depth/train/276_21.tif,/root/autodl-tmp/UWAmodel_2/datasets/data_splits_sds_train/sparse_276_21.npy,1175
/root/autodl-tmp/UWAmodel_2/datasets/data_splits_original/train/276_36.tiff,/root/autodl-tmp/UWAmodel_2/datasets/data_splits_depth/train/276_36.tif,/root/autodl-tmp/UWAmodel_2/datasets/data_splits_sds_train/sparse_276_36.npy,1175
/root/autodl-tmp/UWAmodel_2/datasets/data_splits_original/train/276_37.tiff,/root/autodl-tmp/UWAmodel_2/datasets/data_splits_depth/train/276_37.tif,/root/autodl-tmp/UWAmodel_2/datasets/data_splits_sds_train/sparse_276_37.npy,1175
/root/autodl-tmp/UWAmodel_2/datasets/data_splits_original/train/276_43.tiff,/root/autodl-tmp/UWAmodel_2/datasets/data_splits_depth/train/276_43.tif,/root/autodl-tmp/UWAmodel_2/datasets/data_splits_sds_train/sparse_276_43.npy,1175
/root/autodl-tmp/UWAmodel_2/datasets/data_splits_original/train/276_102.tiff,/root/autodl-tmp/UWAmodel_2/datasets/data_splits_depth/train/276_102.tif,/root/autodl-tmp/UWAmodel_2/datasets/data_splits_sds_train/sparse_276_102.npy,1175
/root/autodl-tmp/UWAmodel_2/datasets/data_splits_original/train/278_11.tiff,/root/autodl-tmp/UWAmodel_2/datasets/data_splits_depth/train/278_11.tif,/root/autodl-tmp/UWAmodel_2/datasets/data_splits_sds_train/sparse_278_11.npy,1175
/root/autodl-tmp/UWAmodel_2/datasets/data_splits_original/train/278_69.tiff,/root/autodl-tmp/UWAmodel_2/datasets/data_splits_depth/train/278_69.tif,/root/autodl-tmp/UWAmodel_2/datasets/data_splits_sds_train/sparse_278_69.npy,1175
/root/autodl-tmp/UWAmodel_2/datasets/data_splits_original/train/278_71.tiff,/root/autodl-tmp/UWAmodel_2/datasets/data_splits_depth/train/278_71.tif,/root/autodl-tmp/UWAmodel_2/datasets/data_splits_sds_train/sparse_278_71.npy,1175
/root/autodl-tmp/UWAmodel_2/datasets/data_splits_original/train/278_80.tiff,/root/autodl-tmp/UWAmodel_2/datasets/data_splits_depth/train/278_80.tif,/root/autodl-tmp/UWAmodel_2/datasets/data_splits_sds_train/sparse_278_80.npy,1175
/root/autodl-tmp/UWAmodel_2/datasets/data_splits_original/train/278_85.tiff,/root/autodl-tmp/UWAmodel_2/datasets/data_splits_depth/train/278_85.tif,/root/autodl-tmp/UWAmodel_2/datasets/data_splits_sds_train/sparse_278_85.npy,1175
/root/autodl-tmp/UWAmodel_2/datasets/data_splits_original/train/279_8.tiff,/root/autodl-tmp/UWAmodel_2/datasets/data_splits_depth/train/279_8.tif,/root/autodl-tmp/UWAmodel_2/datasets/data_splits_sds_train/sparse_279_8.npy,1175
/root/autodl-tmp/UWAmodel_2/datasets/data_splits_original/train/279_9.tiff,/root/autodl-tmp/UWAmodel_2/datasets/data_splits_depth/train/279_9.tif,/root/autodl-tmp/UWAmodel_2/datasets/data_splits_sds_train/sparse_279_9.npy,1175
/root/autodl-tmp/UWAmodel_2/datasets/data_splits_original/train/279_31.tiff,/root/autodl-tmp/UWAmodel_2/datasets/data_splits_depth/train/279_31.tif,/root/autodl-tmp/UWAmodel_2/datasets/data_splits_sds_train/sparse_279_31.npy,1175
/root/autodl-tmp/UWAmodel_2/datasets/data_splits_original/train/279_56.tiff,/root/autodl-tmp/UWAmodel_2/datasets/data_splits_depth/train/279_56.tif,/root/autodl-tmp/UWAmodel_2/datasets/data_splits_sds_train/sparse_279_56.npy,1175
/root/autodl-tmp/UWAmodel_2/datasets/data_splits_original/train/279_59.tiff,/root/autodl-tmp/UWAmodel_2/datasets/data_splits_depth/train/279_59.tif,/root/autodl-tmp/UWAmodel_2/datasets/data_splits_sds_train/sparse_279_59.npy,1175
/root/autodl-tmp/UWAmodel_2/datasets/data_splits_original/train/281_50.tiff,/root/autodl-tmp/UWAmodel_2/datasets/data_splits_depth/train/281_50.tif,/root/autodl-tmp/UWAmodel_2/datasets/data_splits_sds_train/sparse_281_50.npy,1175
/root/autodl-tmp/UWAmodel_2/datasets/data_splits_original/train/281_51.tiff,/root/autodl-tmp/UWAmodel_2/datasets/data_splits_depth/train/281_51.tif,/root/autodl-tmp/UWAmodel_2/datasets/data_splits_sds_train/sparse_281_51.npy,1175
/root/autodl-tmp/UWAmodel_2/datasets/data_splits_original/train/281_64.tiff,/root/autodl-tmp/UWAmodel_2/datasets/data_splits_depth/train/281_64.tif,/root/autodl-tmp/UWAmodel_2/datasets/data_splits_sds_train/sparse_281_64.npy,1175
/root/autodl-tmp/UWAmodel_2/datasets/data_splits_original/train/281_71.tiff,/root/autodl-tmp/UWAmodel_2/datasets/data_splits_depth/train/281_71.tif,/root/autodl-tmp/UWAmodel_2/datasets/data_splits_sds_train/sparse_281_71.npy,1175
/root/autodl-tmp/UWAmodel_2/datasets/data_splits_original/train/281_114.tiff,/root/autodl-tmp/UWAmodel_2/datasets/data_splits_depth/train/281_114.tif,/root/autodl-tmp/UWAmodel_2/datasets/data_splits_sds_train/sparse_281_114.npy,1175
/root/autodl-tmp/UWAmodel_2/datasets/data_splits_original/train/282_31.tiff,/root/autodl-tmp/UWAmodel_2/datasets/data_splits_depth/train/282_31.tif,/root/autodl-tmp/UWAmodel_2/datasets/data_splits_sds_train/sparse_282_31.npy,1175
/root/autodl-tmp/UWAmodel_2/datasets/data_splits_original/train/282_72.tiff,/root/autodl-tmp/UWAmodel_2/datasets/data_splits_depth/train/282_72.tif,/root/autodl-tmp/UWAmodel_2/datasets/data_splits_sds_train/sparse_282_72.npy,1175
/root/autodl-tmp/UWAmodel_2/datasets/data_splits_original/train/282_93.tiff,/root/autodl-tmp/UWAmodel_2/datasets/data_splits_depth/train/282_93.tif,/root/autodl-tmp/UWAmodel_2/datasets/data_splits_sds_train/sparse_282_93.npy,1175
/root/autodl-tmp/UWAmodel_2/datasets/data_splits_original/train/282_102.tiff,/root/autodl-tmp/UWAmodel_2/datasets/data_splits_depth/train/282_102.tif,/root/autodl-tmp/UWAmodel_2/datasets/data_splits_sds_train/sparse_282_102.npy,1175
/root/autodl-tmp/UWAmodel_2/datasets/data_splits_original/train/282_112.tiff,/root/autodl-tmp/UWAmodel_2/datasets/data_splits_depth/train/282_112.tif,/root/autodl-tmp/UWAmodel_2/datasets/data_splits_sds_train/sparse_282_112.npy,1175
/root/autodl-tmp/UWAmodel_2/datasets/data_splits_original/train/283_28.tiff,/root/autodl-tmp/UWAmodel_2/datasets/data_splits_depth/train/283_28.tif,/root/autodl-tmp/UWAmodel_2/datasets/data_splits_sds_train/sparse_283_28.npy,1175
/root/autodl-tmp/UWAmodel_2/datasets/data_splits_original/train/283_30.tiff,/root/autodl-tmp/UWAmodel_2/datasets/data_splits_depth/train/283_30.tif,/root/autodl-tmp/UWAmodel_2/datasets/data_splits_sds_train/sparse_283_30.npy,1175
/root/autodl-tmp/UWAmodel_2/datasets/data_splits_original/train/283_53.tiff,/root/autodl-tmp/UWAmodel_2/datasets/data_splits_depth/train/283_53.tif,/root/autodl-tmp/UWAmodel_2/datasets/data_splits_sds_train/sparse_283_53.npy,1175
/root/autodl-tmp/UWAmodel_2/datasets/data_splits_original/train/283_94.tiff,/root/autodl-tmp/UWAmodel_2/datasets/data_splits_depth/train/283_94.tif,/root/autodl-tmp/UWAmodel_2/datasets/data_splits_sds_train/sparse_283_94.npy,1175
/root/autodl-tmp/UWAmodel_2/datasets/data_splits_original/train/283_114.tiff,/root/autodl-tmp/UWAmodel_2/datasets/data_splits_depth/train/283_114.tif,/root/autodl-tmp/UWAmodel_2/datasets/data_splits_sds_train/sparse_283_114.npy,1175
/root/autodl-tmp/UWAmodel_2/datasets/data_splits_original/train/284_13.tiff,/root/autodl-tmp/UWAmodel_2/datasets/data_splits_depth/train/284_13.tif,/root/autodl-tmp/UWAmodel_2/datasets/data_splits_sds_train/sparse_284_13.npy,1175
/root/autodl-tmp/UWAmodel_2/datasets/data_splits_original/train/284_18.tiff,/root/autodl-tmp/UWAmodel_2/datasets/data_splits_depth/train/284_18.tif,/root/autodl-tmp/UWAmodel_2/datasets/data_splits_sds_train/sparse_284_18.npy,1175
/root/autodl-tmp/UWAmodel_2/datasets/data_splits_original/train/284_26.tiff,/root/autodl-tmp/UWAmodel_2/datasets/data_splits_depth/train/284_26.tif,/root/autodl-tmp/UWAmodel_2/datasets/data_splits_sds_train/sparse_284_26.npy,1175
/root/autodl-tmp/UWAmodel_2/datasets/data_splits_original/train/284_61.tiff,/root/autodl-tmp/UWAmodel_2/datasets/data_splits_depth/train/284_61.tif,/root/autodl-tmp/UWAmodel_2/datasets/data_splits_sds_train/sparse_284_61.npy,1175
/root/autodl-tmp/UWAmodel_2/datasets/data_splits_original/train/284_117.tiff,/root/autodl-tmp/UWAmodel_2/datasets/data_splits_depth/train/284_117.tif,/root/autodl-tmp/UWAmodel_2/datasets/data_splits_sds_train/sparse_284_117.npy,1175
/root/autodl-tmp/UWAmodel_2/datasets/data_splits_original/train/285_22.tiff,/root/autodl-tmp/UWAmodel_2/datasets/data_splits_depth/train/285_22.tif,/root/autodl-tmp/UWAmodel_2/datasets/data_splits_sds_train/sparse_285_22.npy,1175
/root/autodl-tmp/UWAmodel_2/datasets/data_splits_original/train/285_48.tiff,/root/autodl-tmp/UWAmodel_2/datasets/data_splits_depth/train/285_48.tif,/root/autodl-tmp/UWAmodel_2/datasets/data_splits_sds_train/sparse_285_48.npy,1175
/root/autodl-tmp/UWAmodel_2/datasets/data_splits_original/train/285_61.tiff,/root/autodl-tmp/UWAmodel_2/datasets/data_splits_depth/train/285_61.tif,/root/autodl-tmp/UWAmodel_2/datasets/data_splits_sds_train/sparse_285_61.npy,1175
/root/autodl-tmp/UWAmodel_2/datasets/data_splits_original/train/285_89.tiff,/root/autodl-tmp/UWAmodel_2/datasets/data_splits_depth/train/285_89.tif,/root/autodl-tmp/UWAmodel_2/datasets/data_splits_sds_train/sparse_285_89.npy,1175
/root/autodl-tmp/UWAmodel_2/datasets/data_splits_original/train/285_106.tiff,/root/autodl-tmp/UWAmodel_2/datasets/data_splits_depth/train/285_106.tif,/root/autodl-tmp/UWAmodel_2/datasets/data_splits_sds_train/sparse_285_106.npy,1175
/root/autodl-tmp/UWAmodel_2/datasets/data_splits_original/train/286_36.tiff,/root/autodl-tmp/UWAmodel_2/datasets/data_splits_depth/train/286_36.tif,/root/autodl-tmp/UWAmodel_2/datasets/data_splits_sds_train/sparse_286_36.npy,1175
/root/autodl-tmp/UWAmodel_2/datasets/data_splits_original/train/286_46.tiff,/root/autodl-tmp/UWAmodel_2/datasets/data_splits_depth/train/286_46.tif,/root/autodl-tmp/UWAmodel_2/datasets/data_splits_sds_train/sparse_286_46.npy,1175
/root/autodl-tmp/UWAmodel_2/datasets/data_splits_original/train/286_59.tiff,/root/autodl-tmp/UWAmodel_2/datasets/data_splits_depth/train/286_59.tif,/root/autodl-tmp/UWAmodel_2/datasets/data_splits_sds_train/sparse_286_59.npy,1175
/root/autodl-tmp/UWAmodel_2/datasets/data_splits_original/train/286_68.tiff,/root/autodl-tmp/UWAmodel_2/datasets/data_splits_depth/train/286_68.tif,/root/autodl-tmp/UWAmodel_2/datasets/data_splits_sds_train/sparse_286_68.npy,1175
/root/autodl-tmp/UWAmodel_2/datasets/data_splits_original/train/286_99.tiff,/root/autodl-tmp/UWAmodel_2/datasets/data_splits_depth/train/286_99.tif,/root/autodl-tmp/UWAmodel_2/datasets/data_splits_sds_train/sparse_286_99.npy,1175
/root/autodl-tmp/UWAmodel_2/datasets/data_splits_original/train/287_7.tiff,/root/autodl-tmp/UWAmodel_2/datasets/data_splits_depth/train/287_7.tif,/root/autodl-tmp/UWAmodel_2/datasets/data_splits_sds_train/sparse_287_7.npy,1175
/root/autodl-tmp/UWAmodel_2/datasets/data_splits_original/train/287_45.tiff,/root/autodl-tmp/UWAmodel_2/datasets/data_splits_depth/train/287_45.tif,/root/autodl-tmp/UWAmodel_2/datasets/data_splits_sds_train/sparse_287_45.npy,1175
/root/autodl-tmp/UWAmodel_2/datasets/data_splits_original/train/287_57.tiff,/root/autodl-tmp/UWAmodel_2/datasets/data_splits_depth/train/287_57.tif,/root/autodl-tmp/UWAmodel_2/datasets/data_splits_sds_train/sparse_287_57.npy,1175
/root/autodl-tmp/UWAmodel_2/datasets/data_splits_original/train/287_101.tiff,/root/autodl-tmp/UWAmodel_2/datasets/data_splits_depth/train/287_101.tif,/root/autodl-tmp/UWAmodel_2/datasets/data_splits_sds_train/sparse_287_101.npy,1175
/root/autodl-tmp/UWAmodel_2/datasets/data_splits_original/train/287_114.tiff,/root/autodl-tmp/UWAmodel_2/datasets/data_splits_depth/train/287_114.tif,/root/autodl-tmp/UWAmodel_2/datasets/data_splits_sds_train/sparse_287_114.npy,1175
/root/autodl-tmp/UWAmodel_2/datasets/data_splits_original/train/288_12.tiff,/root/autodl-tmp/UWAmodel_2/datasets/data_splits_depth/train/288_12.tif,/root/autodl-tmp/UWAmodel_2/datasets/data_splits_sds_train/sparse_288_12.npy,1175
/root/autodl-tmp/UWAmodel_2/datasets/data_splits_original/train/288_42.tiff,/root/autodl-tmp/UWAmodel_2/datasets/data_splits_depth/train/288_42.tif,/root/autodl-tmp/UWAmodel_2/datasets/data_splits_sds_train/sparse_288_42.npy,1175
/root/autodl-tmp/UWAmodel_2/datasets/data_splits_original/train/288_87.tiff,/root/autodl-tmp/UWAmodel_2/datasets/data_splits_depth/train/288_87.tif,/root/autodl-tmp/UWAmodel_2/datasets/data_splits_sds_train/sparse_288_87.npy,1175
/root/autodl-tmp/UWAmodel_2/datasets/data_splits_original/train/288_96.tiff,/root/autodl-tmp/UWAmodel_2/datasets/data_splits_depth/train/288_96.tif,/root/autodl-tmp/UWAmodel_2/datasets/data_splits_sds_train/sparse_288_96.npy,1175
/root/autodl-tmp/UWAmodel_2/datasets/data_splits_original/train/288_119.tiff,/root/autodl-tmp/UWAmodel_2/datasets/data_splits_depth/train/288_119.tif,/root/autodl-tmp/UWAmodel_2/datasets/data_splits_sds_train/sparse_288_119.npy,1175
/root/autodl-tmp/UWAmodel_2/datasets/data_splits_original/train/289_32.tiff,/root/autodl-tmp/UWAmodel_2/datasets/data_splits_depth/train/289_32.tif,/root/autodl-tmp/UWAmodel_2/datasets/data_splits_sds_train/sparse_289_32.npy,1175
/root/autodl-tmp/UWAmodel_2/datasets/data_splits_original/train/289_53.tiff,/root/autodl-tmp/UWAmodel_2/datasets/data_splits_depth/train/289_53.tif,/root/autodl-tmp/UWAmodel_2/datasets/data_splits_sds_train/sparse_289_53.npy,1175
/root/autodl-tmp/UWAmodel_2/datasets/data_splits_original/train/289_54.tiff,/root/autodl-tmp/UWAmodel_2/datasets/data_splits_depth/train/289_54.tif,/root/autodl-tmp/UWAmodel_2/datasets/data_splits_sds_train/sparse_289_54.npy,1175
/root/autodl-tmp/UWAmodel_2/datasets/data_splits_original/train/289_68.tiff,/root/autodl-tmp/UWAmodel_2/datasets/data_splits_depth/train/289_68.tif,/root/autodl-tmp/UWAmodel_2/datasets/data_splits_sds_train/sparse_289_68.npy,1175
/root/autodl-tmp/UWAmodel_2/datasets/data_splits_original/train/289_84.tiff,/root/autodl-tmp/UWAmodel_2/datasets/data_splits_depth/train/289_84.tif,/root/autodl-tmp/UWAmodel_2/datasets/data_splits_sds_train/sparse_289_84.npy,1175
/root/autodl-tmp/UWAmodel_2/datasets/data_splits_original/train/290_36.tiff,/root/autodl-tmp/UWAmodel_2/datasets/data_splits_depth/train/290_36.tif,/root/autodl-tmp/UWAmodel_2/datasets/data_splits_sds_train/sparse_290_36.npy,1175
/root/autodl-tmp/UWAmodel_2/datasets/data_splits_original/train/290_39.tiff,/root/autodl-tmp/UWAmodel_2/datasets/data_splits_depth/train/290_39.tif,/root/autodl-tmp/UWAmodel_2/datasets/data_splits_sds_train/sparse_290_39.npy,1175
/root/autodl-tmp/UWAmodel_2/datasets/data_splits_original/train/290_53.tiff,/root/autodl-tmp/UWAmodel_2/datasets/data_splits_depth/train/290_53.tif,/root/autodl-tmp/UWAmodel_2/datasets/data_splits_sds_train/sparse_290_53.npy,1175
/root/autodl-tmp/UWAmodel_2/datasets/data_splits_original/train/290_96.tiff,/root/autodl-tmp/UWAmodel_2/datasets/data_splits_depth/train/290_96.tif,/root/autodl-tmp/UWAmodel_2/datasets/data_splits_sds_train/sparse_290_96.npy,1175
/root/autodl-tmp/UWAmodel_2/datasets/data_splits_original/train/290_116.tiff,/root/autodl-tmp/UWAmodel_2/datasets/data_splits_depth/train/290_116.tif,/root/autodl-tmp/UWAmodel_2/datasets/data_splits_sds_train/sparse_290_116.npy,1175
/root/autodl-tmp/UWAmodel_2/datasets/data_splits_original/train/292_33.tiff,/root/autodl-tmp/UWAmodel_2/datasets/data_splits_depth/train/292_33.tif,/root/autodl-tmp/UWAmodel_2/datasets/data_splits_sds_train/sparse_292_33.npy,1175
/root/autodl-tmp/UWAmodel_2/datasets/data_splits_original/train/292_54.tiff,/root/autodl-tmp/UWAmodel_2/datasets/data_splits_depth/train/292_54.tif,/root/autodl-tmp/UWAmodel_2/datasets/data_splits_sds_train/sparse_292_54.npy,1175
/root/autodl-tmp/UWAmodel_2/datasets/data_splits_original/train/292_60.tiff,/root/autodl-tmp/UWAmodel_2/datasets/data_splits_depth/train/292_60.tif,/root/autodl-tmp/UWAmodel_2/datasets/data_splits_sds_train/sparse_292_60.npy,1175
/root/autodl-tmp/UWAmodel_2/datasets/data_splits_original/train/292_100.tiff,/root/autodl-tmp/UWAmodel_2/datasets/data_splits_depth/train/292_100.tif,/root/autodl-tmp/UWAmodel_2/datasets/data_splits_sds_train/sparse_292_100.npy,1175
/root/autodl-tmp/UWAmodel_2/datasets/data_splits_original/train/292_109.tiff,/root/autodl-tmp/UWAmodel_2/datasets/data_splits_depth/train/292_109.tif,/root/autodl-tmp/UWAmodel_2/datasets/data_splits_sds_train/sparse_292_109.npy,1175
/root/autodl-tmp/UWAmodel_2/datasets/data_splits_original/train/293_16.tiff,/root/autodl-tmp/UWAmodel_2/datasets/data_splits_depth/train/293_16.tif,/root/autodl-tmp/UWAmodel_2/datasets/data_splits_sds_train/sparse_293_16.npy,1175
/root/autodl-tmp/UWAmodel_2/datasets/data_splits_original/train/293_58.tiff,/root/autodl-tmp/UWAmodel_2/datasets/data_splits_depth/train/293_58.tif,/root/autodl-tmp/UWAmodel_2/datasets/data_splits_sds_train/sparse_293_58.npy,1175
/root/autodl-tmp/UWAmodel_2/datasets/data_splits_original/train/293_61.tiff,/root/autodl-tmp/UWAmodel_2/datasets/data_splits_depth/train/293_61.tif,/root/autodl-tmp/UWAmodel_2/datasets/data_splits_sds_train/sparse_293_61.npy,1175
/root/autodl-tmp/UWAmodel_2/datasets/data_splits_original/train/293_99.tiff,/root/autodl-tmp/UWAmodel_2/datasets/data_splits_depth/train/293_99.tif,/root/autodl-tmp/UWAmodel_2/datasets/data_splits_sds_train/sparse_293_99.npy,1175
/root/autodl-tmp/UWAmodel_2/datasets/data_splits_original/train/293_100.tiff,/root/autodl-tmp/UWAmodel_2/datasets/data_splits_depth/train/293_100.tif,/root/autodl-tmp/UWAmodel_2/datasets/data_splits_sds_train/sparse_293_100.npy,1175
/root/autodl-tmp/UWAmodel_2/datasets/data_splits_original/train/294_20.tiff,/root/autodl-tmp/UWAmodel_2/datasets/data_splits_depth/train/294_20.tif,/root/autodl-tmp/UWAmodel_2/datasets/data_splits_sds_train/sparse_294_20.npy,1175
/root/autodl-tmp/UWAmodel_2/datasets/data_splits_original/train/294_34.tiff,/root/autodl-tmp/UWAmodel_2/datasets/data_splits_depth/train/294_34.tif,/root/autodl-tmp/UWAmodel_2/datasets/data_splits_sds_train/sparse_294_34.npy,1175
/root/autodl-tmp/UWAmodel_2/datasets/data_splits_original/train/294_55.tiff,/root/autodl-tmp/UWAmodel_2/datasets/data_splits_depth/train/294_55.tif,/root/autodl-tmp/UWAmodel_2/datasets/data_splits_sds_train/sparse_294_55.npy,1175
/root/autodl-tmp/UWAmodel_2/datasets/data_splits_original/train/294_75.tiff,/root/autodl-tmp/UWAmodel_2/datasets/data_splits_depth/train/294_75.tif,/root/autodl-tmp/UWAmodel_2/datasets/data_splits_sds_train/sparse_294_75.npy,1175
/root/autodl-tmp/UWAmodel_2/datasets/data_splits_original/train/294_110.tiff,/root/autodl-tmp/UWAmodel_2/datasets/data_splits_depth/train/294_110.tif,/root/autodl-tmp/UWAmodel_2/datasets/data_splits_sds_train/sparse_294_110.npy,1175
/root/autodl-tmp/UWAmodel_2/datasets/data_splits_original/train/296_37.tiff,/root/autodl-tmp/UWAmodel_2/datasets/data_splits_depth/train/296_37.tif,/root/autodl-tmp/UWAmodel_2/datasets/data_splits_sds_train/sparse_296_37.npy,1175
/root/autodl-tmp/UWAmodel_2/datasets/data_splits_original/train/296_49.tiff,/root/autodl-tmp/UWAmodel_2/datasets/data_splits_depth/train/296_49.tif,/root/autodl-tmp/UWAmodel_2/datasets/data_splits_sds_train/sparse_296_49.npy,1175
/root/autodl-tmp/UWAmodel_2/datasets/data_splits_original/train/296_56.tiff,/root/autodl-tmp/UWAmodel_2/datasets/data_splits_depth/train/296_56.tif,/root/autodl-tmp/UWAmodel_2/datasets/data_splits_sds_train/sparse_296_56.npy,1175
/root/autodl-tmp/UWAmodel_2/datasets/data_splits_original/train/296_77.tiff,/root/autodl-tmp/UWAmodel_2/datasets/data_splits_depth/train/296_77.tif,/root/autodl-tmp/UWAmodel_2/datasets/data_splits_sds_train/sparse_296_77.npy,1175
/root/autodl-tmp/UWAmodel_2/datasets/data_splits_original/train/296_106.tiff,/root/autodl-tmp/UWAmodel_2/datasets/data_splits_depth/train/296_106.tif,/root/autodl-tmp/UWAmodel_2/datasets/data_splits_sds_train/sparse_296_106.npy,1175
/root/autodl-tmp/UWAmodel_2/datasets/data_splits_original/train/297_10.tiff,/root/autodl-tmp/UWAmodel_2/datasets/data_splits_depth/train/297_10.tif,/root/autodl-tmp/UWAmodel_2/datasets/data_splits_sds_train/sparse_297_10.npy,1175
/root/autodl-tmp/UWAmodel_2/datasets/data_splits_original/train/297_27.tiff,/root/autodl-tmp/UWAmodel_2/datasets/data_splits_depth/train/297_27.tif,/root/autodl-tmp/UWAmodel_2/datasets/data_splits_sds_train/sparse_297_27.npy,1175
/root/autodl-tmp/UWAmodel_2/datasets/data_splits_original/train/297_84.tiff,/root/autodl-tmp/UWAmodel_2/datasets/data_splits_depth/train/297_84.tif,/root/autodl-tmp/UWAmodel_2/datasets/data_splits_sds_train/sparse_297_84.npy,1175
/root/autodl-tmp/UWAmodel_2/datasets/data_splits_original/train/297_104.tiff,/root/autodl-tmp/UWAmodel_2/datasets/data_splits_depth/train/297_104.tif,/root/autodl-tmp/UWAmodel_2/datasets/data_splits_sds_train/sparse_297_104.npy,1175
/root/autodl-tmp/UWAmodel_2/datasets/data_splits_original/train/297_116.tiff,/root/autodl-tmp/UWAmodel_2/datasets/data_splits_depth/train/297_116.tif,/root/autodl-tmp/UWAmodel_2/datasets/data_splits_sds_train/sparse_297_116.npy,1175
/root/autodl-tmp/UWAmodel_2/datasets/data_splits_original/train/298_21.tiff,/root/autodl-tmp/UWAmodel_2/datasets/data_splits_depth/train/298_21.tif,/root/autodl-tmp/UWAmodel_2/datasets/data_splits_sds_train/sparse_298_21.npy,1175
/root/autodl-tmp/UWAmodel_2/datasets/data_splits_original/train/298_38.tiff,/root/autodl-tmp/UWAmodel_2/datasets/data_splits_depth/train/298_38.tif,/root/autodl-tmp/UWAmodel_2/datasets/data_splits_sds_train/sparse_298_38.npy,1175
/root/autodl-tmp/UWAmodel_2/datasets/data_splits_original/train/298_73.tiff,/root/autodl-tmp/UWAmodel_2/datasets/data_splits_depth/train/298_73.tif,/root/autodl-tmp/UWAmodel_2/datasets/data_splits_sds_train/sparse_298_73.npy,1175
/root/autodl-tmp/UWAmodel_2/datasets/data_splits_original/train/298_77.tiff,/root/autodl-tmp/UWAmodel_2/datasets/data_splits_depth/train/298_77.tif,/root/autodl-tmp/UWAmodel_2/datasets/data_splits_sds_train/sparse_298_77.npy,1175
/root/autodl-tmp/UWAmodel_2/datasets/data_splits_original/train/298_84.tiff,/root/autodl-tmp/UWAmodel_2/datasets/data_splits_depth/train/298_84.tif,/root/autodl-tmp/UWAmodel_2/datasets/data_splits_sds_train/sparse_298_84.npy,1175
/root/autodl-tmp/UWAmodel_2/datasets/data_splits_original/train/299_11.tiff,/root/autodl-tmp/UWAmodel_2/datasets/data_splits_depth/train/299_11.tif,/root/autodl-tmp/UWAmodel_2/datasets/data_splits_sds_train/sparse_299_11.npy,1175
/root/autodl-tmp/UWAmodel_2/datasets/data_splits_original/train/299_28.tiff,/root/autodl-tmp/UWAmodel_2/datasets/data_splits_depth/train/299_28.tif,/root/autodl-tmp/UWAmodel_2/datasets/data_splits_sds_train/sparse_299_28.npy,1175
/root/autodl-tmp/UWAmodel_2/datasets/data_splits_original/train/299_29.tiff,/root/autodl-tmp/UWAmodel_2/datasets/data_splits_depth/train/299_29.tif,/root/autodl-tmp/UWAmodel_2/datasets/data_splits_sds_train/sparse_299_29.npy,1175
/root/autodl-tmp/UWAmodel_2/datasets/data_splits_original/train/299_31.tiff,/root/autodl-tmp/UWAmodel_2/datasets/data_splits_depth/train/299_31.tif,/root/autodl-tmp/UWAmodel_2/datasets/data_splits_sds_train/sparse_299_31.npy,1175
/root/autodl-tmp/UWAmodel_2/datasets/data_splits_original/train/299_120.tiff,/root/autodl-tmp/UWAmodel_2/datasets/data_splits_depth/train/299_120.tif,/root/autodl-tmp/UWAmodel_2/datasets/data_splits_sds_train/sparse_299_120.npy,1175
/root/autodl-tmp/UWAmodel_2/datasets/data_splits_original/train/300_12.tiff,/root/autodl-tmp/UWAmodel_2/datasets/data_splits_depth/train/300_12.tif,/root/autodl-tmp/UWAmodel_2/datasets/data_splits_sds_train/sparse_300_12.npy,1175
/root/autodl-tmp/UWAmodel_2/datasets/data_splits_original/train/300_35.tiff,/root/autodl-tmp/UWAmodel_2/datasets/data_splits_depth/train/300_35.tif,/root/autodl-tmp/UWAmodel_2/datasets/data_splits_sds_train/sparse_300_35.npy,1175
/root/autodl-tmp/UWAmodel_2/datasets/data_splits_original/train/300_51.tiff,/root/autodl-tmp/UWAmodel_2/datasets/data_splits_depth/train/300_51.tif,/root/autodl-tmp/UWAmodel_2/datasets/data_splits_sds_train/sparse_300_51.npy,1175
/root/autodl-tmp/UWAmodel_2/datasets/data_splits_original/train/300_68.tiff,/root/autodl-tmp/UWAmodel_2/datasets/data_splits_depth/train/300_68.tif,/root/autodl-tmp/UWAmodel_2/datasets/data_splits_sds_train/sparse_300_68.npy,1175
/root/autodl-tmp/UWAmodel_2/datasets/data_splits_original/train/300_107.tiff,/root/autodl-tmp/UWAmodel_2/datasets/data_splits_depth/train/300_107.tif,/root/autodl-tmp/UWAmodel_2/datasets/data_splits_sds_train/sparse_300_107.npy,1175
/root/autodl-tmp/UWAmodel_2/datasets/data_splits_original/train/301_10.tiff,/root/autodl-tmp/UWAmodel_2/datasets/data_splits_depth/train/301_10.tif,/root/autodl-tmp/UWAmodel_2/datasets/data_splits_sds_train/sparse_301_10.npy,1175
/root/autodl-tmp/UWAmodel_2/datasets/data_splits_original/train/301_18.tiff,/root/autodl-tmp/UWAmodel_2/datasets/data_splits_depth/train/301_18.tif,/root/autodl-tmp/UWAmodel_2/datasets/data_splits_sds_train/sparse_301_18.npy,1175
/root/autodl-tmp/UWAmodel_2/datasets/data_splits_original/train/301_38.tiff,/root/autodl-tmp/UWAmodel_2/datasets/data_splits_depth/train/301_38.tif,/root/autodl-tmp/UWAmodel_2/datasets/data_splits_sds_train/sparse_301_38.npy,1175
/root/autodl-tmp/UWAmodel_2/datasets/data_splits_original/train/301_85.tiff,/root/autodl-tmp/UWAmodel_2/datasets/data_splits_depth/train/301_85.tif,/root/autodl-tmp/UWAmodel_2/datasets/data_splits_sds_train/sparse_301_85.npy,1175
/root/autodl-tmp/UWAmodel_2/datasets/data_splits_original/train/301_115.tiff,/root/autodl-tmp/UWAmodel_2/datasets/data_splits_depth/train/301_115.tif,/root/autodl-tmp/UWAmodel_2/datasets/data_splits_sds_train/sparse_301_115.npy,1175
/root/autodl-tmp/UWAmodel_2/datasets/data_splits_original/train/302_21.tiff,/root/autodl-tmp/UWAmodel_2/datasets/data_splits_depth/train/302_21.tif,/root/autodl-tmp/UWAmodel_2/datasets/data_splits_sds_train/sparse_302_21.npy,1175
/root/autodl-tmp/UWAmodel_2/datasets/data_splits_original/train/302_32.tiff,/root/autodl-tmp/UWAmodel_2/datasets/data_splits_depth/train/302_32.tif,/root/autodl-tmp/UWAmodel_2/datasets/data_splits_sds_train/sparse_302_32.npy,1175
/root/autodl-tmp/UWAmodel_2/datasets/data_splits_original/train/302_59.tiff,/root/autodl-tmp/UWAmodel_2/datasets/data_splits_depth/train/302_59.tif,/root/autodl-tmp/UWAmodel_2/datasets/data_splits_sds_train/sparse_302_59.npy,1175
/root/autodl-tmp/UWAmodel_2/datasets/data_splits_original/train/302_67.tiff,/root/autodl-tmp/UWAmodel_2/datasets/data_splits_depth/train/302_67.tif,/root/autodl-tmp/UWAmodel_2/datasets/data_splits_sds_train/sparse_302_67.npy,1175
/root/autodl-tmp/UWAmodel_2/datasets/data_splits_original/train/302_97.tiff,/root/autodl-tmp/UWAmodel_2/datasets/data_splits_depth/train/302_97.tif,/root/autodl-tmp/UWAmodel_2/datasets/data_splits_sds_train/sparse_302_97.npy,1175
/root/autodl-tmp/UWAmodel_2/datasets/data_splits_original/train/304_21.tiff,/root/autodl-tmp/UWAmodel_2/datasets/data_splits_depth/train/304_21.tif,/root/autodl-tmp/UWAmodel_2/datasets/data_splits_sds_train/sparse_304_21.npy,1175
/root/autodl-tmp/UWAmodel_2/datasets/data_splits_original/train/304_24.tiff,/root/autodl-tmp/UWAmodel_2/datasets/data_splits_depth/train/304_24.tif,/root/autodl-tmp/UWAmodel_2/datasets/data_splits_sds_train/sparse_304_24.npy,1175
/root/autodl-tmp/UWAmodel_2/datasets/data_splits_original/train/304_91.tiff,/root/autodl-tmp/UWAmodel_2/datasets/data_splits_depth/train/304_91.tif,/root/autodl-tmp/UWAmodel_2/datasets/data_splits_sds_train/sparse_304_91.npy,1175
/root/autodl-tmp/UWAmodel_2/datasets/data_splits_original/train/304_99.tiff,/root/autodl-tmp/UWAmodel_2/datasets/data_splits_depth/train/304_99.tif,/root/autodl-tmp/UWAmodel_2/datasets/data_splits_sds_train/sparse_304_99.npy,1175
/root/autodl-tmp/UWAmodel_2/datasets/data_splits_original/train/304_105.tiff,/root/autodl-tmp/UWAmodel_2/datasets/data_splits_depth/train/304_105.tif,/root/autodl-tmp/UWAmodel_2/datasets/data_splits_sds_train/sparse_304_105.npy,1175
/root/autodl-tmp/UWAmodel_2/datasets/data_splits_original/train/305_57.tiff,/root/autodl-tmp/UWAmodel_2/datasets/data_splits_depth/train/305_57.tif,/root/autodl-tmp/UWAmodel_2/datasets/data_splits_sds_train/sparse_305_57.npy,1175
/root/autodl-tmp/UWAmodel_2/datasets/data_splits_original/train/305_72.tiff,/root/autodl-tmp/UWAmodel_2/datasets/data_splits_depth/train/305_72.tif,/root/autodl-tmp/UWAmodel_2/datasets/data_splits_sds_train/sparse_305_72.npy,1175
/root/autodl-tmp/UWAmodel_2/datasets/data_splits_original/train/305_82.tiff,/root/autodl-tmp/UWAmodel_2/datasets/data_splits_depth/train/305_82.tif,/root/autodl-tmp/UWAmodel_2/datasets/data_splits_sds_train/sparse_305_82.npy,1175
/root/autodl-tmp/UWAmodel_2/datasets/data_splits_original/train/305_103.tiff,/root/autodl-tmp/UWAmodel_2/datasets/data_splits_depth/train/305_103.tif,/root/autodl-tmp/UWAmodel_2/datasets/data_splits_sds_train/sparse_305_103.npy,1175
/root/autodl-tmp/UWAmodel_2/datasets/data_splits_original/train/305_113.tiff,/root/autodl-tmp/UWAmodel_2/datasets/data_splits_depth/train/305_113.tif,/root/autodl-tmp/UWAmodel_2/datasets/data_splits_sds_train/sparse_305_113.npy,1175
/root/autodl-tmp/UWAmodel_2/datasets/data_splits_original/train/306_16.tiff,/root/autodl-tmp/UWAmodel_2/datasets/data_splits_depth/train/306_16.tif,/root/autodl-tmp/UWAmodel_2/datasets/data_splits_sds_train/sparse_306_16.npy,1175
/root/autodl-tmp/UWAmodel_2/datasets/data_splits_original/train/306_20.tiff,/root/autodl-tmp/UWAmodel_2/datasets/data_splits_depth/train/306_20.tif,/root/autodl-tmp/UWAmodel_2/datasets/data_splits_sds_train/sparse_306_20.npy,1175
/root/autodl-tmp/UWAmodel_2/datasets/data_splits_original/train/306_26.tiff,/root/autodl-tmp/UWAmodel_2/datasets/data_splits_depth/train/306_26.tif,/root/autodl-tmp/UWAmodel_2/datasets/data_splits_sds_train/sparse_306_26.npy,1175
/root/autodl-tmp/UWAmodel_2/datasets/data_splits_original/train/306_72.tiff,/root/autodl-tmp/UWAmodel_2/datasets/data_splits_depth/train/306_72.tif,/root/autodl-tmp/UWAmodel_2/datasets/data_splits_sds_train/sparse_306_72.npy,1175
/root/autodl-tmp/UWAmodel_2/datasets/data_splits_original/train/306_75.tiff,/root/autodl-tmp/UWAmodel_2/datasets/data_splits_depth/train/306_75.tif,/root/autodl-tmp/UWAmodel_2/datasets/data_splits_sds_train/sparse_306_75.npy,1175
/root/autodl-tmp/UWAmodel_2/datasets/data_splits_original/train/308_36.tiff,/root/autodl-tmp/UWAmodel_2/datasets/data_splits_depth/train/308_36.tif,/root/autodl-tmp/UWAmodel_2/datasets/data_splits_sds_train/sparse_308_36.npy,1175
/root/autodl-tmp/UWAmodel_2/datasets/data_splits_original/train/308_50.tiff,/root/autodl-tmp/UWAmodel_2/datasets/data_splits_depth/train/308_50.tif,/root/autodl-tmp/UWAmodel_2/datasets/data_splits_sds_train/sparse_308_50.npy,1175
/root/autodl-tmp/UWAmodel_2/datasets/data_splits_original/train/308_67.tiff,/root/autodl-tmp/UWAmodel_2/datasets/data_splits_depth/train/308_67.tif,/root/autodl-tmp/UWAmodel_2/datasets/data_splits_sds_train/sparse_308_67.npy,1175
/root/autodl-tmp/UWAmodel_2/datasets/data_splits_original/train/308_77.tiff,/root/autodl-tmp/UWAmodel_2/datasets/data_splits_depth/train/308_77.tif,/root/autodl-tmp/UWAmodel_2/datasets/data_splits_sds_train/sparse_308_77.npy,1175
/root/autodl-tmp/UWAmodel_2/datasets/data_splits_original/train/308_90.tiff,/root/autodl-tmp/UWAmodel_2/datasets/data_splits_depth/train/308_90.tif,/root/autodl-tmp/UWAmodel_2/datasets/data_splits_sds_train/sparse_308_90.npy,1175
/root/autodl-tmp/UWAmodel_2/datasets/data_splits_original/train/311_24.tiff,/root/autodl-tmp/UWAmodel_2/datasets/data_splits_depth/train/311_24.tif,/root/autodl-tmp/UWAmodel_2/datasets/data_splits_sds_train/sparse_311_24.npy,1175
/root/autodl-tmp/UWAmodel_2/datasets/data_splits_original/train/311_44.tiff,/root/autodl-tmp/UWAmodel_2/datasets/data_splits_depth/train/311_44.tif,/root/autodl-tmp/UWAmodel_2/datasets/data_splits_sds_train/sparse_311_44.npy,1175
/root/autodl-tmp/UWAmodel_2/datasets/data_splits_original/train/311_99.tiff,/root/autodl-tmp/UWAmodel_2/datasets/data_splits_depth/train/311_99.tif,/root/autodl-tmp/UWAmodel_2/datasets/data_splits_sds_train/sparse_311_99.npy,1175
/root/autodl-tmp/UWAmodel_2/datasets/data_splits_original/train/311_100.tiff,/root/autodl-tmp/UWAmodel_2/datasets/data_splits_depth/train/311_100.tif,/root/autodl-tmp/UWAmodel_2/datasets/data_splits_sds_train/sparse_311_100.npy,1175
/root/autodl-tmp/UWAmodel_2/datasets/data_splits_original/train/311_105.tiff,/root/autodl-tmp/UWAmodel_2/datasets/data_splits_depth/train/311_105.tif,/root/autodl-tmp/UWAmodel_2/datasets/data_splits_sds_train/sparse_311_105.npy,1175
/root/autodl-tmp/UWAmodel_2/datasets/data_splits_original/train/313_27.tiff,/root/autodl-tmp/UWAmodel_2/datasets/data_splits_depth/train/313_27.tif,/root/autodl-tmp/UWAmodel_2/datasets/data_splits_sds_train/sparse_313_27.npy,1175
/root/autodl-tmp/UWAmodel_2/datasets/data_splits_original/train/313_43.tiff,/root/autodl-tmp/UWAmodel_2/datasets/data_splits_depth/train/313_43.tif,/root/autodl-tmp/UWAmodel_2/datasets/data_splits_sds_train/sparse_313_43.npy,1175
/root/autodl-tmp/UWAmodel_2/datasets/data_splits_original/train/313_54.tiff,/root/autodl-tmp/UWAmodel_2/datasets/data_splits_depth/train/313_54.tif,/root/autodl-tmp/UWAmodel_2/datasets/data_splits_sds_train/sparse_313_54.npy,1175
/root/autodl-tmp/UWAmodel_2/datasets/data_splits_original/train/313_61.tiff,/root/autodl-tmp/UWAmodel_2/datasets/data_splits_depth/train/313_61.tif,/root/autodl-tmp/UWAmodel_2/datasets/data_splits_sds_train/sparse_313_61.npy,1175
/root/autodl-tmp/UWAmodel_2/datasets/data_splits_original/train/313_80.tiff,/root/autodl-tmp/UWAmodel_2/datasets/data_splits_depth/train/313_80.tif,/root/autodl-tmp/UWAmodel_2/datasets/data_splits_sds_train/sparse_313_80.npy,1175
/root/autodl-tmp/UWAmodel_2/datasets/data_splits_original/train/314_8.tiff,/root/autodl-tmp/UWAmodel_2/datasets/data_splits_depth/train/314_8.tif,/root/autodl-tmp/UWAmodel_2/datasets/data_splits_sds_train/sparse_314_8.npy,1175
/root/autodl-tmp/UWAmodel_2/datasets/data_splits_original/train/314_12.tiff,/root/autodl-tmp/UWAmodel_2/datasets/data_splits_depth/train/314_12.tif,/root/autodl-tmp/UWAmodel_2/datasets/data_splits_sds_train/sparse_314_12.npy,1175
/root/autodl-tmp/UWAmodel_2/datasets/data_splits_original/train/314_17.tiff,/root/autodl-tmp/UWAmodel_2/datasets/data_splits_depth/train/314_17.tif,/root/autodl-tmp/UWAmodel_2/datasets/data_splits_sds_train/sparse_314_17.npy,1175
/root/autodl-tmp/UWAmodel_2/datasets/data_splits_original/train/314_21.tiff,/root/autodl-tmp/UWAmodel_2/datasets/data_splits_depth/train/314_21.tif,/root/autodl-tmp/UWAmodel_2/datasets/data_splits_sds_train/sparse_314_21.npy,1175
/root/autodl-tmp/UWAmodel_2/datasets/data_splits_original/train/314_89.tiff,/root/autodl-tmp/UWAmodel_2/datasets/data_splits_depth/train/314_89.tif,/root/autodl-tmp/UWAmodel_2/datasets/data_splits_sds_train/sparse_314_89.npy,1175
/root/autodl-tmp/UWAmodel_2/datasets/data_splits_original/train/315_4.tiff,/root/autodl-tmp/UWAmodel_2/datasets/data_splits_depth/train/315_4.tif,/root/autodl-tmp/UWAmodel_2/datasets/data_splits_sds_train/sparse_315_4.npy,1175
/root/autodl-tmp/UWAmodel_2/datasets/data_splits_original/train/315_7.tiff,/root/autodl-tmp/UWAmodel_2/datasets/data_splits_depth/train/315_7.tif,/root/autodl-tmp/UWAmodel_2/datasets/data_splits_sds_train/sparse_315_7.npy,1175
/root/autodl-tmp/UWAmodel_2/datasets/data_splits_original/train/315_24.tiff,/root/autodl-tmp/UWAmodel_2/datasets/data_splits_depth/train/315_24.tif,/root/autodl-tmp/UWAmodel_2/datasets/data_splits_sds_train/sparse_315_24.npy,1175
/root/autodl-tmp/UWAmodel_2/datasets/data_splits_original/train/315_63.tiff,/root/autodl-tmp/UWAmodel_2/datasets/data_splits_depth/train/315_63.tif,/root/autodl-tmp/UWAmodel_2/datasets/data_splits_sds_train/sparse_315_63.npy,1175
/root/autodl-tmp/UWAmodel_2/datasets/data_splits_original/train/315_72.tiff,/root/autodl-tmp/UWAmodel_2/datasets/data_splits_depth/train/315_72.tif,/root/autodl-tmp/UWAmodel_2/datasets/data_splits_sds_train/sparse_315_72.npy,1175
/root/autodl-tmp/UWAmodel_2/datasets/data_splits_original/train/316_14.tiff,/root/autodl-tmp/UWAmodel_2/datasets/data_splits_depth/train/316_14.tif,/root/autodl-tmp/UWAmodel_2/datasets/data_splits_sds_train/sparse_316_14.npy,1175
/root/autodl-tmp/UWAmodel_2/datasets/data_splits_original/train/316_20.tiff,/root/autodl-tmp/UWAmodel_2/datasets/data_splits_depth/train/316_20.tif,/root/autodl-tmp/UWAmodel_2/datasets/data_splits_sds_train/sparse_316_20.npy,1175
/root/autodl-tmp/UWAmodel_2/datasets/data_splits_original/train/316_71.tiff,/root/autodl-tmp/UWAmodel_2/datasets/data_splits_depth/train/316_71.tif,/root/autodl-tmp/UWAmodel_2/datasets/data_splits_sds_train/sparse_316_71.npy,1175
/root/autodl-tmp/UWAmodel_2/datasets/data_splits_original/train/316_83.tiff,/root/autodl-tmp/UWAmodel_2/datasets/data_splits_depth/train/316_83.tif,/root/autodl-tmp/UWAmodel_2/datasets/data_splits_sds_train/sparse_316_83.npy,1175
/root/autodl-tmp/UWAmodel_2/datasets/data_splits_original/train/316_119.tiff,/root/autodl-tmp/UWAmodel_2/datasets/data_splits_depth/train/316_119.tif,/root/autodl-tmp/UWAmodel_2/datasets/data_splits_sds_train/sparse_316_119.npy,1175
/root/autodl-tmp/UWAmodel_2/datasets/data_splits_original/train/317_20.tiff,/root/autodl-tmp/UWAmodel_2/datasets/data_splits_depth/train/317_20.tif,/root/autodl-tmp/UWAmodel_2/datasets/data_splits_sds_train/sparse_317_20.npy,1175
/root/autodl-tmp/UWAmodel_2/datasets/data_splits_original/train/317_37.tiff,/root/autodl-tmp/UWAmodel_2/datasets/data_splits_depth/train/317_37.tif,/root/autodl-tmp/UWAmodel_2/datasets/data_splits_sds_train/sparse_317_37.npy,1175
/root/autodl-tmp/UWAmodel_2/datasets/data_splits_original/train/317_74.tiff,/root/autodl-tmp/UWAmodel_2/datasets/data_splits_depth/train/317_74.tif,/root/autodl-tmp/UWAmodel_2/datasets/data_splits_sds_train/sparse_317_74.npy,1175
/root/autodl-tmp/UWAmodel_2/datasets/data_splits_original/train/317_80.tiff,/root/autodl-tmp/UWAmodel_2/datasets/data_splits_depth/train/317_80.tif,/root/autodl-tmp/UWAmodel_2/datasets/data_splits_sds_train/sparse_317_80.npy,1175
/root/autodl-tmp/UWAmodel_2/datasets/data_splits_original/train/317_115.tiff,/root/autodl-tmp/UWAmodel_2/datasets/data_splits_depth/train/317_115.tif,/root/autodl-tmp/UWAmodel_2/datasets/data_splits_sds_train/sparse_317_115.npy,1175
/root/autodl-tmp/UWAmodel_2/datasets/data_splits_original/train/318_31.tiff,/root/autodl-tmp/UWAmodel_2/datasets/data_splits_depth/train/318_31.tif,/root/autodl-tmp/UWAmodel_2/datasets/data_splits_sds_train/sparse_318_31.npy,1175
/root/autodl-tmp/UWAmodel_2/datasets/data_splits_original/train/318_33.tiff,/root/autodl-tmp/UWAmodel_2/datasets/data_splits_depth/train/318_33.tif,/root/autodl-tmp/UWAmodel_2/datasets/data_splits_sds_train/sparse_318_33.npy,1175
/root/autodl-tmp/UWAmodel_2/datasets/data_splits_original/train/318_45.tiff,/root/autodl-tmp/UWAmodel_2/datasets/data_splits_depth/train/318_45.tif,/root/autodl-tmp/UWAmodel_2/datasets/data_splits_sds_train/sparse_318_45.npy,1175
/root/autodl-tmp/UWAmodel_2/datasets/data_splits_original/train/318_97.tiff,/root/autodl-tmp/UWAmodel_2/datasets/data_splits_depth/train/318_97.tif,/root/autodl-tmp/UWAmodel_2/datasets/data_splits_sds_train/sparse_318_97.npy,1175
/root/autodl-tmp/UWAmodel_2/datasets/data_splits_original/train/318_117.tiff,/root/autodl-tmp/UWAmodel_2/datasets/data_splits_depth/train/318_117.tif,/root/autodl-tmp/UWAmodel_2/datasets/data_splits_sds_train/sparse_318_117.npy,1175
/root/autodl-tmp/UWAmodel_2/datasets/data_splits_original/train/320_6.tiff,/root/autodl-tmp/UWAmodel_2/datasets/data_splits_depth/train/320_6.tif,/root/autodl-tmp/UWAmodel_2/datasets/data_splits_sds_train/sparse_320_6.npy,1175
/root/autodl-tmp/UWAmodel_2/datasets/data_splits_original/train/320_25.tiff,/root/autodl-tmp/UWAmodel_2/datasets/data_splits_depth/train/320_25.tif,/root/autodl-tmp/UWAmodel_2/datasets/data_splits_sds_train/sparse_320_25.npy,1175
/root/autodl-tmp/UWAmodel_2/datasets/data_splits_original/train/320_48.tiff,/root/autodl-tmp/UWAmodel_2/datasets/data_splits_depth/train/320_48.tif,/root/autodl-tmp/UWAmodel_2/datasets/data_splits_sds_train/sparse_320_48.npy,1175
/root/autodl-tmp/UWAmodel_2/datasets/data_splits_original/train/320_98.tiff,/root/autodl-tmp/UWAmodel_2/datasets/data_splits_depth/train/320_98.tif,/root/autodl-tmp/UWAmodel_2/datasets/data_splits_sds_train/sparse_320_98.npy,1175
/root/autodl-tmp/UWAmodel_2/datasets/data_splits_original/train/320_105.tiff,/root/autodl-tmp/UWAmodel_2/datasets/data_splits_depth/train/320_105.tif,/root/autodl-tmp/UWAmodel_2/datasets/data_splits_sds_train/sparse_320_105.npy,1175
/root/autodl-tmp/UWAmodel_2/datasets/data_splits_original/train/321_40.tiff,/root/autodl-tmp/UWAmodel_2/datasets/data_splits_depth/train/321_40.tif,/root/autodl-tmp/UWAmodel_2/datasets/data_splits_sds_train/sparse_321_40.npy,1175
/root/autodl-tmp/UWAmodel_2/datasets/data_splits_original/train/321_72.tiff,/root/autodl-tmp/UWAmodel_2/datasets/data_splits_depth/train/321_72.tif,/root/autodl-tmp/UWAmodel_2/datasets/data_splits_sds_train/sparse_321_72.npy,1175
/root/autodl-tmp/UWAmodel_2/datasets/data_splits_original/train/321_82.tiff,/root/autodl-tmp/UWAmodel_2/datasets/data_splits_depth/train/321_82.tif,/root/autodl-tmp/UWAmodel_2/datasets/data_splits_sds_train/sparse_321_82.npy,1175
/root/autodl-tmp/UWAmodel_2/datasets/data_splits_original/train/321_117.tiff,/root/autodl-tmp/UWAmodel_2/datasets/data_splits_depth/train/321_117.tif,/root/autodl-tmp/UWAmodel_2/datasets/data_splits_sds_train/sparse_321_117.npy,1175
/root/autodl-tmp/UWAmodel_2/datasets/data_splits_original/train/321_118.tiff,/root/autodl-tmp/UWAmodel_2/datasets/data_splits_depth/train/321_118.tif,/root/autodl-tmp/UWAmodel_2/datasets/data_splits_sds_train/sparse_321_118.npy,1175
/root/autodl-tmp/UWAmodel_2/datasets/data_splits_original/train/323_8.tiff,/root/autodl-tmp/UWAmodel_2/datasets/data_splits_depth/train/323_8.tif,/root/autodl-tmp/UWAmodel_2/datasets/data_splits_sds_train/sparse_323_8.npy,1175
/root/autodl-tmp/UWAmodel_2/datasets/data_splits_original/train/323_14.tiff,/root/autodl-tmp/UWAmodel_2/datasets/data_splits_depth/train/323_14.tif,/root/autodl-tmp/UWAmodel_2/datasets/data_splits_sds_train/sparse_323_14.npy,1175
/root/autodl-tmp/UWAmodel_2/datasets/data_splits_original/train/323_16.tiff,/root/autodl-tmp/UWAmodel_2/datasets/data_splits_depth/train/323_16.tif,/root/autodl-tmp/UWAmodel_2/datasets/data_splits_sds_train/sparse_323_16.npy,1175
/root/autodl-tmp/UWAmodel_2/datasets/data_splits_original/train/323_36.tiff,/root/autodl-tmp/UWAmodel_2/datasets/data_splits_depth/train/323_36.tif,/root/autodl-tmp/UWAmodel_2/datasets/data_splits_sds_train/sparse_323_36.npy,1175
/root/autodl-tmp/UWAmodel_2/datasets/data_splits_original/train/323_94.tiff,/root/autodl-tmp/UWAmodel_2/datasets/data_splits_depth/train/323_94.tif,/root/autodl-tmp/UWAmodel_2/datasets/data_splits_sds_train/sparse_323_94.npy,1175
/root/autodl-tmp/UWAmodel_2/datasets/data_splits_original/train/324_4.tiff,/root/autodl-tmp/UWAmodel_2/datasets/data_splits_depth/train/324_4.tif,/root/autodl-tmp/UWAmodel_2/datasets/data_splits_sds_train/sparse_324_4.npy,1175
/root/autodl-tmp/UWAmodel_2/datasets/data_splits_original/train/324_47.tiff,/root/autodl-tmp/UWAmodel_2/datasets/data_splits_depth/train/324_47.tif,/root/autodl-tmp/UWAmodel_2/datasets/data_splits_sds_train/sparse_324_47.npy,1175
/root/autodl-tmp/UWAmodel_2/datasets/data_splits_original/train/324_66.tiff,/root/autodl-tmp/UWAmodel_2/datasets/data_splits_depth/train/324_66.tif,/root/autodl-tmp/UWAmodel_2/datasets/data_splits_sds_train/sparse_324_66.npy,1175
/root/autodl-tmp/UWAmodel_2/datasets/data_splits_original/train/324_68.tiff,/root/autodl-tmp/UWAmodel_2/datasets/data_splits_depth/train/324_68.tif,/root/autodl-tmp/UWAmodel_2/datasets/data_splits_sds_train/sparse_324_68.npy,1175
/root/autodl-tmp/UWAmodel_2/datasets/data_splits_original/train/324_91.tiff,/root/autodl-tmp/UWAmodel_2/datasets/data_splits_depth/train/324_91.tif,/root/autodl-tmp/UWAmodel_2/datasets/data_splits_sds_train/sparse_324_91.npy,1175
/root/autodl-tmp/UWAmodel_2/datasets/data_splits_original/train/325_13.tiff,/root/autodl-tmp/UWAmodel_2/datasets/data_splits_depth/train/325_13.tif,/root/autodl-tmp/UWAmodel_2/datasets/data_splits_sds_train/sparse_325_13.npy,1175
/root/autodl-tmp/UWAmodel_2/datasets/data_splits_original/train/325_58.tiff,/root/autodl-tmp/UWAmodel_2/datasets/data_splits_depth/train/325_58.tif,/root/autodl-tmp/UWAmodel_2/datasets/data_splits_sds_train/sparse_325_58.npy,1175
/root/autodl-tmp/UWAmodel_2/datasets/data_splits_original/train/325_82.tiff,/root/autodl-tmp/UWAmodel_2/datasets/data_splits_depth/train/325_82.tif,/root/autodl-tmp/UWAmodel_2/datasets/data_splits_sds_train/sparse_325_82.npy,1175
/root/autodl-tmp/UWAmodel_2/datasets/data_splits_original/train/325_106.tiff,/root/autodl-tmp/UWAmodel_2/datasets/data_splits_depth/train/325_106.tif,/root/autodl-tmp/UWAmodel_2/datasets/data_splits_sds_train/sparse_325_106.npy,1175
/root/autodl-tmp/UWAmodel_2/datasets/data_splits_original/train/325_112.tiff,/root/autodl-tmp/UWAmodel_2/datasets/data_splits_depth/train/325_112.tif,/root/autodl-tmp/UWAmodel_2/datasets/data_splits_sds_train/sparse_325_112.npy,1175
/root/autodl-tmp/UWAmodel_2/datasets/data_splits_original/train/1_9.tiff,/root/autodl-tmp/UWAmodel_2/datasets/data_splits_depth/train/1_9.tif,/root/autodl-tmp/UWAmodel_2/datasets/data_splits_sds_train/sparse_1_9.npy,1175
/root/autodl-tmp/UWAmodel_2/datasets/data_splits_original/train/1_11.tiff,/root/autodl-tmp/UWAmodel_2/datasets/data_splits_depth/train/1_11.tif,/root/autodl-tmp/UWAmodel_2/datasets/data_splits_sds_train/sparse_1_11.npy,1175
/root/autodl-tmp/UWAmodel_2/datasets/data_splits_original/train/1_14.tiff,/root/autodl-tmp/UWAmodel_2/datasets/data_splits_depth/train/1_14.tif,/root/autodl-tmp/UWAmodel_2/datasets/data_splits_sds_train/sparse_1_14.npy,1175
/root/autodl-tmp/UWAmodel_2/datasets/data_splits_original/train/1_19.tiff,/root/autodl-tmp/UWAmodel_2/datasets/data_splits_depth/train/1_19.tif,/root/autodl-tmp/UWAmodel_2/datasets/data_splits_sds_train/sparse_1_19.npy,1175
/root/autodl-tmp/UWAmodel_2/datasets/data_splits_original/train/1_20.tiff,/root/autodl-tmp/UWAmodel_2/datasets/data_splits_depth/train/1_20.tif,/root/autodl-tmp/UWAmodel_2/datasets/data_splits_sds_train/sparse_1_20.npy,1175
/root/autodl-tmp/UWAmodel_2/datasets/data_splits_original/train/2_9.tiff,/root/autodl-tmp/UWAmodel_2/datasets/data_splits_depth/train/2_9.tif,/root/autodl-tmp/UWAmodel_2/datasets/data_splits_sds_train/sparse_2_9.npy,1175
/root/autodl-tmp/UWAmodel_2/datasets/data_splits_original/train/2_52.tiff,/root/autodl-tmp/UWAmodel_2/datasets/data_splits_depth/train/2_52.tif,/root/autodl-tmp/UWAmodel_2/datasets/data_splits_sds_train/sparse_2_52.npy,1175
/root/autodl-tmp/UWAmodel_2/datasets/data_splits_original/train/2_58.tiff,/root/autodl-tmp/UWAmodel_2/datasets/data_splits_depth/train/2_58.tif,/root/autodl-tmp/UWAmodel_2/datasets/data_splits_sds_train/sparse_2_58.npy,1175
/root/autodl-tmp/UWAmodel_2/datasets/data_splits_original/train/2_67.tiff,/root/autodl-tmp/UWAmodel_2/datasets/data_splits_depth/train/2_67.tif,/root/autodl-tmp/UWAmodel_2/datasets/data_splits_sds_train/sparse_2_67.npy,1175
/root/autodl-tmp/UWAmodel_2/datasets/data_splits_original/train/2_79.tiff,/root/autodl-tmp/UWAmodel_2/datasets/data_splits_depth/train/2_79.tif,/root/autodl-tmp/UWAmodel_2/datasets/data_splits_sds_train/sparse_2_79.npy,1175
/root/autodl-tmp/UWAmodel_2/datasets/data_splits_original/train/3_33.tiff,/root/autodl-tmp/UWAmodel_2/datasets/data_splits_depth/train/3_33.tif,/root/autodl-tmp/UWAmodel_2/datasets/data_splits_sds_train/sparse_3_33.npy,1175
/root/autodl-tmp/UWAmodel_2/datasets/data_splits_original/train/3_41.tiff,/root/autodl-tmp/UWAmodel_2/datasets/data_splits_depth/train/3_41.tif,/root/autodl-tmp/UWAmodel_2/datasets/data_splits_sds_train/sparse_3_41.npy,1175
/root/autodl-tmp/UWAmodel_2/datasets/data_splits_original/train/3_69.tiff,/root/autodl-tmp/UWAmodel_2/datasets/data_splits_depth/train/3_69.tif,/root/autodl-tmp/UWAmodel_2/datasets/data_splits_sds_train/sparse_3_69.npy,1175
/root/autodl-tmp/UWAmodel_2/datasets/data_splits_original/train/3_113.tiff,/root/autodl-tmp/UWAmodel_2/datasets/data_splits_depth/train/3_113.tif,/root/autodl-tmp/UWAmodel_2/datasets/data_splits_sds_train/sparse_3_113.npy,1175
/root/autodl-tmp/UWAmodel_2/datasets/data_splits_original/train/3_116.tiff,/root/autodl-tmp/UWAmodel_2/datasets/data_splits_depth/train/3_116.tif,/root/autodl-tmp/UWAmodel_2/datasets/data_splits_sds_train/sparse_3_116.npy,1175
/root/autodl-tmp/UWAmodel_2/datasets/data_splits_original/train/4_6.tiff,/root/autodl-tmp/UWAmodel_2/datasets/data_splits_depth/train/4_6.tif,/root/autodl-tmp/UWAmodel_2/datasets/data_splits_sds_train/sparse_4_6.npy,1175
/root/autodl-tmp/UWAmodel_2/datasets/data_splits_original/train/4_80.tiff,/root/autodl-tmp/UWAmodel_2/datasets/data_splits_depth/train/4_80.tif,/root/autodl-tmp/UWAmodel_2/datasets/data_splits_sds_train/sparse_4_80.npy,1175
/root/autodl-tmp/UWAmodel_2/datasets/data_splits_original/train/4_86.tiff,/root/autodl-tmp/UWAmodel_2/datasets/data_splits_depth/train/4_86.tif,/root/autodl-tmp/UWAmodel_2/datasets/data_splits_sds_train/sparse_4_86.npy,1175
/root/autodl-tmp/UWAmodel_2/datasets/data_splits_original/train/4_108.tiff,/root/autodl-tmp/UWAmodel_2/datasets/data_splits_depth/train/4_108.tif,/root/autodl-tmp/UWAmodel_2/datasets/data_splits_sds_train/sparse_4_108.npy,1175
/root/autodl-tmp/UWAmodel_2/datasets/data_splits_original/train/4_120.tiff,/root/autodl-tmp/UWAmodel_2/datasets/data_splits_depth/train/4_120.tif,/root/autodl-tmp/UWAmodel_2/datasets/data_splits_sds_train/sparse_4_120.npy,1175
/root/autodl-tmp/UWAmodel_2/datasets/data_splits_original/train/5_6.tiff,/root/autodl-tmp/UWAmodel_2/datasets/data_splits_depth/train/5_6.tif,/root/autodl-tmp/UWAmodel_2/datasets/data_splits_sds_train/sparse_5_6.npy,1175
/root/autodl-tmp/UWAmodel_2/datasets/data_splits_original/train/5_35.tiff,/root/autodl-tmp/UWAmodel_2/datasets/data_splits_depth/train/5_35.tif,/root/autodl-tmp/UWAmodel_2/datasets/data_splits_sds_train/sparse_5_35.npy,1175
/root/autodl-tmp/UWAmodel_2/datasets/data_splits_original/train/5_54.tiff,/root/autodl-tmp/UWAmodel_2/datasets/data_splits_depth/train/5_54.tif,/root/autodl-tmp/UWAmodel_2/datasets/data_splits_sds_train/sparse_5_54.npy,1175
/root/autodl-tmp/UWAmodel_2/datasets/data_splits_original/train/5_92.tiff,/root/autodl-tmp/UWAmodel_2/datasets/data_splits_depth/train/5_92.tif,/root/autodl-tmp/UWAmodel_2/datasets/data_splits_sds_train/sparse_5_92.npy,1175
/root/autodl-tmp/UWAmodel_2/datasets/data_splits_original/train/5_103.tiff,/root/autodl-tmp/UWAmodel_2/datasets/data_splits_depth/train/5_103.tif,/root/autodl-tmp/UWAmodel_2/datasets/data_splits_sds_train/sparse_5_103.npy,1175
/root/autodl-tmp/UWAmodel_2/datasets/data_splits_original/train/7_5.tiff,/root/autodl-tmp/UWAmodel_2/datasets/data_splits_depth/train/7_5.tif,/root/autodl-tmp/UWAmodel_2/datasets/data_splits_sds_train/sparse_7_5.npy,1175
/root/autodl-tmp/UWAmodel_2/datasets/data_splits_original/train/7_24.tiff,/root/autodl-tmp/UWAmodel_2/datasets/data_splits_depth/train/7_24.tif,/root/autodl-tmp/UWAmodel_2/datasets/data_splits_sds_train/sparse_7_24.npy,1175
/root/autodl-tmp/UWAmodel_2/datasets/data_splits_original/train/7_54.tiff,/root/autodl-tmp/UWAmodel_2/datasets/data_splits_depth/train/7_54.tif,/root/autodl-tmp/UWAmodel_2/datasets/data_splits_sds_train/sparse_7_54.npy,1175
/root/autodl-tmp/UWAmodel_2/datasets/data_splits_original/train/7_85.tiff,/root/autodl-tmp/UWAmodel_2/datasets/data_splits_depth/train/7_85.tif,/root/autodl-tmp/UWAmodel_2/datasets/data_splits_sds_train/sparse_7_85.npy,1175
/root/autodl-tmp/UWAmodel_2/datasets/data_splits_original/train/7_101.tiff,/root/autodl-tmp/UWAmodel_2/datasets/data_splits_depth/train/7_101.tif,/root/autodl-tmp/UWAmodel_2/datasets/data_splits_sds_train/sparse_7_101.npy,1175
/root/autodl-tmp/UWAmodel_2/datasets/data_splits_original/train/8_15.tiff,/root/autodl-tmp/UWAmodel_2/datasets/data_splits_depth/train/8_15.tif,/root/autodl-tmp/UWAmodel_2/datasets/data_splits_sds_train/sparse_8_15.npy,1175
/root/autodl-tmp/UWAmodel_2/datasets/data_splits_original/train/8_22.tiff,/root/autodl-tmp/UWAmodel_2/datasets/data_splits_depth/train/8_22.tif,/root/autodl-tmp/UWAmodel_2/datasets/data_splits_sds_train/sparse_8_22.npy,1175
/root/autodl-tmp/UWAmodel_2/datasets/data_splits_original/train/8_62.tiff,/root/autodl-tmp/UWAmodel_2/datasets/data_splits_depth/train/8_62.tif,/root/autodl-tmp/UWAmodel_2/datasets/data_splits_sds_train/sparse_8_62.npy,1175
/root/autodl-tmp/UWAmodel_2/datasets/data_splits_original/train/8_77.tiff,/root/autodl-tmp/UWAmodel_2/datasets/data_splits_depth/train/8_77.tif,/root/autodl-tmp/UWAmodel_2/datasets/data_splits_sds_train/sparse_8_77.npy,1175
/root/autodl-tmp/UWAmodel_2/datasets/data_splits_original/train/8_118.tiff,/root/autodl-tmp/UWAmodel_2/datasets/data_splits_depth/train/8_118.tif,/root/autodl-tmp/UWAmodel_2/datasets/data_splits_sds_train/sparse_8_118.npy,1175
/root/autodl-tmp/UWAmodel_2/datasets/data_splits_original/train/9_34.tiff,/root/autodl-tmp/UWAmodel_2/datasets/data_splits_depth/train/9_34.tif,/root/autodl-tmp/UWAmodel_2/datasets/data_splits_sds_train/sparse_9_34.npy,1175
/root/autodl-tmp/UWAmodel_2/datasets/data_splits_original/train/9_67.tiff,/root/autodl-tmp/UWAmodel_2/datasets/data_splits_depth/train/9_67.tif,/root/autodl-tmp/UWAmodel_2/datasets/data_splits_sds_train/sparse_9_67.npy,1175
/root/autodl-tmp/UWAmodel_2/datasets/data_splits_original/train/9_76.tiff,/root/autodl-tmp/UWAmodel_2/datasets/data_splits_depth/train/9_76.tif,/root/autodl-tmp/UWAmodel_2/datasets/data_splits_sds_train/sparse_9_76.npy,1175
/root/autodl-tmp/UWAmodel_2/datasets/data_splits_original/train/9_86.tiff,/root/autodl-tmp/UWAmodel_2/datasets/data_splits_depth/train/9_86.tif,/root/autodl-tmp/UWAmodel_2/datasets/data_splits_sds_train/sparse_9_86.npy,1175
/root/autodl-tmp/UWAmodel_2/datasets/data_splits_original/train/9_109.tiff,/root/autodl-tmp/UWAmodel_2/datasets/data_splits_depth/train/9_109.tif,/root/autodl-tmp/UWAmodel_2/datasets/data_splits_sds_train/sparse_9_109.npy,1175
/root/autodl-tmp/UWAmodel_2/datasets/data_splits_original/train/10_8.tiff,/root/autodl-tmp/UWAmodel_2/datasets/data_splits_depth/train/10_8.tif,/root/autodl-tmp/UWAmodel_2/datasets/data_splits_sds_train/sparse_10_8.npy,1175
/root/autodl-tmp/UWAmodel_2/datasets/data_splits_original/train/10_45.tiff,/root/autodl-tmp/UWAmodel_2/datasets/data_splits_depth/train/10_45.tif,/root/autodl-tmp/UWAmodel_2/datasets/data_splits_sds_train/sparse_10_45.npy,1175
/root/autodl-tmp/UWAmodel_2/datasets/data_splits_original/train/10_66.tiff,/root/autodl-tmp/UWAmodel_2/datasets/data_splits_depth/train/10_66.tif,/root/autodl-tmp/UWAmodel_2/datasets/data_splits_sds_train/sparse_10_66.npy,1175
/root/autodl-tmp/UWAmodel_2/datasets/data_splits_original/train/10_80.tiff,/root/autodl-tmp/UWAmodel_2/datasets/data_splits_depth/train/10_80.tif,/root/autodl-tmp/UWAmodel_2/datasets/data_splits_sds_train/sparse_10_80.npy,1175
/root/autodl-tmp/UWAmodel_2/datasets/data_splits_original/train/10_110.tiff,/root/autodl-tmp/UWAmodel_2/datasets/data_splits_depth/train/10_110.tif,/root/autodl-tmp/UWAmodel_2/datasets/data_splits_sds_train/sparse_10_110.npy,1175
/root/autodl-tmp/UWAmodel_2/datasets/data_splits_original/train/11_4.tiff,/root/autodl-tmp/UWAmodel_2/datasets/data_splits_depth/train/11_4.tif,/root/autodl-tmp/UWAmodel_2/datasets/data_splits_sds_train/sparse_11_4.npy,1175
/root/autodl-tmp/UWAmodel_2/datasets/data_splits_original/train/11_20.tiff,/root/autodl-tmp/UWAmodel_2/datasets/data_splits_depth/train/11_20.tif,/root/autodl-tmp/UWAmodel_2/datasets/data_splits_sds_train/sparse_11_20.npy,1175
/root/autodl-tmp/UWAmodel_2/datasets/data_splits_original/train/11_29.tiff,/root/autodl-tmp/UWAmodel_2/datasets/data_splits_depth/train/11_29.tif,/root/autodl-tmp/UWAmodel_2/datasets/data_splits_sds_train/sparse_11_29.npy,1175
/root/autodl-tmp/UWAmodel_2/datasets/data_splits_original/train/11_34.tiff,/root/autodl-tmp/UWAmodel_2/datasets/data_splits_depth/train/11_34.tif,/root/autodl-tmp/UWAmodel_2/datasets/data_splits_sds_train/sparse_11_34.npy,1175
/root/autodl-tmp/UWAmodel_2/datasets/data_splits_original/train/11_88.tiff,/root/autodl-tmp/UWAmodel_2/datasets/data_splits_depth/train/11_88.tif,/root/autodl-tmp/UWAmodel_2/datasets/data_splits_sds_train/sparse_11_88.npy,1175
/root/autodl-tmp/UWAmodel_2/datasets/data_splits_original/train/12_21.tiff,/root/autodl-tmp/UWAmodel_2/datasets/data_splits_depth/train/12_21.tif,/root/autodl-tmp/UWAmodel_2/datasets/data_splits_sds_train/sparse_12_21.npy,1175
/root/autodl-tmp/UWAmodel_2/datasets/data_splits_original/train/12_78.tiff,/root/autodl-tmp/UWAmodel_2/datasets/data_splits_depth/train/12_78.tif,/root/autodl-tmp/UWAmodel_2/datasets/data_splits_sds_train/sparse_12_78.npy,1175
/root/autodl-tmp/UWAmodel_2/datasets/data_splits_original/train/12_88.tiff,/root/autodl-tmp/UWAmodel_2/datasets/data_splits_depth/train/12_88.tif,/root/autodl-tmp/UWAmodel_2/datasets/data_splits_sds_train/sparse_12_88.npy,1175
/root/autodl-tmp/UWAmodel_2/datasets/data_splits_original/train/12_95.tiff,/root/autodl-tmp/UWAmodel_2/datasets/data_splits_depth/train/12_95.tif,/root/autodl-tmp/UWAmodel_2/datasets/data_splits_sds_train/sparse_12_95.npy,1175
/root/autodl-tmp/UWAmodel_2/datasets/data_splits_original/train/12_112.tiff,/root/autodl-tmp/UWAmodel_2/datasets/data_splits_depth/train/12_112.tif,/root/autodl-tmp/UWAmodel_2/datasets/data_splits_sds_train/sparse_12_112.npy,1175
/root/autodl-tmp/UWAmodel_2/datasets/data_splits_original/train/13_8.tiff,/root/autodl-tmp/UWAmodel_2/datasets/data_splits_depth/train/13_8.tif,/root/autodl-tmp/UWAmodel_2/datasets/data_splits_sds_train/sparse_13_8.npy,1175
/root/autodl-tmp/UWAmodel_2/datasets/data_splits_original/train/13_59.tiff,/root/autodl-tmp/UWAmodel_2/datasets/data_splits_depth/train/13_59.tif,/root/autodl-tmp/UWAmodel_2/datasets/data_splits_sds_train/sparse_13_59.npy,1175
/root/autodl-tmp/UWAmodel_2/datasets/data_splits_original/train/13_84.tiff,/root/autodl-tmp/UWAmodel_2/datasets/data_splits_depth/train/13_84.tif,/root/autodl-tmp/UWAmodel_2/datasets/data_splits_sds_train/sparse_13_84.npy,1175
/root/autodl-tmp/UWAmodel_2/datasets/data_splits_original/train/13_103.tiff,/root/autodl-tmp/UWAmodel_2/datasets/data_splits_depth/train/13_103.tif,/root/autodl-tmp/UWAmodel_2/datasets/data_splits_sds_train/sparse_13_103.npy,1175
/root/autodl-tmp/UWAmodel_2/datasets/data_splits_original/train/13_108.tiff,/root/autodl-tmp/UWAmodel_2/datasets/data_splits_depth/train/13_108.tif,/root/autodl-tmp/UWAmodel_2/datasets/data_splits_sds_train/sparse_13_108.npy,1175
/root/autodl-tmp/UWAmodel_2/datasets/data_splits_original/train/14_80.tiff,/root/autodl-tmp/UWAmodel_2/datasets/data_splits_depth/train/14_80.tif,/root/autodl-tmp/UWAmodel_2/datasets/data_splits_sds_train/sparse_14_80.npy,1175
/root/autodl-tmp/UWAmodel_2/datasets/data_splits_original/train/14_84.tiff,/root/autodl-tmp/UWAmodel_2/datasets/data_splits_depth/train/14_84.tif,/root/autodl-tmp/UWAmodel_2/datasets/data_splits_sds_train/sparse_14_84.npy,1175
/root/autodl-tmp/UWAmodel_2/datasets/data_splits_original/train/14_96.tiff,/root/autodl-tmp/UWAmodel_2/datasets/data_splits_depth/train/14_96.tif,/root/autodl-tmp/UWAmodel_2/datasets/data_splits_sds_train/sparse_14_96.npy,1175
/root/autodl-tmp/UWAmodel_2/datasets/data_splits_original/train/14_103.tiff,/root/autodl-tmp/UWAmodel_2/datasets/data_splits_depth/train/14_103.tif,/root/autodl-tmp/UWAmodel_2/datasets/data_splits_sds_train/sparse_14_103.npy,1175
/root/autodl-tmp/UWAmodel_2/datasets/data_splits_original/train/14_116.tiff,/root/autodl-tmp/UWAmodel_2/datasets/data_splits_depth/train/14_116.tif,/root/autodl-tmp/UWAmodel_2/datasets/data_splits_sds_train/sparse_14_116.npy,1175
/root/autodl-tmp/UWAmodel_2/datasets/data_splits_original/train/15_12.tiff,/root/autodl-tmp/UWAmodel_2/datasets/data_splits_depth/train/15_12.tif,/root/autodl-tmp/UWAmodel_2/datasets/data_splits_sds_train/sparse_15_12.npy,1175
/root/autodl-tmp/UWAmodel_2/datasets/data_splits_original/train/15_54.tiff,/root/autodl-tmp/UWAmodel_2/datasets/data_splits_depth/train/15_54.tif,/root/autodl-tmp/UWAmodel_2/datasets/data_splits_sds_train/sparse_15_54.npy,1175
/root/autodl-tmp/UWAmodel_2/datasets/data_splits_original/train/15_56.tiff,/root/autodl-tmp/UWAmodel_2/datasets/data_splits_depth/train/15_56.tif,/root/autodl-tmp/UWAmodel_2/datasets/data_splits_sds_train/sparse_15_56.npy,1175
/root/autodl-tmp/UWAmodel_2/datasets/data_splits_original/train/15_58.tiff,/root/autodl-tmp/UWAmodel_2/datasets/data_splits_depth/train/15_58.tif,/root/autodl-tmp/UWAmodel_2/datasets/data_splits_sds_train/sparse_15_58.npy,1175
/root/autodl-tmp/UWAmodel_2/datasets/data_splits_original/train/15_101.tiff,/root/autodl-tmp/UWAmodel_2/datasets/data_splits_depth/train/15_101.tif,/root/autodl-tmp/UWAmodel_2/datasets/data_splits_sds_train/sparse_15_101.npy,1175
/root/autodl-tmp/UWAmodel_2/datasets/data_splits_original/train/16_15.tiff,/root/autodl-tmp/UWAmodel_2/datasets/data_splits_depth/train/16_15.tif,/root/autodl-tmp/UWAmodel_2/datasets/data_splits_sds_train/sparse_16_15.npy,1175
/root/autodl-tmp/UWAmodel_2/datasets/data_splits_original/train/16_52.tiff,/root/autodl-tmp/UWAmodel_2/datasets/data_splits_depth/train/16_52.tif,/root/autodl-tmp/UWAmodel_2/datasets/data_splits_sds_train/sparse_16_52.npy,1175
/root/autodl-tmp/UWAmodel_2/datasets/data_splits_original/train/16_53.tiff,/root/autodl-tmp/UWAmodel_2/datasets/data_splits_depth/train/16_53.tif,/root/autodl-tmp/UWAmodel_2/datasets/data_splits_sds_train/sparse_16_53.npy,1175
/root/autodl-tmp/UWAmodel_2/datasets/data_splits_original/train/16_64.tiff,/root/autodl-tmp/UWAmodel_2/datasets/data_splits_depth/train/16_64.tif,/root/autodl-tmp/UWAmodel_2/datasets/data_splits_sds_train/sparse_16_64.npy,1175
/root/autodl-tmp/UWAmodel_2/datasets/data_splits_original/train/16_105.tiff,/root/autodl-tmp/UWAmodel_2/datasets/data_splits_depth/train/16_105.tif,/root/autodl-tmp/UWAmodel_2/datasets/data_splits_sds_train/sparse_16_105.npy,1175
/root/autodl-tmp/UWAmodel_2/datasets/data_splits_original/train/17_26.tiff,/root/autodl-tmp/UWAmodel_2/datasets/data_splits_depth/train/17_26.tif,/root/autodl-tmp/UWAmodel_2/datasets/data_splits_sds_train/sparse_17_26.npy,1175
/root/autodl-tmp/UWAmodel_2/datasets/data_splits_original/train/17_36.tiff,/root/autodl-tmp/UWAmodel_2/datasets/data_splits_depth/train/17_36.tif,/root/autodl-tmp/UWAmodel_2/datasets/data_splits_sds_train/sparse_17_36.npy,1175
/root/autodl-tmp/UWAmodel_2/datasets/data_splits_original/train/17_39.tiff,/root/autodl-tmp/UWAmodel_2/datasets/data_splits_depth/train/17_39.tif,/root/autodl-tmp/UWAmodel_2/datasets/data_splits_sds_train/sparse_17_39.npy,1175
/root/autodl-tmp/UWAmodel_2/datasets/data_splits_original/train/17_77.tiff,/root/autodl-tmp/UWAmodel_2/datasets/data_splits_depth/train/17_77.tif,/root/autodl-tmp/UWAmodel_2/datasets/data_splits_sds_train/sparse_17_77.npy,1175
/root/autodl-tmp/UWAmodel_2/datasets/data_splits_original/train/17_84.tiff,/root/autodl-tmp/UWAmodel_2/datasets/data_splits_depth/train/17_84.tif,/root/autodl-tmp/UWAmodel_2/datasets/data_splits_sds_train/sparse_17_84.npy,1175
/root/autodl-tmp/UWAmodel_2/datasets/data_splits_original/train/18_45.tiff,/root/autodl-tmp/UWAmodel_2/datasets/data_splits_depth/train/18_45.tif,/root/autodl-tmp/UWAmodel_2/datasets/data_splits_sds_train/sparse_18_45.npy,1175
/root/autodl-tmp/UWAmodel_2/datasets/data_splits_original/train/18_47.tiff,/root/autodl-tmp/UWAmodel_2/datasets/data_splits_depth/train/18_47.tif,/root/autodl-tmp/UWAmodel_2/datasets/data_splits_sds_train/sparse_18_47.npy,1175
/root/autodl-tmp/UWAmodel_2/datasets/data_splits_original/train/18_59.tiff,/root/autodl-tmp/UWAmodel_2/datasets/data_splits_depth/train/18_59.tif,/root/autodl-tmp/UWAmodel_2/datasets/data_splits_sds_train/sparse_18_59.npy,1175
/root/autodl-tmp/UWAmodel_2/datasets/data_splits_original/train/18_67.tiff,/root/autodl-tmp/UWAmodel_2/datasets/data_splits_depth/train/18_67.tif,/root/autodl-tmp/UWAmodel_2/datasets/data_splits_sds_train/sparse_18_67.npy,1175
/root/autodl-tmp/UWAmodel_2/datasets/data_splits_original/train/18_80.tiff,/root/autodl-tmp/UWAmodel_2/datasets/data_splits_depth/train/18_80.tif,/root/autodl-tmp/UWAmodel_2/datasets/data_splits_sds_train/sparse_18_80.npy,1175
/root/autodl-tmp/UWAmodel_2/datasets/data_splits_original/train/19_13.tiff,/root/autodl-tmp/UWAmodel_2/datasets/data_splits_depth/train/19_13.tif,/root/autodl-tmp/UWAmodel_2/datasets/data_splits_sds_train/sparse_19_13.npy,1175
/root/autodl-tmp/UWAmodel_2/datasets/data_splits_original/train/19_39.tiff,/root/autodl-tmp/UWAmodel_2/datasets/data_splits_depth/train/19_39.tif,/root/autodl-tmp/UWAmodel_2/datasets/data_splits_sds_train/sparse_19_39.npy,1175
/root/autodl-tmp/UWAmodel_2/datasets/data_splits_original/train/19_49.tiff,/root/autodl-tmp/UWAmodel_2/datasets/data_splits_depth/train/19_49.tif,/root/autodl-tmp/UWAmodel_2/datasets/data_splits_sds_train/sparse_19_49.npy,1175
/root/autodl-tmp/UWAmodel_2/datasets/data_splits_original/train/19_52.tiff,/root/autodl-tmp/UWAmodel_2/datasets/data_splits_depth/train/19_52.tif,/root/autodl-tmp/UWAmodel_2/datasets/data_splits_sds_train/sparse_19_52.npy,1175
/root/autodl-tmp/UWAmodel_2/datasets/data_splits_original/train/19_85.tiff,/root/autodl-tmp/UWAmodel_2/datasets/data_splits_depth/train/19_85.tif,/root/autodl-tmp/UWAmodel_2/datasets/data_splits_sds_train/sparse_19_85.npy,1175
/root/autodl-tmp/UWAmodel_2/datasets/data_splits_original/train/20_49.tiff,/root/autodl-tmp/UWAmodel_2/datasets/data_splits_depth/train/20_49.tif,/root/autodl-tmp/UWAmodel_2/datasets/data_splits_sds_train/sparse_20_49.npy,1175
/root/autodl-tmp/UWAmodel_2/datasets/data_splits_original/train/20_50.tiff,/root/autodl-tmp/UWAmodel_2/datasets/data_splits_depth/train/20_50.tif,/root/autodl-tmp/UWAmodel_2/datasets/data_splits_sds_train/sparse_20_50.npy,1175
/root/autodl-tmp/UWAmodel_2/datasets/data_splits_original/train/20_58.tiff,/root/autodl-tmp/UWAmodel_2/datasets/data_splits_depth/train/20_58.tif,/root/autodl-tmp/UWAmodel_2/datasets/data_splits_sds_train/sparse_20_58.npy,1175
/root/autodl-tmp/UWAmodel_2/datasets/data_splits_original/train/20_72.tiff,/root/autodl-tmp/UWAmodel_2/datasets/data_splits_depth/train/20_72.tif,/root/autodl-tmp/UWAmodel_2/datasets/data_splits_sds_train/sparse_20_72.npy,1175
/root/autodl-tmp/UWAmodel_2/datasets/data_splits_original/train/20_96.tiff,/root/autodl-tmp/UWAmodel_2/datasets/data_splits_depth/train/20_96.tif,/root/autodl-tmp/UWAmodel_2/datasets/data_splits_sds_train/sparse_20_96.npy,1175
/root/autodl-tmp/UWAmodel_2/datasets/data_splits_original/train/21_18.tiff,/root/autodl-tmp/UWAmodel_2/datasets/data_splits_depth/train/21_18.tif,/root/autodl-tmp/UWAmodel_2/datasets/data_splits_sds_train/sparse_21_18.npy,1175
/root/autodl-tmp/UWAmodel_2/datasets/data_splits_original/train/21_31.tiff,/root/autodl-tmp/UWAmodel_2/datasets/data_splits_depth/train/21_31.tif,/root/autodl-tmp/UWAmodel_2/datasets/data_splits_sds_train/sparse_21_31.npy,1175
/root/autodl-tmp/UWAmodel_2/datasets/data_splits_original/train/21_61.tiff,/root/autodl-tmp/UWAmodel_2/datasets/data_splits_depth/train/21_61.tif,/root/autodl-tmp/UWAmodel_2/datasets/data_splits_sds_train/sparse_21_61.npy,1175
/root/autodl-tmp/UWAmodel_2/datasets/data_splits_original/train/21_74.tiff,/root/autodl-tmp/UWAmodel_2/datasets/data_splits_depth/train/21_74.tif,/root/autodl-tmp/UWAmodel_2/datasets/data_splits_sds_train/sparse_21_74.npy,1175
/root/autodl-tmp/UWAmodel_2/datasets/data_splits_original/train/21_81.tiff,/root/autodl-tmp/UWAmodel_2/datasets/data_splits_depth/train/21_81.tif,/root/autodl-tmp/UWAmodel_2/datasets/data_splits_sds_train/sparse_21_81.npy,1175
/root/autodl-tmp/UWAmodel_2/datasets/data_splits_original/train/22_4.tiff,/root/autodl-tmp/UWAmodel_2/datasets/data_splits_depth/train/22_4.tif,/root/autodl-tmp/UWAmodel_2/datasets/data_splits_sds_train/sparse_22_4.npy,1175
/root/autodl-tmp/UWAmodel_2/datasets/data_splits_original/train/22_44.tiff,/root/autodl-tmp/UWAmodel_2/datasets/data_splits_depth/train/22_44.tif,/root/autodl-tmp/UWAmodel_2/datasets/data_splits_sds_train/sparse_22_44.npy,1175
/root/autodl-tmp/UWAmodel_2/datasets/data_splits_original/train/22_45.tiff,/root/autodl-tmp/UWAmodel_2/datasets/data_splits_depth/train/22_45.tif,/root/autodl-tmp/UWAmodel_2/datasets/data_splits_sds_train/sparse_22_45.npy,1175
/root/autodl-tmp/UWAmodel_2/datasets/data_splits_original/train/22_46.tiff,/root/autodl-tmp/UWAmodel_2/datasets/data_splits_depth/train/22_46.tif,/root/autodl-tmp/UWAmodel_2/datasets/data_splits_sds_train/sparse_22_46.npy,1175
/root/autodl-tmp/UWAmodel_2/datasets/data_splits_original/train/22_55.tiff,/root/autodl-tmp/UWAmodel_2/datasets/data_splits_depth/train/22_55.tif,/root/autodl-tmp/UWAmodel_2/datasets/data_splits_sds_train/sparse_22_55.npy,1175
/root/autodl-tmp/UWAmodel_2/datasets/data_splits_original/train/23_12.tiff,/root/autodl-tmp/UWAmodel_2/datasets/data_splits_depth/train/23_12.tif,/root/autodl-tmp/UWAmodel_2/datasets/data_splits_sds_train/sparse_23_12.npy,1175
/root/autodl-tmp/UWAmodel_2/datasets/data_splits_original/train/23_16.tiff,/root/autodl-tmp/UWAmodel_2/datasets/data_splits_depth/train/23_16.tif,/root/autodl-tmp/UWAmodel_2/datasets/data_splits_sds_train/sparse_23_16.npy,1175
/root/autodl-tmp/UWAmodel_2/datasets/data_splits_original/train/23_54.tiff,/root/autodl-tmp/UWAmodel_2/datasets/data_splits_depth/train/23_54.tif,/root/autodl-tmp/UWAmodel_2/datasets/data_splits_sds_train/sparse_23_54.npy,1175
/root/autodl-tmp/UWAmodel_2/datasets/data_splits_original/train/23_95.tiff,/root/autodl-tmp/UWAmodel_2/datasets/data_splits_depth/train/23_95.tif,/root/autodl-tmp/UWAmodel_2/datasets/data_splits_sds_train/sparse_23_95.npy,1175
/root/autodl-tmp/UWAmodel_2/datasets/data_splits_original/train/23_101.tiff,/root/autodl-tmp/UWAmodel_2/datasets/data_splits_depth/train/23_101.tif,/root/autodl-tmp/UWAmodel_2/datasets/data_splits_sds_train/sparse_23_101.npy,1175
/root/autodl-tmp/UWAmodel_2/datasets/data_splits_original/train/25_39.tiff,/root/autodl-tmp/UWAmodel_2/datasets/data_splits_depth/train/25_39.tif,/root/autodl-tmp/UWAmodel_2/datasets/data_splits_sds_train/sparse_25_39.npy,1175
/root/autodl-tmp/UWAmodel_2/datasets/data_splits_original/train/25_43.tiff,/root/autodl-tmp/UWAmodel_2/datasets/data_splits_depth/train/25_43.tif,/root/autodl-tmp/UWAmodel_2/datasets/data_splits_sds_train/sparse_25_43.npy,1175
/root/autodl-tmp/UWAmodel_2/datasets/data_splits_original/train/25_53.tiff,/root/autodl-tmp/UWAmodel_2/datasets/data_splits_depth/train/25_53.tif,/root/autodl-tmp/UWAmodel_2/datasets/data_splits_sds_train/sparse_25_53.npy,1175
/root/autodl-tmp/UWAmodel_2/datasets/data_splits_original/train/25_61.tiff,/root/autodl-tmp/UWAmodel_2/datasets/data_splits_depth/train/25_61.tif,/root/autodl-tmp/UWAmodel_2/datasets/data_splits_sds_train/sparse_25_61.npy,1175
/root/autodl-tmp/UWAmodel_2/datasets/data_splits_original/train/25_66.tiff,/root/autodl-tmp/UWAmodel_2/datasets/data_splits_depth/train/25_66.tif,/root/autodl-tmp/UWAmodel_2/datasets/data_splits_sds_train/sparse_25_66.npy,1175
/root/autodl-tmp/UWAmodel_2/datasets/data_splits_original/train/26_14.tiff,/root/autodl-tmp/UWAmodel_2/datasets/data_splits_depth/train/26_14.tif,/root/autodl-tmp/UWAmodel_2/datasets/data_splits_sds_train/sparse_26_14.npy,1175
/root/autodl-tmp/UWAmodel_2/datasets/data_splits_original/train/26_46.tiff,/root/autodl-tmp/UWAmodel_2/datasets/data_splits_depth/train/26_46.tif,/root/autodl-tmp/UWAmodel_2/datasets/data_splits_sds_train/sparse_26_46.npy,1175
/root/autodl-tmp/UWAmodel_2/datasets/data_splits_original/train/26_67.tiff,/root/autodl-tmp/UWAmodel_2/datasets/data_splits_depth/train/26_67.tif,/root/autodl-tmp/UWAmodel_2/datasets/data_splits_sds_train/sparse_26_67.npy,1175
/root/autodl-tmp/UWAmodel_2/datasets/data_splits_original/train/26_111.tiff,/root/autodl-tmp/UWAmodel_2/datasets/data_splits_depth/train/26_111.tif,/root/autodl-tmp/UWAmodel_2/datasets/data_splits_sds_train/sparse_26_111.npy,1175
/root/autodl-tmp/UWAmodel_2/datasets/data_splits_original/train/26_119.tiff,/root/autodl-tmp/UWAmodel_2/datasets/data_splits_depth/train/26_119.tif,/root/autodl-tmp/UWAmodel_2/datasets/data_splits_sds_train/sparse_26_119.npy,1175
/root/autodl-tmp/UWAmodel_2/datasets/data_splits_original/train/27_12.tiff,/root/autodl-tmp/UWAmodel_2/datasets/data_splits_depth/train/27_12.tif,/root/autodl-tmp/UWAmodel_2/datasets/data_splits_sds_train/sparse_27_12.npy,1175
/root/autodl-tmp/UWAmodel_2/datasets/data_splits_original/train/27_43.tiff,/root/autodl-tmp/UWAmodel_2/datasets/data_splits_depth/train/27_43.tif,/root/autodl-tmp/UWAmodel_2/datasets/data_splits_sds_train/sparse_27_43.npy,1175
/root/autodl-tmp/UWAmodel_2/datasets/data_splits_original/train/27_60.tiff,/root/autodl-tmp/UWAmodel_2/datasets/data_splits_depth/train/27_60.tif,/root/autodl-tmp/UWAmodel_2/datasets/data_splits_sds_train/sparse_27_60.npy,1175
/root/autodl-tmp/UWAmodel_2/datasets/data_splits_original/train/27_99.tiff,/root/autodl-tmp/UWAmodel_2/datasets/data_splits_depth/train/27_99.tif,/root/autodl-tmp/UWAmodel_2/datasets/data_splits_sds_train/sparse_27_99.npy,1175
/root/autodl-tmp/UWAmodel_2/datasets/data_splits_original/train/27_113.tiff,/root/autodl-tmp/UWAmodel_2/datasets/data_splits_depth/train/27_113.tif,/root/autodl-tmp/UWAmodel_2/datasets/data_splits_sds_train/sparse_27_113.npy,1175
/root/autodl-tmp/UWAmodel_2/datasets/data_splits_original/train/28_4.tiff,/root/autodl-tmp/UWAmodel_2/datasets/data_splits_depth/train/28_4.tif,/root/autodl-tmp/UWAmodel_2/datasets/data_splits_sds_train/sparse_28_4.npy,1175
/root/autodl-tmp/UWAmodel_2/datasets/data_splits_original/train/28_17.tiff,/root/autodl-tmp/UWAmodel_2/datasets/data_splits_depth/train/28_17.tif,/root/autodl-tmp/UWAmodel_2/datasets/data_splits_sds_train/sparse_28_17.npy,1175
/root/autodl-tmp/UWAmodel_2/datasets/data_splits_original/train/28_37.tiff,/root/autodl-tmp/UWAmodel_2/datasets/data_splits_depth/train/28_37.tif,/root/autodl-tmp/UWAmodel_2/datasets/data_splits_sds_train/sparse_28_37.npy,1175
/root/autodl-tmp/UWAmodel_2/datasets/data_splits_original/train/28_77.tiff,/root/autodl-tmp/UWAmodel_2/datasets/data_splits_depth/train/28_77.tif,/root/autodl-tmp/UWAmodel_2/datasets/data_splits_sds_train/sparse_28_77.npy,1175
/root/autodl-tmp/UWAmodel_2/datasets/data_splits_original/train/28_116.tiff,/root/autodl-tmp/UWAmodel_2/datasets/data_splits_depth/train/28_116.tif,/root/autodl-tmp/UWAmodel_2/datasets/data_splits_sds_train/sparse_28_116.npy,1175
/root/autodl-tmp/UWAmodel_2/datasets/data_splits_original/train/29_12.tiff,/root/autodl-tmp/UWAmodel_2/datasets/data_splits_depth/train/29_12.tif,/root/autodl-tmp/UWAmodel_2/datasets/data_splits_sds_train/sparse_29_12.npy,1175
/root/autodl-tmp/UWAmodel_2/datasets/data_splits_original/train/29_50.tiff,/root/autodl-tmp/UWAmodel_2/datasets/data_splits_depth/train/29_50.tif,/root/autodl-tmp/UWAmodel_2/datasets/data_splits_sds_train/sparse_29_50.npy,1175
/root/autodl-tmp/UWAmodel_2/datasets/data_splits_original/train/29_85.tiff,/root/autodl-tmp/UWAmodel_2/datasets/data_splits_depth/train/29_85.tif,/root/autodl-tmp/UWAmodel_2/datasets/data_splits_sds_train/sparse_29_85.npy,1175
/root/autodl-tmp/UWAmodel_2/datasets/data_splits_original/train/29_110.tiff,/root/autodl-tmp/UWAmodel_2/datasets/data_splits_depth/train/29_110.tif,/root/autodl-tmp/UWAmodel_2/datasets/data_splits_sds_train/sparse_29_110.npy,1175
/root/autodl-tmp/UWAmodel_2/datasets/data_splits_original/train/29_111.tiff,/root/autodl-tmp/UWAmodel_2/datasets/data_splits_depth/train/29_111.tif,/root/autodl-tmp/UWAmodel_2/datasets/data_splits_sds_train/sparse_29_111.npy,1175
/root/autodl-tmp/UWAmodel_2/datasets/data_splits_original/train/31_39.tiff,/root/autodl-tmp/UWAmodel_2/datasets/data_splits_depth/train/31_39.tif,/root/autodl-tmp/UWAmodel_2/datasets/data_splits_sds_train/sparse_31_39.npy,1175
/root/autodl-tmp/UWAmodel_2/datasets/data_splits_original/train/31_47.tiff,/root/autodl-tmp/UWAmodel_2/datasets/data_splits_depth/train/31_47.tif,/root/autodl-tmp/UWAmodel_2/datasets/data_splits_sds_train/sparse_31_47.npy,1175
/root/autodl-tmp/UWAmodel_2/datasets/data_splits_original/train/31_61.tiff,/root/autodl-tmp/UWAmodel_2/datasets/data_splits_depth/train/31_61.tif,/root/autodl-tmp/UWAmodel_2/datasets/data_splits_sds_train/sparse_31_61.npy,1175
/root/autodl-tmp/UWAmodel_2/datasets/data_splits_original/train/31_71.tiff,/root/autodl-tmp/UWAmodel_2/datasets/data_splits_depth/train/31_71.tif,/root/autodl-tmp/UWAmodel_2/datasets/data_splits_sds_train/sparse_31_71.npy,1175
/root/autodl-tmp/UWAmodel_2/datasets/data_splits_original/train/31_98.tiff,/root/autodl-tmp/UWAmodel_2/datasets/data_splits_depth/train/31_98.tif,/root/autodl-tmp/UWAmodel_2/datasets/data_splits_sds_train/sparse_31_98.npy,1175
/root/autodl-tmp/UWAmodel_2/datasets/data_splits_original/train/32_24.tiff,/root/autodl-tmp/UWAmodel_2/datasets/data_splits_depth/train/32_24.tif,/root/autodl-tmp/UWAmodel_2/datasets/data_splits_sds_train/sparse_32_24.npy,1175
/root/autodl-tmp/UWAmodel_2/datasets/data_splits_original/train/32_27.tiff,/root/autodl-tmp/UWAmodel_2/datasets/data_splits_depth/train/32_27.tif,/root/autodl-tmp/UWAmodel_2/datasets/data_splits_sds_train/sparse_32_27.npy,1175
/root/autodl-tmp/UWAmodel_2/datasets/data_splits_original/train/32_54.tiff,/root/autodl-tmp/UWAmodel_2/datasets/data_splits_depth/train/32_54.tif,/root/autodl-tmp/UWAmodel_2/datasets/data_splits_sds_train/sparse_32_54.npy,1175
/root/autodl-tmp/UWAmodel_2/datasets/data_splits_original/train/32_83.tiff,/root/autodl-tmp/UWAmodel_2/datasets/data_splits_depth/train/32_83.tif,/root/autodl-tmp/UWAmodel_2/datasets/data_splits_sds_train/sparse_32_83.npy,1175
/root/autodl-tmp/UWAmodel_2/datasets/data_splits_original/train/32_113.tiff,/root/autodl-tmp/UWAmodel_2/datasets/data_splits_depth/train/32_113.tif,/root/autodl-tmp/UWAmodel_2/datasets/data_splits_sds_train/sparse_32_113.npy,1175
/root/autodl-tmp/UWAmodel_2/datasets/data_splits_original/train/33_9.tiff,/root/autodl-tmp/UWAmodel_2/datasets/data_splits_depth/train/33_9.tif,/root/autodl-tmp/UWAmodel_2/datasets/data_splits_sds_train/sparse_33_9.npy,1175
/root/autodl-tmp/UWAmodel_2/datasets/data_splits_original/train/33_34.tiff,/root/autodl-tmp/UWAmodel_2/datasets/data_splits_depth/train/33_34.tif,/root/autodl-tmp/UWAmodel_2/datasets/data_splits_sds_train/sparse_33_34.npy,1175
/root/autodl-tmp/UWAmodel_2/datasets/data_splits_original/train/33_67.tiff,/root/autodl-tmp/UWAmodel_2/datasets/data_splits_depth/train/33_67.tif,/root/autodl-tmp/UWAmodel_2/datasets/data_splits_sds_train/sparse_33_67.npy,1175
/root/autodl-tmp/UWAmodel_2/datasets/data_splits_original/train/33_71.tiff,/root/autodl-tmp/UWAmodel_2/datasets/data_splits_depth/train/33_71.tif,/root/autodl-tmp/UWAmodel_2/datasets/data_splits_sds_train/sparse_33_71.npy,1175
/root/autodl-tmp/UWAmodel_2/datasets/data_splits_original/train/33_116.tiff,/root/autodl-tmp/UWAmodel_2/datasets/data_splits_depth/train/33_116.tif,/root/autodl-tmp/UWAmodel_2/datasets/data_splits_sds_train/sparse_33_116.npy,1175
/root/autodl-tmp/UWAmodel_2/datasets/data_splits_original/train/34_24.tiff,/root/autodl-tmp/UWAmodel_2/datasets/data_splits_depth/train/34_24.tif,/root/autodl-tmp/UWAmodel_2/datasets/data_splits_sds_train/sparse_34_24.npy,1175
/root/autodl-tmp/UWAmodel_2/datasets/data_splits_original/train/34_59.tiff,/root/autodl-tmp/UWAmodel_2/datasets/data_splits_depth/train/34_59.tif,/root/autodl-tmp/UWAmodel_2/datasets/data_splits_sds_train/sparse_34_59.npy,1175
/root/autodl-tmp/UWAmodel_2/datasets/data_splits_original/train/34_84.tiff,/root/autodl-tmp/UWAmodel_2/datasets/data_splits_depth/train/34_84.tif,/root/autodl-tmp/UWAmodel_2/datasets/data_splits_sds_train/sparse_34_84.npy,1175
/root/autodl-tmp/UWAmodel_2/datasets/data_splits_original/train/34_97.tiff,/root/autodl-tmp/UWAmodel_2/datasets/data_splits_depth/train/34_97.tif,/root/autodl-tmp/UWAmodel_2/datasets/data_splits_sds_train/sparse_34_97.npy,1175
/root/autodl-tmp/UWAmodel_2/datasets/data_splits_original/train/34_114.tiff,/root/autodl-tmp/UWAmodel_2/datasets/data_splits_depth/train/34_114.tif,/root/autodl-tmp/UWAmodel_2/datasets/data_splits_sds_train/sparse_34_114.npy,1175
/root/autodl-tmp/UWAmodel_2/datasets/data_splits_original/train/35_13.tiff,/root/autodl-tmp/UWAmodel_2/datasets/data_splits_depth/train/35_13.tif,/root/autodl-tmp/UWAmodel_2/datasets/data_splits_sds_train/sparse_35_13.npy,1175
/root/autodl-tmp/UWAmodel_2/datasets/data_splits_original/train/35_80.tiff,/root/autodl-tmp/UWAmodel_2/datasets/data_splits_depth/train/35_80.tif,/root/autodl-tmp/UWAmodel_2/datasets/data_splits_sds_train/sparse_35_80.npy,1175
/root/autodl-tmp/UWAmodel_2/datasets/data_splits_original/train/35_84.tiff,/root/autodl-tmp/UWAmodel_2/datasets/data_splits_depth/train/35_84.tif,/root/autodl-tmp/UWAmodel_2/datasets/data_splits_sds_train/sparse_35_84.npy,1175
/root/autodl-tmp/UWAmodel_2/datasets/data_splits_original/train/35_95.tiff,/root/autodl-tmp/UWAmodel_2/datasets/data_splits_depth/train/35_95.tif,/root/autodl-tmp/UWAmodel_2/datasets/data_splits_sds_train/sparse_35_95.npy,1175
/root/autodl-tmp/UWAmodel_2/datasets/data_splits_original/train/35_109.tiff,/root/autodl-tmp/UWAmodel_2/datasets/data_splits_depth/train/35_109.tif,/root/autodl-tmp/UWAmodel_2/datasets/data_splits_sds_train/sparse_35_109.npy,1175
/root/autodl-tmp/UWAmodel_2/datasets/data_splits_original/train/36_18.tiff,/root/autodl-tmp/UWAmodel_2/datasets/data_splits_depth/train/36_18.tif,/root/autodl-tmp/UWAmodel_2/datasets/data_splits_sds_train/sparse_36_18.npy,1175
/root/autodl-tmp/UWAmodel_2/datasets/data_splits_original/train/36_22.tiff,/root/autodl-tmp/UWAmodel_2/datasets/data_splits_depth/train/36_22.tif,/root/autodl-tmp/UWAmodel_2/datasets/data_splits_sds_train/sparse_36_22.npy,1175
/root/autodl-tmp/UWAmodel_2/datasets/data_splits_original/train/36_35.tiff,/root/autodl-tmp/UWAmodel_2/datasets/data_splits_depth/train/36_35.tif,/root/autodl-tmp/UWAmodel_2/datasets/data_splits_sds_train/sparse_36_35.npy,1175
/root/autodl-tmp/UWAmodel_2/datasets/data_splits_original/train/36_41.tiff,/root/autodl-tmp/UWAmodel_2/datasets/data_splits_depth/train/36_41.tif,/root/autodl-tmp/UWAmodel_2/datasets/data_splits_sds_train/sparse_36_41.npy,1175
/root/autodl-tmp/UWAmodel_2/datasets/data_splits_original/train/36_50.tiff,/root/autodl-tmp/UWAmodel_2/datasets/data_splits_depth/train/36_50.tif,/root/autodl-tmp/UWAmodel_2/datasets/data_splits_sds_train/sparse_36_50.npy,1175
/root/autodl-tmp/UWAmodel_2/datasets/data_splits_original/train/37_20.tiff,/root/autodl-tmp/UWAmodel_2/datasets/data_splits_depth/train/37_20.tif,/root/autodl-tmp/UWAmodel_2/datasets/data_splits_sds_train/sparse_37_20.npy,1175
/root/autodl-tmp/UWAmodel_2/datasets/data_splits_original/train/37_28.tiff,/root/autodl-tmp/UWAmodel_2/datasets/data_splits_depth/train/37_28.tif,/root/autodl-tmp/UWAmodel_2/datasets/data_splits_sds_train/sparse_37_28.npy,1175
/root/autodl-tmp/UWAmodel_2/datasets/data_splits_original/train/37_58.tiff,/root/autodl-tmp/UWAmodel_2/datasets/data_splits_depth/train/37_58.tif,/root/autodl-tmp/UWAmodel_2/datasets/data_splits_sds_train/sparse_37_58.npy,1175
/root/autodl-tmp/UWAmodel_2/datasets/data_splits_original/train/37_101.tiff,/root/autodl-tmp/UWAmodel_2/datasets/data_splits_depth/train/37_101.tif,/root/autodl-tmp/UWAmodel_2/datasets/data_splits_sds_train/sparse_37_101.npy,1175
/root/autodl-tmp/UWAmodel_2/datasets/data_splits_original/train/37_102.tiff,/root/autodl-tmp/UWAmodel_2/datasets/data_splits_depth/train/37_102.tif,/root/autodl-tmp/UWAmodel_2/datasets/data_splits_sds_train/sparse_37_102.npy,1175
/root/autodl-tmp/UWAmodel_2/datasets/data_splits_original/train/38_8.tiff,/root/autodl-tmp/UWAmodel_2/datasets/data_splits_depth/train/38_8.tif,/root/autodl-tmp/UWAmodel_2/datasets/data_splits_sds_train/sparse_38_8.npy,1175
/root/autodl-tmp/UWAmodel_2/datasets/data_splits_original/train/38_46.tiff,/root/autodl-tmp/UWAmodel_2/datasets/data_splits_depth/train/38_46.tif,/root/autodl-tmp/UWAmodel_2/datasets/data_splits_sds_train/sparse_38_46.npy,1175
/root/autodl-tmp/UWAmodel_2/datasets/data_splits_original/train/38_48.tiff,/root/autodl-tmp/UWAmodel_2/datasets/data_splits_depth/train/38_48.tif,/root/autodl-tmp/UWAmodel_2/datasets/data_splits_sds_train/sparse_38_48.npy,1175
/root/autodl-tmp/UWAmodel_2/datasets/data_splits_original/train/38_101.tiff,/root/autodl-tmp/UWAmodel_2/datasets/data_splits_depth/train/38_101.tif,/root/autodl-tmp/UWAmodel_2/datasets/data_splits_sds_train/sparse_38_101.npy,1175
/root/autodl-tmp/UWAmodel_2/datasets/data_splits_original/train/38_118.tiff,/root/autodl-tmp/UWAmodel_2/datasets/data_splits_depth/train/38_118.tif,/root/autodl-tmp/UWAmodel_2/datasets/data_splits_sds_train/sparse_38_118.npy,1175
/root/autodl-tmp/UWAmodel_2/datasets/data_splits_original/train/39_6.tiff,/root/autodl-tmp/UWAmodel_2/datasets/data_splits_depth/train/39_6.tif,/root/autodl-tmp/UWAmodel_2/datasets/data_splits_sds_train/sparse_39_6.npy,1175
/root/autodl-tmp/UWAmodel_2/datasets/data_splits_original/train/39_12.tiff,/root/autodl-tmp/UWAmodel_2/datasets/data_splits_depth/train/39_12.tif,/root/autodl-tmp/UWAmodel_2/datasets/data_splits_sds_train/sparse_39_12.npy,1175
/root/autodl-tmp/UWAmodel_2/datasets/data_splits_original/train/39_20.tiff,/root/autodl-tmp/UWAmodel_2/datasets/data_splits_depth/train/39_20.tif,/root/autodl-tmp/UWAmodel_2/datasets/data_splits_sds_train/sparse_39_20.npy,1175
/root/autodl-tmp/UWAmodel_2/datasets/data_splits_original/train/39_85.tiff,/root/autodl-tmp/UWAmodel_2/datasets/data_splits_depth/train/39_85.tif,/root/autodl-tmp/UWAmodel_2/datasets/data_splits_sds_train/sparse_39_85.npy,1175
/root/autodl-tmp/UWAmodel_2/datasets/data_splits_original/train/39_112.tiff,/root/autodl-tmp/UWAmodel_2/datasets/data_splits_depth/train/39_112.tif,/root/autodl-tmp/UWAmodel_2/datasets/data_splits_sds_train/sparse_39_112.npy,1175
/root/autodl-tmp/UWAmodel_2/datasets/data_splits_original/train/40_5.tiff,/root/autodl-tmp/UWAmodel_2/datasets/data_splits_depth/train/40_5.tif,/root/autodl-tmp/UWAmodel_2/datasets/data_splits_sds_train/sparse_40_5.npy,1175
/root/autodl-tmp/UWAmodel_2/datasets/data_splits_original/train/40_20.tiff,/root/autodl-tmp/UWAmodel_2/datasets/data_splits_depth/train/40_20.tif,/root/autodl-tmp/UWAmodel_2/datasets/data_splits_sds_train/sparse_40_20.npy,1175
/root/autodl-tmp/UWAmodel_2/datasets/data_splits_original/train/40_46.tiff,/root/autodl-tmp/UWAmodel_2/datasets/data_splits_depth/train/40_46.tif,/root/autodl-tmp/UWAmodel_2/datasets/data_splits_sds_train/sparse_40_46.npy,1175
/root/autodl-tmp/UWAmodel_2/datasets/data_splits_original/train/40_86.tiff,/root/autodl-tmp/UWAmodel_2/datasets/data_splits_depth/train/40_86.tif,/root/autodl-tmp/UWAmodel_2/datasets/data_splits_sds_train/sparse_40_86.npy,1175
/root/autodl-tmp/UWAmodel_2/datasets/data_splits_original/train/40_95.tiff,/root/autodl-tmp/UWAmodel_2/datasets/data_splits_depth/train/40_95.tif,/root/autodl-tmp/UWAmodel_2/datasets/data_splits_sds_train/sparse_40_95.npy,1175
/root/autodl-tmp/UWAmodel_2/datasets/data_splits_original/train/43_4.tiff,/root/autodl-tmp/UWAmodel_2/datasets/data_splits_depth/train/43_4.tif,/root/autodl-tmp/UWAmodel_2/datasets/data_splits_sds_train/sparse_43_4.npy,1175
/root/autodl-tmp/UWAmodel_2/datasets/data_splits_original/train/43_32.tiff,/root/autodl-tmp/UWAmodel_2/datasets/data_splits_depth/train/43_32.tif,/root/autodl-tmp/UWAmodel_2/datasets/data_splits_sds_train/sparse_43_32.npy,1175
/root/autodl-tmp/UWAmodel_2/datasets/data_splits_original/train/43_48.tiff,/root/autodl-tmp/UWAmodel_2/datasets/data_splits_depth/train/43_48.tif,/root/autodl-tmp/UWAmodel_2/datasets/data_splits_sds_train/sparse_43_48.npy,1175
/root/autodl-tmp/UWAmodel_2/datasets/data_splits_original/train/43_56.tiff,/root/autodl-tmp/UWAmodel_2/datasets/data_splits_depth/train/43_56.tif,/root/autodl-tmp/UWAmodel_2/datasets/data_splits_sds_train/sparse_43_56.npy,1175
/root/autodl-tmp/UWAmodel_2/datasets/data_splits_original/train/43_93.tiff,/root/autodl-tmp/UWAmodel_2/datasets/data_splits_depth/train/43_93.tif,/root/autodl-tmp/UWAmodel_2/datasets/data_splits_sds_train/sparse_43_93.npy,1175
/root/autodl-tmp/UWAmodel_2/datasets/data_splits_original/train/44_24.tiff,/root/autodl-tmp/UWAmodel_2/datasets/data_splits_depth/train/44_24.tif,/root/autodl-tmp/UWAmodel_2/datasets/data_splits_sds_train/sparse_44_24.npy,1175
/root/autodl-tmp/UWAmodel_2/datasets/data_splits_original/train/44_35.tiff,/root/autodl-tmp/UWAmodel_2/datasets/data_splits_depth/train/44_35.tif,/root/autodl-tmp/UWAmodel_2/datasets/data_splits_sds_train/sparse_44_35.npy,1175
/root/autodl-tmp/UWAmodel_2/datasets/data_splits_original/train/44_78.tiff,/root/autodl-tmp/UWAmodel_2/datasets/data_splits_depth/train/44_78.tif,/root/autodl-tmp/UWAmodel_2/datasets/data_splits_sds_train/sparse_44_78.npy,1175
/root/autodl-tmp/UWAmodel_2/datasets/data_splits_original/train/44_86.tiff,/root/autodl-tmp/UWAmodel_2/datasets/data_splits_depth/train/44_86.tif,/root/autodl-tmp/UWAmodel_2/datasets/data_splits_sds_train/sparse_44_86.npy,1175
/root/autodl-tmp/UWAmodel_2/datasets/data_splits_original/train/44_106.tiff,/root/autodl-tmp/UWAmodel_2/datasets/data_splits_depth/train/44_106.tif,/root/autodl-tmp/UWAmodel_2/datasets/data_splits_sds_train/sparse_44_106.npy,1175
/root/autodl-tmp/UWAmodel_2/datasets/data_splits_original/train/46_25.tiff,/root/autodl-tmp/UWAmodel_2/datasets/data_splits_depth/train/46_25.tif,/root/autodl-tmp/UWAmodel_2/datasets/data_splits_sds_train/sparse_46_25.npy,1175
/root/autodl-tmp/UWAmodel_2/datasets/data_splits_original/train/46_28.tiff,/root/autodl-tmp/UWAmodel_2/datasets/data_splits_depth/train/46_28.tif,/root/autodl-tmp/UWAmodel_2/datasets/data_splits_sds_train/sparse_46_28.npy,1175
/root/autodl-tmp/UWAmodel_2/datasets/data_splits_original/train/46_33.tiff,/root/autodl-tmp/UWAmodel_2/datasets/data_splits_depth/train/46_33.tif,/root/autodl-tmp/UWAmodel_2/datasets/data_splits_sds_train/sparse_46_33.npy,1175
/root/autodl-tmp/UWAmodel_2/datasets/data_splits_original/train/46_46.tiff,/root/autodl-tmp/UWAmodel_2/datasets/data_splits_depth/train/46_46.tif,/root/autodl-tmp/UWAmodel_2/datasets/data_splits_sds_train/sparse_46_46.npy,1175
/root/autodl-tmp/UWAmodel_2/datasets/data_splits_original/train/46_52.tiff,/root/autodl-tmp/UWAmodel_2/datasets/data_splits_depth/train/46_52.tif,/root/autodl-tmp/UWAmodel_2/datasets/data_splits_sds_train/sparse_46_52.npy,1175
/root/autodl-tmp/UWAmodel_2/datasets/data_splits_original/train/47_8.tiff,/root/autodl-tmp/UWAmodel_2/datasets/data_splits_depth/train/47_8.tif,/root/autodl-tmp/UWAmodel_2/datasets/data_splits_sds_train/sparse_47_8.npy,1175
/root/autodl-tmp/UWAmodel_2/datasets/data_splits_original/train/47_10.tiff,/root/autodl-tmp/UWAmodel_2/datasets/data_splits_depth/train/47_10.tif,/root/autodl-tmp/UWAmodel_2/datasets/data_splits_sds_train/sparse_47_10.npy,1175
/root/autodl-tmp/UWAmodel_2/datasets/data_splits_original/train/47_13.tiff,/root/autodl-tmp/UWAmodel_2/datasets/data_splits_depth/train/47_13.tif,/root/autodl-tmp/UWAmodel_2/datasets/data_splits_sds_train/sparse_47_13.npy,1175
/root/autodl-tmp/UWAmodel_2/datasets/data_splits_original/train/47_20.tiff,/root/autodl-tmp/UWAmodel_2/datasets/data_splits_depth/train/47_20.tif,/root/autodl-tmp/UWAmodel_2/datasets/data_splits_sds_train/sparse_47_20.npy,1175
/root/autodl-tmp/UWAmodel_2/datasets/data_splits_original/train/47_22.tiff,/root/autodl-tmp/UWAmodel_2/datasets/data_splits_depth/train/47_22.tif,/root/autodl-tmp/UWAmodel_2/datasets/data_splits_sds_train/sparse_47_22.npy,1175
/root/autodl-tmp/UWAmodel_2/datasets/data_splits_original/train/49_24.tiff,/root/autodl-tmp/UWAmodel_2/datasets/data_splits_depth/train/49_24.tif,/root/autodl-tmp/UWAmodel_2/datasets/data_splits_sds_train/sparse_49_24.npy,1175
/root/autodl-tmp/UWAmodel_2/datasets/data_splits_original/train/49_28.tiff,/root/autodl-tmp/UWAmodel_2/datasets/data_splits_depth/train/49_28.tif,/root/autodl-tmp/UWAmodel_2/datasets/data_splits_sds_train/sparse_49_28.npy,1175
/root/autodl-tmp/UWAmodel_2/datasets/data_splits_original/train/49_53.tiff,/root/autodl-tmp/UWAmodel_2/datasets/data_splits_depth/train/49_53.tif,/root/autodl-tmp/UWAmodel_2/datasets/data_splits_sds_train/sparse_49_53.npy,1175
/root/autodl-tmp/UWAmodel_2/datasets/data_splits_original/train/49_62.tiff,/root/autodl-tmp/UWAmodel_2/datasets/data_splits_depth/train/49_62.tif,/root/autodl-tmp/UWAmodel_2/datasets/data_splits_sds_train/sparse_49_62.npy,1175
/root/autodl-tmp/UWAmodel_2/datasets/data_splits_original/train/49_106.tiff,/root/autodl-tmp/UWAmodel_2/datasets/data_splits_depth/train/49_106.tif,/root/autodl-tmp/UWAmodel_2/datasets/data_splits_sds_train/sparse_49_106.npy,1175
/root/autodl-tmp/UWAmodel_2/datasets/data_splits_original/train/50_31.tiff,/root/autodl-tmp/UWAmodel_2/datasets/data_splits_depth/train/50_31.tif,/root/autodl-tmp/UWAmodel_2/datasets/data_splits_sds_train/sparse_50_31.npy,1175
/root/autodl-tmp/UWAmodel_2/datasets/data_splits_original/train/50_32.tiff,/root/autodl-tmp/UWAmodel_2/datasets/data_splits_depth/train/50_32.tif,/root/autodl-tmp/UWAmodel_2/datasets/data_splits_sds_train/sparse_50_32.npy,1175
/root/autodl-tmp/UWAmodel_2/datasets/data_splits_original/train/50_38.tiff,/root/autodl-tmp/UWAmodel_2/datasets/data_splits_depth/train/50_38.tif,/root/autodl-tmp/UWAmodel_2/datasets/data_splits_sds_train/sparse_50_38.npy,1175
/root/autodl-tmp/UWAmodel_2/datasets/data_splits_original/train/50_77.tiff,/root/autodl-tmp/UWAmodel_2/datasets/data_splits_depth/train/50_77.tif,/root/autodl-tmp/UWAmodel_2/datasets/data_splits_sds_train/sparse_50_77.npy,1175
/root/autodl-tmp/UWAmodel_2/datasets/data_splits_original/train/50_81.tiff,/root/autodl-tmp/UWAmodel_2/datasets/data_splits_depth/train/50_81.tif,/root/autodl-tmp/UWAmodel_2/datasets/data_splits_sds_train/sparse_50_81.npy,1175
/root/autodl-tmp/UWAmodel_2/datasets/data_splits_original/train/51_19.tiff,/root/autodl-tmp/UWAmodel_2/datasets/data_splits_depth/train/51_19.tif,/root/autodl-tmp/UWAmodel_2/datasets/data_splits_sds_train/sparse_51_19.npy,1175
/root/autodl-tmp/UWAmodel_2/datasets/data_splits_original/train/51_24.tiff,/root/autodl-tmp/UWAmodel_2/datasets/data_splits_depth/train/51_24.tif,/root/autodl-tmp/UWAmodel_2/datasets/data_splits_sds_train/sparse_51_24.npy,1175
/root/autodl-tmp/UWAmodel_2/datasets/data_splits_original/train/51_41.tiff,/root/autodl-tmp/UWAmodel_2/datasets/data_splits_depth/train/51_41.tif,/root/autodl-tmp/UWAmodel_2/datasets/data_splits_sds_train/sparse_51_41.npy,1175
/root/autodl-tmp/UWAmodel_2/datasets/data_splits_original/train/51_44.tiff,/root/autodl-tmp/UWAmodel_2/datasets/data_splits_depth/train/51_44.tif,/root/autodl-tmp/UWAmodel_2/datasets/data_splits_sds_train/sparse_51_44.npy,1175
/root/autodl-tmp/UWAmodel_2/datasets/data_splits_original/train/51_45.tiff,/root/autodl-tmp/UWAmodel_2/datasets/data_splits_depth/train/51_45.tif,/root/autodl-tmp/UWAmodel_2/datasets/data_splits_sds_train/sparse_51_45.npy,1175
/root/autodl-tmp/UWAmodel_2/datasets/data_splits_original/train/52_4.tiff,/root/autodl-tmp/UWAmodel_2/datasets/data_splits_depth/train/52_4.tif,/root/autodl-tmp/UWAmodel_2/datasets/data_splits_sds_train/sparse_52_4.npy,1175
/root/autodl-tmp/UWAmodel_2/datasets/data_splits_original/train/52_9.tiff,/root/autodl-tmp/UWAmodel_2/datasets/data_splits_depth/train/52_9.tif,/root/autodl-tmp/UWAmodel_2/datasets/data_splits_sds_train/sparse_52_9.npy,1175
/root/autodl-tmp/UWAmodel_2/datasets/data_splits_original/train/52_41.tiff,/root/autodl-tmp/UWAmodel_2/datasets/data_splits_depth/train/52_41.tif,/root/autodl-tmp/UWAmodel_2/datasets/data_splits_sds_train/sparse_52_41.npy,1175
/root/autodl-tmp/UWAmodel_2/datasets/data_splits_original/train/52_46.tiff,/root/autodl-tmp/UWAmodel_2/datasets/data_splits_depth/train/52_46.tif,/root/autodl-tmp/UWAmodel_2/datasets/data_splits_sds_train/sparse_52_46.npy,1175
/root/autodl-tmp/UWAmodel_2/datasets/data_splits_original/train/52_52.tiff,/root/autodl-tmp/UWAmodel_2/datasets/data_splits_depth/train/52_52.tif,/root/autodl-tmp/UWAmodel_2/datasets/data_splits_sds_train/sparse_52_52.npy,1175
/root/autodl-tmp/UWAmodel_2/datasets/data_splits_original/train/53_4.tiff,/root/autodl-tmp/UWAmodel_2/datasets/data_splits_depth/train/53_4.tif,/root/autodl-tmp/UWAmodel_2/datasets/data_splits_sds_train/sparse_53_4.npy,1175
/root/autodl-tmp/UWAmodel_2/datasets/data_splits_original/train/53_6.tiff,/root/autodl-tmp/UWAmodel_2/datasets/data_splits_depth/train/53_6.tif,/root/autodl-tmp/UWAmodel_2/datasets/data_splits_sds_train/sparse_53_6.npy,1175
/root/autodl-tmp/UWAmodel_2/datasets/data_splits_original/train/53_17.tiff,/root/autodl-tmp/UWAmodel_2/datasets/data_splits_depth/train/53_17.tif,/root/autodl-tmp/UWAmodel_2/datasets/data_splits_sds_train/sparse_53_17.npy,1175
/root/autodl-tmp/UWAmodel_2/datasets/data_splits_original/train/53_23.tiff,/root/autodl-tmp/UWAmodel_2/datasets/data_splits_depth/train/53_23.tif,/root/autodl-tmp/UWAmodel_2/datasets/data_splits_sds_train/sparse_53_23.npy,1175
/root/autodl-tmp/UWAmodel_2/datasets/data_splits_original/train/53_46.tiff,/root/autodl-tmp/UWAmodel_2/datasets/data_splits_depth/train/53_46.tif,/root/autodl-tmp/UWAmodel_2/datasets/data_splits_sds_train/sparse_53_46.npy,1175
/root/autodl-tmp/UWAmodel_2/datasets/data_splits_original/train/54_23.tiff,/root/autodl-tmp/UWAmodel_2/datasets/data_splits_depth/train/54_23.tif,/root/autodl-tmp/UWAmodel_2/datasets/data_splits_sds_train/sparse_54_23.npy,1175
/root/autodl-tmp/UWAmodel_2/datasets/data_splits_original/train/54_58.tiff,/root/autodl-tmp/UWAmodel_2/datasets/data_splits_depth/train/54_58.tif,/root/autodl-tmp/UWAmodel_2/datasets/data_splits_sds_train/sparse_54_58.npy,1175
/root/autodl-tmp/UWAmodel_2/datasets/data_splits_original/train/54_65.tiff,/root/autodl-tmp/UWAmodel_2/datasets/data_splits_depth/train/54_65.tif,/root/autodl-tmp/UWAmodel_2/datasets/data_splits_sds_train/sparse_54_65.npy,1175
/root/autodl-tmp/UWAmodel_2/datasets/data_splits_original/train/54_74.tiff,/root/autodl-tmp/UWAmodel_2/datasets/data_splits_depth/train/54_74.tif,/root/autodl-tmp/UWAmodel_2/datasets/data_splits_sds_train/sparse_54_74.npy,1175
/root/autodl-tmp/UWAmodel_2/datasets/data_splits_original/train/54_81.tiff,/root/autodl-tmp/UWAmodel_2/datasets/data_splits_depth/train/54_81.tif,/root/autodl-tmp/UWAmodel_2/datasets/data_splits_sds_train/sparse_54_81.npy,1175
/root/autodl-tmp/UWAmodel_2/datasets/data_splits_original/train/55_18.tiff,/root/autodl-tmp/UWAmodel_2/datasets/data_splits_depth/train/55_18.tif,/root/autodl-tmp/UWAmodel_2/datasets/data_splits_sds_train/sparse_55_18.npy,1175
/root/autodl-tmp/UWAmodel_2/datasets/data_splits_original/train/55_57.tiff,/root/autodl-tmp/UWAmodel_2/datasets/data_splits_depth/train/55_57.tif,/root/autodl-tmp/UWAmodel_2/datasets/data_splits_sds_train/sparse_55_57.npy,1175
