/root/autodl-tmp/UWAmodel_2/datasets/data_splits_original/train/55_70.jpg,/root/autodl-tmp/UWAmodel_2/datasets/data_splits_depth/train/55_70.jpg,/root/autodl-tmp/UWAmodel_2/datasets/data_splits_sds_train/sparse_55_70.npy,1175
/root/autodl-tmp/UWAmodel_2/datasets/data_splits_original/train/55_99.jpg,/root/autodl-tmp/UWAmodel_2/datasets/data_splits_depth/train/55_99.jpg,/root/autodl-tmp/UWAmodel_2/datasets/data_splits_sds_train/sparse_55_99.npy,1175
/root/autodl-tmp/UWAmodel_2/datasets/data_splits_original/train/55_105.jpg,/root/autodl-tmp/UWAmodel_2/datasets/data_splits_depth/train/55_105.jpg,/root/autodl-tmp/UWAmodel_2/datasets/data_splits_sds_train/sparse_55_105.npy,1175
/root/autodl-tmp/UWAmodel_2/datasets/data_splits_original/train/56_10.jpg,/root/autodl-tmp/UWAmodel_2/datasets/data_splits_depth/train/56_10.jpg,/root/autodl-tmp/UWAmodel_2/datasets/data_splits_sds_train/sparse_56_10.npy,1175
/root/autodl-tmp/UWAmodel_2/datasets/data_splits_original/train/56_59.jpg,/root/autodl-tmp/UWAmodel_2/datasets/data_splits_depth/train/56_59.jpg,/root/autodl-tmp/UWAmodel_2/datasets/data_splits_sds_train/sparse_56_59.npy,1175
/root/autodl-tmp/UWAmodel_2/datasets/data_splits_original/train/56_80.jpg,/root/autodl-tmp/UWAmodel_2/datasets/data_splits_depth/train/56_80.jpg,/root/autodl-tmp/UWAmodel_2/datasets/data_splits_sds_train/sparse_56_80.npy,1175
/root/autodl-tmp/UWAmodel_2/datasets/data_splits_original/train/56_81.jpg,/root/autodl-tmp/UWAmodel_2/datasets/data_splits_depth/train/56_81.jpg,/root/autodl-tmp/UWAmodel_2/datasets/data_splits_sds_train/sparse_56_81.npy,1175
/root/autodl-tmp/UWAmodel_2/datasets/data_splits_original/train/56_85.jpg,/root/autodl-tmp/UWAmodel_2/datasets/data_splits_depth/train/56_85.jpg,/root/autodl-tmp/UWAmodel_2/datasets/data_splits_sds_train/sparse_56_85.npy,1175
/root/autodl-tmp/UWAmodel_2/datasets/data_splits_original/train/57_12.jpg,/root/autodl-tmp/UWAmodel_2/datasets/data_splits_depth/train/57_12.jpg,/root/autodl-tmp/UWAmodel_2/datasets/data_splits_sds_train/sparse_57_12.npy,1175
/root/autodl-tmp/UWAmodel_2/datasets/data_splits_original/train/57_28.jpg,/root/autodl-tmp/UWAmodel_2/datasets/data_splits_depth/train/57_28.jpg,/root/autodl-tmp/UWAmodel_2/datasets/data_splits_sds_train/sparse_57_28.npy,1175
/root/autodl-tmp/UWAmodel_2/datasets/data_splits_original/train/57_30.jpg,/root/autodl-tmp/UWAmodel_2/datasets/data_splits_depth/train/57_30.jpg,/root/autodl-tmp/UWAmodel_2/datasets/data_splits_sds_train/sparse_57_30.npy,1175
/root/autodl-tmp/UWAmodel_2/datasets/data_splits_original/train/57_39.jpg,/root/autodl-tmp/UWAmodel_2/datasets/data_splits_depth/train/57_39.jpg,/root/autodl-tmp/UWAmodel_2/datasets/data_splits_sds_train/sparse_57_39.npy,1175
/root/autodl-tmp/UWAmodel_2/datasets/data_splits_original/train/57_112.jpg,/root/autodl-tmp/UWAmodel_2/datasets/data_splits_depth/train/57_112.jpg,/root/autodl-tmp/UWAmodel_2/datasets/data_splits_sds_train/sparse_57_112.npy,1175
/root/autodl-tmp/UWAmodel_2/datasets/data_splits_original/train/58_6.jpg,/root/autodl-tmp/UWAmodel_2/datasets/data_splits_depth/train/58_6.jpg,/root/autodl-tmp/UWAmodel_2/datasets/data_splits_sds_train/sparse_58_6.npy,1175
/root/autodl-tmp/UWAmodel_2/datasets/data_splits_original/train/58_20.jpg,/root/autodl-tmp/UWAmodel_2/datasets/data_splits_depth/train/58_20.jpg,/root/autodl-tmp/UWAmodel_2/datasets/data_splits_sds_train/sparse_58_20.npy,1175
/root/autodl-tmp/UWAmodel_2/datasets/data_splits_original/train/58_27.jpg,/root/autodl-tmp/UWAmodel_2/datasets/data_splits_depth/train/58_27.jpg,/root/autodl-tmp/UWAmodel_2/datasets/data_splits_sds_train/sparse_58_27.npy,1175
/root/autodl-tmp/UWAmodel_2/datasets/data_splits_original/train/58_28.jpg,/root/autodl-tmp/UWAmodel_2/datasets/data_splits_depth/train/58_28.jpg,/root/autodl-tmp/UWAmodel_2/datasets/data_splits_sds_train/sparse_58_28.npy,1175
/root/autodl-tmp/UWAmodel_2/datasets/data_splits_original/train/58_59.jpg,/root/autodl-tmp/UWAmodel_2/datasets/data_splits_depth/train/58_59.jpg,/root/autodl-tmp/UWAmodel_2/datasets/data_splits_sds_train/sparse_58_59.npy,1175
/root/autodl-tmp/UWAmodel_2/datasets/data_splits_original/train/59_21.jpg,/root/autodl-tmp/UWAmodel_2/datasets/data_splits_depth/train/59_21.jpg,/root/autodl-tmp/UWAmodel_2/datasets/data_splits_sds_train/sparse_59_21.npy,1175
/root/autodl-tmp/UWAmodel_2/datasets/data_splits_original/train/59_53.jpg,/root/autodl-tmp/UWAmodel_2/datasets/data_splits_depth/train/59_53.jpg,/root/autodl-tmp/UWAmodel_2/datasets/data_splits_sds_train/sparse_59_53.npy,1175
/root/autodl-tmp/UWAmodel_2/datasets/data_splits_original/train/59_66.jpg,/root/autodl-tmp/UWAmodel_2/datasets/data_splits_depth/train/59_66.jpg,/root/autodl-tmp/UWAmodel_2/datasets/data_splits_sds_train/sparse_59_66.npy,1175
/root/autodl-tmp/UWAmodel_2/datasets/data_splits_original/train/59_82.jpg,/root/autodl-tmp/UWAmodel_2/datasets/data_splits_depth/train/59_82.jpg,/root/autodl-tmp/UWAmodel_2/datasets/data_splits_sds_train/sparse_59_82.npy,1175
/root/autodl-tmp/UWAmodel_2/datasets/data_splits_original/train/59_98.jpg,/root/autodl-tmp/UWAmodel_2/datasets/data_splits_depth/train/59_98.jpg,/root/autodl-tmp/UWAmodel_2/datasets/data_splits_sds_train/sparse_59_98.npy,1175
/root/autodl-tmp/UWAmodel_2/datasets/data_splits_original/train/60_4.jpg,/root/autodl-tmp/UWAmodel_2/datasets/data_splits_depth/train/60_4.jpg,/root/autodl-tmp/UWAmodel_2/datasets/data_splits_sds_train/sparse_60_4.npy,1175
/root/autodl-tmp/UWAmodel_2/datasets/data_splits_original/train/60_11.jpg,/root/autodl-tmp/UWAmodel_2/datasets/data_splits_depth/train/60_11.jpg,/root/autodl-tmp/UWAmodel_2/datasets/data_splits_sds_train/sparse_60_11.npy,1175
/root/autodl-tmp/UWAmodel_2/datasets/data_splits_original/train/60_46.jpg,/root/autodl-tmp/UWAmodel_2/datasets/data_splits_depth/train/60_46.jpg,/root/autodl-tmp/UWAmodel_2/datasets/data_splits_sds_train/sparse_60_46.npy,1175
/root/autodl-tmp/UWAmodel_2/datasets/data_splits_original/train/60_56.jpg,/root/autodl-tmp/UWAmodel_2/datasets/data_splits_depth/train/60_56.jpg,/root/autodl-tmp/UWAmodel_2/datasets/data_splits_sds_train/sparse_60_56.npy,1175
/root/autodl-tmp/UWAmodel_2/datasets/data_splits_original/train/60_85.jpg,/root/autodl-tmp/UWAmodel_2/datasets/data_splits_depth/train/60_85.jpg,/root/autodl-tmp/UWAmodel_2/datasets/data_splits_sds_train/sparse_60_85.npy,1175
/root/autodl-tmp/UWAmodel_2/datasets/data_splits_original/train/61_14.jpg,/root/autodl-tmp/UWAmodel_2/datasets/data_splits_depth/train/61_14.jpg,/root/autodl-tmp/UWAmodel_2/datasets/data_splits_sds_train/sparse_61_14.npy,1175
/root/autodl-tmp/UWAmodel_2/datasets/data_splits_original/train/61_44.jpg,/root/autodl-tmp/UWAmodel_2/datasets/data_splits_depth/train/61_44.jpg,/root/autodl-tmp/UWAmodel_2/datasets/data_splits_sds_train/sparse_61_44.npy,1175
/root/autodl-tmp/UWAmodel_2/datasets/data_splits_original/train/61_50.jpg,/root/autodl-tmp/UWAmodel_2/datasets/data_splits_depth/train/61_50.jpg,/root/autodl-tmp/UWAmodel_2/datasets/data_splits_sds_train/sparse_61_50.npy,1175
/root/autodl-tmp/UWAmodel_2/datasets/data_splits_original/train/61_97.jpg,/root/autodl-tmp/UWAmodel_2/datasets/data_splits_depth/train/61_97.jpg,/root/autodl-tmp/UWAmodel_2/datasets/data_splits_sds_train/sparse_61_97.npy,1175
/root/autodl-tmp/UWAmodel_2/datasets/data_splits_original/train/61_117.jpg,/root/autodl-tmp/UWAmodel_2/datasets/data_splits_depth/train/61_117.jpg,/root/autodl-tmp/UWAmodel_2/datasets/data_splits_sds_train/sparse_61_117.npy,1175
/root/autodl-tmp/UWAmodel_2/datasets/data_splits_original/train/62_22.jpg,/root/autodl-tmp/UWAmodel_2/datasets/data_splits_depth/train/62_22.jpg,/root/autodl-tmp/UWAmodel_2/datasets/data_splits_sds_train/sparse_62_22.npy,1175
/root/autodl-tmp/UWAmodel_2/datasets/data_splits_original/train/62_24.jpg,/root/autodl-tmp/UWAmodel_2/datasets/data_splits_depth/train/62_24.jpg,/root/autodl-tmp/UWAmodel_2/datasets/data_splits_sds_train/sparse_62_24.npy,1175
/root/autodl-tmp/UWAmodel_2/datasets/data_splits_original/train/62_26.jpg,/root/autodl-tmp/UWAmodel_2/datasets/data_splits_depth/train/62_26.jpg,/root/autodl-tmp/UWAmodel_2/datasets/data_splits_sds_train/sparse_62_26.npy,1175
/root/autodl-tmp/UWAmodel_2/datasets/data_splits_original/train/62_71.jpg,/root/autodl-tmp/UWAmodel_2/datasets/data_splits_depth/train/62_71.jpg,/root/autodl-tmp/UWAmodel_2/datasets/data_splits_sds_train/sparse_62_71.npy,1175
/root/autodl-tmp/UWAmodel_2/datasets/data_splits_original/train/62_72.jpg,/root/autodl-tmp/UWAmodel_2/datasets/data_splits_depth/train/62_72.jpg,/root/autodl-tmp/UWAmodel_2/datasets/data_splits_sds_train/sparse_62_72.npy,1175
/root/autodl-tmp/UWAmodel_2/datasets/data_splits_original/train/63_7.jpg,/root/autodl-tmp/UWAmodel_2/datasets/data_splits_depth/train/63_7.jpg,/root/autodl-tmp/UWAmodel_2/datasets/data_splits_sds_train/sparse_63_7.npy,1175
/root/autodl-tmp/UWAmodel_2/datasets/data_splits_original/train/63_25.jpg,/root/autodl-tmp/UWAmodel_2/datasets/data_splits_depth/train/63_25.jpg,/root/autodl-tmp/UWAmodel_2/datasets/data_splits_sds_train/sparse_63_25.npy,1175
/root/autodl-tmp/UWAmodel_2/datasets/data_splits_original/train/63_37.jpg,/root/autodl-tmp/UWAmodel_2/datasets/data_splits_depth/train/63_37.jpg,/root/autodl-tmp/UWAmodel_2/datasets/data_splits_sds_train/sparse_63_37.npy,1175
/root/autodl-tmp/UWAmodel_2/datasets/data_splits_original/train/63_50.jpg,/root/autodl-tmp/UWAmodel_2/datasets/data_splits_depth/train/63_50.jpg,/root/autodl-tmp/UWAmodel_2/datasets/data_splits_sds_train/sparse_63_50.npy,1175
/root/autodl-tmp/UWAmodel_2/datasets/data_splits_original/train/63_79.jpg,/root/autodl-tmp/UWAmodel_2/datasets/data_splits_depth/train/63_79.jpg,/root/autodl-tmp/UWAmodel_2/datasets/data_splits_sds_train/sparse_63_79.npy,1175
/root/autodl-tmp/UWAmodel_2/datasets/data_splits_original/train/64_15.jpg,/root/autodl-tmp/UWAmodel_2/datasets/data_splits_depth/train/64_15.jpg,/root/autodl-tmp/UWAmodel_2/datasets/data_splits_sds_train/sparse_64_15.npy,1175
/root/autodl-tmp/UWAmodel_2/datasets/data_splits_original/train/64_42.jpg,/root/autodl-tmp/UWAmodel_2/datasets/data_splits_depth/train/64_42.jpg,/root/autodl-tmp/UWAmodel_2/datasets/data_splits_sds_train/sparse_64_42.npy,1175
/root/autodl-tmp/UWAmodel_2/datasets/data_splits_original/train/64_67.jpg,/root/autodl-tmp/UWAmodel_2/datasets/data_splits_depth/train/64_67.jpg,/root/autodl-tmp/UWAmodel_2/datasets/data_splits_sds_train/sparse_64_67.npy,1175
/root/autodl-tmp/UWAmodel_2/datasets/data_splits_original/train/64_74.jpg,/root/autodl-tmp/UWAmodel_2/datasets/data_splits_depth/train/64_74.jpg,/root/autodl-tmp/UWAmodel_2/datasets/data_splits_sds_train/sparse_64_74.npy,1175
/root/autodl-tmp/UWAmodel_2/datasets/data_splits_original/train/64_104.jpg,/root/autodl-tmp/UWAmodel_2/datasets/data_splits_depth/train/64_104.jpg,/root/autodl-tmp/UWAmodel_2/datasets/data_splits_sds_train/sparse_64_104.npy,1175
/root/autodl-tmp/UWAmodel_2/datasets/data_splits_original/train/65_28.jpg,/root/autodl-tmp/UWAmodel_2/datasets/data_splits_depth/train/65_28.jpg,/root/autodl-tmp/UWAmodel_2/datasets/data_splits_sds_train/sparse_65_28.npy,1175
/root/autodl-tmp/UWAmodel_2/datasets/data_splits_original/train/65_79.jpg,/root/autodl-tmp/UWAmodel_2/datasets/data_splits_depth/train/65_79.jpg,/root/autodl-tmp/UWAmodel_2/datasets/data_splits_sds_train/sparse_65_79.npy,1175
/root/autodl-tmp/UWAmodel_2/datasets/data_splits_original/train/65_95.jpg,/root/autodl-tmp/UWAmodel_2/datasets/data_splits_depth/train/65_95.jpg,/root/autodl-tmp/UWAmodel_2/datasets/data_splits_sds_train/sparse_65_95.npy,1175
/root/autodl-tmp/UWAmodel_2/datasets/data_splits_original/train/65_107.jpg,/root/autodl-tmp/UWAmodel_2/datasets/data_splits_depth/train/65_107.jpg,/root/autodl-tmp/UWAmodel_2/datasets/data_splits_sds_train/sparse_65_107.npy,1175
/root/autodl-tmp/UWAmodel_2/datasets/data_splits_original/train/65_117.jpg,/root/autodl-tmp/UWAmodel_2/datasets/data_splits_depth/train/65_117.jpg,/root/autodl-tmp/UWAmodel_2/datasets/data_splits_sds_train/sparse_65_117.npy,1175
/root/autodl-tmp/UWAmodel_2/datasets/data_splits_original/train/68_13.jpg,/root/autodl-tmp/UWAmodel_2/datasets/data_splits_depth/train/68_13.jpg,/root/autodl-tmp/UWAmodel_2/datasets/data_splits_sds_train/sparse_68_13.npy,1175
/root/autodl-tmp/UWAmodel_2/datasets/data_splits_original/train/68_15.jpg,/root/autodl-tmp/UWAmodel_2/datasets/data_splits_depth/train/68_15.jpg,/root/autodl-tmp/UWAmodel_2/datasets/data_splits_sds_train/sparse_68_15.npy,1175
/root/autodl-tmp/UWAmodel_2/datasets/data_splits_original/train/68_57.jpg,/root/autodl-tmp/UWAmodel_2/datasets/data_splits_depth/train/68_57.jpg,/root/autodl-tmp/UWAmodel_2/datasets/data_splits_sds_train/sparse_68_57.npy,1175
/root/autodl-tmp/UWAmodel_2/datasets/data_splits_original/train/68_113.jpg,/root/autodl-tmp/UWAmodel_2/datasets/data_splits_depth/train/68_113.jpg,/root/autodl-tmp/UWAmodel_2/datasets/data_splits_sds_train/sparse_68_113.npy,1175
/root/autodl-tmp/UWAmodel_2/datasets/data_splits_original/train/68_116.jpg,/root/autodl-tmp/UWAmodel_2/datasets/data_splits_depth/train/68_116.jpg,/root/autodl-tmp/UWAmodel_2/datasets/data_splits_sds_train/sparse_68_116.npy,1175
/root/autodl-tmp/UWAmodel_2/datasets/data_splits_original/train/70_16.jpg,/root/autodl-tmp/UWAmodel_2/datasets/data_splits_depth/train/70_16.jpg,/root/autodl-tmp/UWAmodel_2/datasets/data_splits_sds_train/sparse_70_16.npy,1175
/root/autodl-tmp/UWAmodel_2/datasets/data_splits_original/train/70_34.jpg,/root/autodl-tmp/UWAmodel_2/datasets/data_splits_depth/train/70_34.jpg,/root/autodl-tmp/UWAmodel_2/datasets/data_splits_sds_train/sparse_70_34.npy,1175
/root/autodl-tmp/UWAmodel_2/datasets/data_splits_original/train/70_81.jpg,/root/autodl-tmp/UWAmodel_2/datasets/data_splits_depth/train/70_81.jpg,/root/autodl-tmp/UWAmodel_2/datasets/data_splits_sds_train/sparse_70_81.npy,1175
/root/autodl-tmp/UWAmodel_2/datasets/data_splits_original/train/70_91.jpg,/root/autodl-tmp/UWAmodel_2/datasets/data_splits_depth/train/70_91.jpg,/root/autodl-tmp/UWAmodel_2/datasets/data_splits_sds_train/sparse_70_91.npy,1175
/root/autodl-tmp/UWAmodel_2/datasets/data_splits_original/train/70_103.jpg,/root/autodl-tmp/UWAmodel_2/datasets/data_splits_depth/train/70_103.jpg,/root/autodl-tmp/UWAmodel_2/datasets/data_splits_sds_train/sparse_70_103.npy,1175
/root/autodl-tmp/UWAmodel_2/datasets/data_splits_original/train/71_28.jpg,/root/autodl-tmp/UWAmodel_2/datasets/data_splits_depth/train/71_28.jpg,/root/autodl-tmp/UWAmodel_2/datasets/data_splits_sds_train/sparse_71_28.npy,1175
/root/autodl-tmp/UWAmodel_2/datasets/data_splits_original/train/71_51.jpg,/root/autodl-tmp/UWAmodel_2/datasets/data_splits_depth/train/71_51.jpg,/root/autodl-tmp/UWAmodel_2/datasets/data_splits_sds_train/sparse_71_51.npy,1175
/root/autodl-tmp/UWAmodel_2/datasets/data_splits_original/train/71_69.jpg,/root/autodl-tmp/UWAmodel_2/datasets/data_splits_depth/train/71_69.jpg,/root/autodl-tmp/UWAmodel_2/datasets/data_splits_sds_train/sparse_71_69.npy,1175
/root/autodl-tmp/UWAmodel_2/datasets/data_splits_original/train/71_106.jpg,/root/autodl-tmp/UWAmodel_2/datasets/data_splits_depth/train/71_106.jpg,/root/autodl-tmp/UWAmodel_2/datasets/data_splits_sds_train/sparse_71_106.npy,1175
/root/autodl-tmp/UWAmodel_2/datasets/data_splits_original/train/71_119.jpg,/root/autodl-tmp/UWAmodel_2/datasets/data_splits_depth/train/71_119.jpg,/root/autodl-tmp/UWAmodel_2/datasets/data_splits_sds_train/sparse_71_119.npy,1175
/root/autodl-tmp/UWAmodel_2/datasets/data_splits_original/train/72_26.jpg,/root/autodl-tmp/UWAmodel_2/datasets/data_splits_depth/train/72_26.jpg,/root/autodl-tmp/UWAmodel_2/datasets/data_splits_sds_train/sparse_72_26.npy,1175
/root/autodl-tmp/UWAmodel_2/datasets/data_splits_original/train/72_93.jpg,/root/autodl-tmp/UWAmodel_2/datasets/data_splits_depth/train/72_93.jpg,/root/autodl-tmp/UWAmodel_2/datasets/data_splits_sds_train/sparse_72_93.npy,1175
/root/autodl-tmp/UWAmodel_2/datasets/data_splits_original/train/72_104.jpg,/root/autodl-tmp/UWAmodel_2/datasets/data_splits_depth/train/72_104.jpg,/root/autodl-tmp/UWAmodel_2/datasets/data_splits_sds_train/sparse_72_104.npy,1175
/root/autodl-tmp/UWAmodel_2/datasets/data_splits_original/train/72_116.jpg,/root/autodl-tmp/UWAmodel_2/datasets/data_splits_depth/train/72_116.jpg,/root/autodl-tmp/UWAmodel_2/datasets/data_splits_sds_train/sparse_72_116.npy,1175
/root/autodl-tmp/UWAmodel_2/datasets/data_splits_original/train/72_118.jpg,/root/autodl-tmp/UWAmodel_2/datasets/data_splits_depth/train/72_118.jpg,/root/autodl-tmp/UWAmodel_2/datasets/data_splits_sds_train/sparse_72_118.npy,1175
/root/autodl-tmp/UWAmodel_2/datasets/data_splits_original/train/73_6.jpg,/root/autodl-tmp/UWAmodel_2/datasets/data_splits_depth/train/73_6.jpg,/root/autodl-tmp/UWAmodel_2/datasets/data_splits_sds_train/sparse_73_6.npy,1175
/root/autodl-tmp/UWAmodel_2/datasets/data_splits_original/train/73_14.jpg,/root/autodl-tmp/UWAmodel_2/datasets/data_splits_depth/train/73_14.jpg,/root/autodl-tmp/UWAmodel_2/datasets/data_splits_sds_train/sparse_73_14.npy,1175
/root/autodl-tmp/UWAmodel_2/datasets/data_splits_original/train/73_16.jpg,/root/autodl-tmp/UWAmodel_2/datasets/data_splits_depth/train/73_16.jpg,/root/autodl-tmp/UWAmodel_2/datasets/data_splits_sds_train/sparse_73_16.npy,1175
/root/autodl-tmp/UWAmodel_2/datasets/data_splits_original/train/73_17.jpg,/root/autodl-tmp/UWAmodel_2/datasets/data_splits_depth/train/73_17.jpg,/root/autodl-tmp/UWAmodel_2/datasets/data_splits_sds_train/sparse_73_17.npy,1175
/root/autodl-tmp/UWAmodel_2/datasets/data_splits_original/train/73_21.jpg,/root/autodl-tmp/UWAmodel_2/datasets/data_splits_depth/train/73_21.jpg,/root/autodl-tmp/UWAmodel_2/datasets/data_splits_sds_train/sparse_73_21.npy,1175
/root/autodl-tmp/UWAmodel_2/datasets/data_splits_original/train/74_4.jpg,/root/autodl-tmp/UWAmodel_2/datasets/data_splits_depth/train/74_4.jpg,/root/autodl-tmp/UWAmodel_2/datasets/data_splits_sds_train/sparse_74_4.npy,1175
/root/autodl-tmp/UWAmodel_2/datasets/data_splits_original/train/74_10.jpg,/root/autodl-tmp/UWAmodel_2/datasets/data_splits_depth/train/74_10.jpg,/root/autodl-tmp/UWAmodel_2/datasets/data_splits_sds_train/sparse_74_10.npy,1175
/root/autodl-tmp/UWAmodel_2/datasets/data_splits_original/train/74_19.jpg,/root/autodl-tmp/UWAmodel_2/datasets/data_splits_depth/train/74_19.jpg,/root/autodl-tmp/UWAmodel_2/datasets/data_splits_sds_train/sparse_74_19.npy,1175
/root/autodl-tmp/UWAmodel_2/datasets/data_splits_original/train/74_23.jpg,/root/autodl-tmp/UWAmodel_2/datasets/data_splits_depth/train/74_23.jpg,/root/autodl-tmp/UWAmodel_2/datasets/data_splits_sds_train/sparse_74_23.npy,1175
/root/autodl-tmp/UWAmodel_2/datasets/data_splits_original/train/74_54.jpg,/root/autodl-tmp/UWAmodel_2/datasets/data_splits_depth/train/74_54.jpg,/root/autodl-tmp/UWAmodel_2/datasets/data_splits_sds_train/sparse_74_54.npy,1175
/root/autodl-tmp/UWAmodel_2/datasets/data_splits_original/train/75_32.jpg,/root/autodl-tmp/UWAmodel_2/datasets/data_splits_depth/train/75_32.jpg,/root/autodl-tmp/UWAmodel_2/datasets/data_splits_sds_train/sparse_75_32.npy,1175
/root/autodl-tmp/UWAmodel_2/datasets/data_splits_original/train/75_75.jpg,/root/autodl-tmp/UWAmodel_2/datasets/data_splits_depth/train/75_75.jpg,/root/autodl-tmp/UWAmodel_2/datasets/data_splits_sds_train/sparse_75_75.npy,1175
/root/autodl-tmp/UWAmodel_2/datasets/data_splits_original/train/75_95.jpg,/root/autodl-tmp/UWAmodel_2/datasets/data_splits_depth/train/75_95.jpg,/root/autodl-tmp/UWAmodel_2/datasets/data_splits_sds_train/sparse_75_95.npy,1175
/root/autodl-tmp/UWAmodel_2/datasets/data_splits_original/train/75_107.jpg,/root/autodl-tmp/UWAmodel_2/datasets/data_splits_depth/train/75_107.jpg,/root/autodl-tmp/UWAmodel_2/datasets/data_splits_sds_train/sparse_75_107.npy,1175
/root/autodl-tmp/UWAmodel_2/datasets/data_splits_original/train/75_120.jpg,/root/autodl-tmp/UWAmodel_2/datasets/data_splits_depth/train/75_120.jpg,/root/autodl-tmp/UWAmodel_2/datasets/data_splits_sds_train/sparse_75_120.npy,1175
/root/autodl-tmp/UWAmodel_2/datasets/data_splits_original/train/77_7.jpg,/root/autodl-tmp/UWAmodel_2/datasets/data_splits_depth/train/77_7.jpg,/root/autodl-tmp/UWAmodel_2/datasets/data_splits_sds_train/sparse_77_7.npy,1175
/root/autodl-tmp/UWAmodel_2/datasets/data_splits_original/train/77_45.jpg,/root/autodl-tmp/UWAmodel_2/datasets/data_splits_depth/train/77_45.jpg,/root/autodl-tmp/UWAmodel_2/datasets/data_splits_sds_train/sparse_77_45.npy,1175
/root/autodl-tmp/UWAmodel_2/datasets/data_splits_original/train/77_49.jpg,/root/autodl-tmp/UWAmodel_2/datasets/data_splits_depth/train/77_49.jpg,/root/autodl-tmp/UWAmodel_2/datasets/data_splits_sds_train/sparse_77_49.npy,1175
/root/autodl-tmp/UWAmodel_2/datasets/data_splits_original/train/77_58.jpg,/root/autodl-tmp/UWAmodel_2/datasets/data_splits_depth/train/77_58.jpg,/root/autodl-tmp/UWAmodel_2/datasets/data_splits_sds_train/sparse_77_58.npy,1175
/root/autodl-tmp/UWAmodel_2/datasets/data_splits_original/train/77_68.jpg,/root/autodl-tmp/UWAmodel_2/datasets/data_splits_depth/train/77_68.jpg,/root/autodl-tmp/UWAmodel_2/datasets/data_splits_sds_train/sparse_77_68.npy,1175
/root/autodl-tmp/UWAmodel_2/datasets/data_splits_original/train/78_63.jpg,/root/autodl-tmp/UWAmodel_2/datasets/data_splits_depth/train/78_63.jpg,/root/autodl-tmp/UWAmodel_2/datasets/data_splits_sds_train/sparse_78_63.npy,1175
/root/autodl-tmp/UWAmodel_2/datasets/data_splits_original/train/78_71.jpg,/root/autodl-tmp/UWAmodel_2/datasets/data_splits_depth/train/78_71.jpg,/root/autodl-tmp/UWAmodel_2/datasets/data_splits_sds_train/sparse_78_71.npy,1175
/root/autodl-tmp/UWAmodel_2/datasets/data_splits_original/train/78_75.jpg,/root/autodl-tmp/UWAmodel_2/datasets/data_splits_depth/train/78_75.jpg,/root/autodl-tmp/UWAmodel_2/datasets/data_splits_sds_train/sparse_78_75.npy,1175
/root/autodl-tmp/UWAmodel_2/datasets/data_splits_original/train/78_100.jpg,/root/autodl-tmp/UWAmodel_2/datasets/data_splits_depth/train/78_100.jpg,/root/autodl-tmp/UWAmodel_2/datasets/data_splits_sds_train/sparse_78_100.npy,1175
/root/autodl-tmp/UWAmodel_2/datasets/data_splits_original/train/78_113.jpg,/root/autodl-tmp/UWAmodel_2/datasets/data_splits_depth/train/78_113.jpg,/root/autodl-tmp/UWAmodel_2/datasets/data_splits_sds_train/sparse_78_113.npy,1175
/root/autodl-tmp/UWAmodel_2/datasets/data_splits_original/train/81_29.jpg,/root/autodl-tmp/UWAmodel_2/datasets/data_splits_depth/train/81_29.jpg,/root/autodl-tmp/UWAmodel_2/datasets/data_splits_sds_train/sparse_81_29.npy,1175
/root/autodl-tmp/UWAmodel_2/datasets/data_splits_original/train/81_59.jpg,/root/autodl-tmp/UWAmodel_2/datasets/data_splits_depth/train/81_59.jpg,/root/autodl-tmp/UWAmodel_2/datasets/data_splits_sds_train/sparse_81_59.npy,1175
/root/autodl-tmp/UWAmodel_2/datasets/data_splits_original/train/81_74.jpg,/root/autodl-tmp/UWAmodel_2/datasets/data_splits_depth/train/81_74.jpg,/root/autodl-tmp/UWAmodel_2/datasets/data_splits_sds_train/sparse_81_74.npy,1175
/root/autodl-tmp/UWAmodel_2/datasets/data_splits_original/train/81_92.jpg,/root/autodl-tmp/UWAmodel_2/datasets/data_splits_depth/train/81_92.jpg,/root/autodl-tmp/UWAmodel_2/datasets/data_splits_sds_train/sparse_81_92.npy,1175
/root/autodl-tmp/UWAmodel_2/datasets/data_splits_original/train/81_119.jpg,/root/autodl-tmp/UWAmodel_2/datasets/data_splits_depth/train/81_119.jpg,/root/autodl-tmp/UWAmodel_2/datasets/data_splits_sds_train/sparse_81_119.npy,1175
/root/autodl-tmp/UWAmodel_2/datasets/data_splits_original/train/82_23.jpg,/root/autodl-tmp/UWAmodel_2/datasets/data_splits_depth/train/82_23.jpg,/root/autodl-tmp/UWAmodel_2/datasets/data_splits_sds_train/sparse_82_23.npy,1175
/root/autodl-tmp/UWAmodel_2/datasets/data_splits_original/train/82_44.jpg,/root/autodl-tmp/UWAmodel_2/datasets/data_splits_depth/train/82_44.jpg,/root/autodl-tmp/UWAmodel_2/datasets/data_splits_sds_train/sparse_82_44.npy,1175
/root/autodl-tmp/UWAmodel_2/datasets/data_splits_original/train/82_62.jpg,/root/autodl-tmp/UWAmodel_2/datasets/data_splits_depth/train/82_62.jpg,/root/autodl-tmp/UWAmodel_2/datasets/data_splits_sds_train/sparse_82_62.npy,1175
/root/autodl-tmp/UWAmodel_2/datasets/data_splits_original/train/82_65.jpg,/root/autodl-tmp/UWAmodel_2/datasets/data_splits_depth/train/82_65.jpg,/root/autodl-tmp/UWAmodel_2/datasets/data_splits_sds_train/sparse_82_65.npy,1175
/root/autodl-tmp/UWAmodel_2/datasets/data_splits_original/train/82_102.jpg,/root/autodl-tmp/UWAmodel_2/datasets/data_splits_depth/train/82_102.jpg,/root/autodl-tmp/UWAmodel_2/datasets/data_splits_sds_train/sparse_82_102.npy,1175
/root/autodl-tmp/UWAmodel_2/datasets/data_splits_original/train/84_36.jpg,/root/autodl-tmp/UWAmodel_2/datasets/data_splits_depth/train/84_36.jpg,/root/autodl-tmp/UWAmodel_2/datasets/data_splits_sds_train/sparse_84_36.npy,1175
/root/autodl-tmp/UWAmodel_2/datasets/data_splits_original/train/84_58.jpg,/root/autodl-tmp/UWAmodel_2/datasets/data_splits_depth/train/84_58.jpg,/root/autodl-tmp/UWAmodel_2/datasets/data_splits_sds_train/sparse_84_58.npy,1175
/root/autodl-tmp/UWAmodel_2/datasets/data_splits_original/train/84_67.jpg,/root/autodl-tmp/UWAmodel_2/datasets/data_splits_depth/train/84_67.jpg,/root/autodl-tmp/UWAmodel_2/datasets/data_splits_sds_train/sparse_84_67.npy,1175
/root/autodl-tmp/UWAmodel_2/datasets/data_splits_original/train/84_79.jpg,/root/autodl-tmp/UWAmodel_2/datasets/data_splits_depth/train/84_79.jpg,/root/autodl-tmp/UWAmodel_2/datasets/data_splits_sds_train/sparse_84_79.npy,1175
/root/autodl-tmp/UWAmodel_2/datasets/data_splits_original/train/84_84.jpg,/root/autodl-tmp/UWAmodel_2/datasets/data_splits_depth/train/84_84.jpg,/root/autodl-tmp/UWAmodel_2/datasets/data_splits_sds_train/sparse_84_84.npy,1175
/root/autodl-tmp/UWAmodel_2/datasets/data_splits_original/train/86_30.jpg,/root/autodl-tmp/UWAmodel_2/datasets/data_splits_depth/train/86_30.jpg,/root/autodl-tmp/UWAmodel_2/datasets/data_splits_sds_train/sparse_86_30.npy,1175
/root/autodl-tmp/UWAmodel_2/datasets/data_splits_original/train/86_37.jpg,/root/autodl-tmp/UWAmodel_2/datasets/data_splits_depth/train/86_37.jpg,/root/autodl-tmp/UWAmodel_2/datasets/data_splits_sds_train/sparse_86_37.npy,1175
/root/autodl-tmp/UWAmodel_2/datasets/data_splits_original/train/86_73.jpg,/root/autodl-tmp/UWAmodel_2/datasets/data_splits_depth/train/86_73.jpg,/root/autodl-tmp/UWAmodel_2/datasets/data_splits_sds_train/sparse_86_73.npy,1175
/root/autodl-tmp/UWAmodel_2/datasets/data_splits_original/train/86_76.jpg,/root/autodl-tmp/UWAmodel_2/datasets/data_splits_depth/train/86_76.jpg,/root/autodl-tmp/UWAmodel_2/datasets/data_splits_sds_train/sparse_86_76.npy,1175
/root/autodl-tmp/UWAmodel_2/datasets/data_splits_original/train/86_114.jpg,/root/autodl-tmp/UWAmodel_2/datasets/data_splits_depth/train/86_114.jpg,/root/autodl-tmp/UWAmodel_2/datasets/data_splits_sds_train/sparse_86_114.npy,1175
/root/autodl-tmp/UWAmodel_2/datasets/data_splits_original/train/87_16.jpg,/root/autodl-tmp/UWAmodel_2/datasets/data_splits_depth/train/87_16.jpg,/root/autodl-tmp/UWAmodel_2/datasets/data_splits_sds_train/sparse_87_16.npy,1175
/root/autodl-tmp/UWAmodel_2/datasets/data_splits_original/train/87_19.jpg,/root/autodl-tmp/UWAmodel_2/datasets/data_splits_depth/train/87_19.jpg,/root/autodl-tmp/UWAmodel_2/datasets/data_splits_sds_train/sparse_87_19.npy,1175
/root/autodl-tmp/UWAmodel_2/datasets/data_splits_original/train/87_36.jpg,/root/autodl-tmp/UWAmodel_2/datasets/data_splits_depth/train/87_36.jpg,/root/autodl-tmp/UWAmodel_2/datasets/data_splits_sds_train/sparse_87_36.npy,1175
/root/autodl-tmp/UWAmodel_2/datasets/data_splits_original/train/87_107.jpg,/root/autodl-tmp/UWAmodel_2/datasets/data_splits_depth/train/87_107.jpg,/root/autodl-tmp/UWAmodel_2/datasets/data_splits_sds_train/sparse_87_107.npy,1175
/root/autodl-tmp/UWAmodel_2/datasets/data_splits_original/train/87_108.jpg,/root/autodl-tmp/UWAmodel_2/datasets/data_splits_depth/train/87_108.jpg,/root/autodl-tmp/UWAmodel_2/datasets/data_splits_sds_train/sparse_87_108.npy,1175
/root/autodl-tmp/UWAmodel_2/datasets/data_splits_original/train/88_38.jpg,/root/autodl-tmp/UWAmodel_2/datasets/data_splits_depth/train/88_38.jpg,/root/autodl-tmp/UWAmodel_2/datasets/data_splits_sds_train/sparse_88_38.npy,1175
/root/autodl-tmp/UWAmodel_2/datasets/data_splits_original/train/88_56.jpg,/root/autodl-tmp/UWAmodel_2/datasets/data_splits_depth/train/88_56.jpg,/root/autodl-tmp/UWAmodel_2/datasets/data_splits_sds_train/sparse_88_56.npy,1175
/root/autodl-tmp/UWAmodel_2/datasets/data_splits_original/train/88_86.jpg,/root/autodl-tmp/UWAmodel_2/datasets/data_splits_depth/train/88_86.jpg,/root/autodl-tmp/UWAmodel_2/datasets/data_splits_sds_train/sparse_88_86.npy,1175
/root/autodl-tmp/UWAmodel_2/datasets/data_splits_original/train/88_103.jpg,/root/autodl-tmp/UWAmodel_2/datasets/data_splits_depth/train/88_103.jpg,/root/autodl-tmp/UWAmodel_2/datasets/data_splits_sds_train/sparse_88_103.npy,1175
/root/autodl-tmp/UWAmodel_2/datasets/data_splits_original/train/88_112.jpg,/root/autodl-tmp/UWAmodel_2/datasets/data_splits_depth/train/88_112.jpg,/root/autodl-tmp/UWAmodel_2/datasets/data_splits_sds_train/sparse_88_112.npy,1175
/root/autodl-tmp/UWAmodel_2/datasets/data_splits_original/train/89_43.jpg,/root/autodl-tmp/UWAmodel_2/datasets/data_splits_depth/train/89_43.jpg,/root/autodl-tmp/UWAmodel_2/datasets/data_splits_sds_train/sparse_89_43.npy,1175
/root/autodl-tmp/UWAmodel_2/datasets/data_splits_original/train/89_66.jpg,/root/autodl-tmp/UWAmodel_2/datasets/data_splits_depth/train/89_66.jpg,/root/autodl-tmp/UWAmodel_2/datasets/data_splits_sds_train/sparse_89_66.npy,1175
/root/autodl-tmp/UWAmodel_2/datasets/data_splits_original/train/89_72.jpg,/root/autodl-tmp/UWAmodel_2/datasets/data_splits_depth/train/89_72.jpg,/root/autodl-tmp/UWAmodel_2/datasets/data_splits_sds_train/sparse_89_72.npy,1175
/root/autodl-tmp/UWAmodel_2/datasets/data_splits_original/train/89_76.jpg,/root/autodl-tmp/UWAmodel_2/datasets/data_splits_depth/train/89_76.jpg,/root/autodl-tmp/UWAmodel_2/datasets/data_splits_sds_train/sparse_89_76.npy,1175
/root/autodl-tmp/UWAmodel_2/datasets/data_splits_original/train/89_88.jpg,/root/autodl-tmp/UWAmodel_2/datasets/data_splits_depth/train/89_88.jpg,/root/autodl-tmp/UWAmodel_2/datasets/data_splits_sds_train/sparse_89_88.npy,1175
/root/autodl-tmp/UWAmodel_2/datasets/data_splits_original/train/90_18.jpg,/root/autodl-tmp/UWAmodel_2/datasets/data_splits_depth/train/90_18.jpg,/root/autodl-tmp/UWAmodel_2/datasets/data_splits_sds_train/sparse_90_18.npy,1175
/root/autodl-tmp/UWAmodel_2/datasets/data_splits_original/train/90_32.jpg,/root/autodl-tmp/UWAmodel_2/datasets/data_splits_depth/train/90_32.jpg,/root/autodl-tmp/UWAmodel_2/datasets/data_splits_sds_train/sparse_90_32.npy,1175
/root/autodl-tmp/UWAmodel_2/datasets/data_splits_original/train/90_73.jpg,/root/autodl-tmp/UWAmodel_2/datasets/data_splits_depth/train/90_73.jpg,/root/autodl-tmp/UWAmodel_2/datasets/data_splits_sds_train/sparse_90_73.npy,1175
/root/autodl-tmp/UWAmodel_2/datasets/data_splits_original/train/90_74.jpg,/root/autodl-tmp/UWAmodel_2/datasets/data_splits_depth/train/90_74.jpg,/root/autodl-tmp/UWAmodel_2/datasets/data_splits_sds_train/sparse_90_74.npy,1175
/root/autodl-tmp/UWAmodel_2/datasets/data_splits_original/train/90_79.jpg,/root/autodl-tmp/UWAmodel_2/datasets/data_splits_depth/train/90_79.jpg,/root/autodl-tmp/UWAmodel_2/datasets/data_splits_sds_train/sparse_90_79.npy,1175
/root/autodl-tmp/UWAmodel_2/datasets/data_splits_original/train/91_13.jpg,/root/autodl-tmp/UWAmodel_2/datasets/data_splits_depth/train/91_13.jpg,/root/autodl-tmp/UWAmodel_2/datasets/data_splits_sds_train/sparse_91_13.npy,1175
/root/autodl-tmp/UWAmodel_2/datasets/data_splits_original/train/91_21.jpg,/root/autodl-tmp/UWAmodel_2/datasets/data_splits_depth/train/91_21.jpg,/root/autodl-tmp/UWAmodel_2/datasets/data_splits_sds_train/sparse_91_21.npy,1175
/root/autodl-tmp/UWAmodel_2/datasets/data_splits_original/train/91_23.jpg,/root/autodl-tmp/UWAmodel_2/datasets/data_splits_depth/train/91_23.jpg,/root/autodl-tmp/UWAmodel_2/datasets/data_splits_sds_train/sparse_91_23.npy,1175
/root/autodl-tmp/UWAmodel_2/datasets/data_splits_original/train/91_90.jpg,/root/autodl-tmp/UWAmodel_2/datasets/data_splits_depth/train/91_90.jpg,/root/autodl-tmp/UWAmodel_2/datasets/data_splits_sds_train/sparse_91_90.npy,1175
/root/autodl-tmp/UWAmodel_2/datasets/data_splits_original/train/91_99.jpg,/root/autodl-tmp/UWAmodel_2/datasets/data_splits_depth/train/91_99.jpg,/root/autodl-tmp/UWAmodel_2/datasets/data_splits_sds_train/sparse_91_99.npy,1175
/root/autodl-tmp/UWAmodel_2/datasets/data_splits_original/train/92_10.jpg,/root/autodl-tmp/UWAmodel_2/datasets/data_splits_depth/train/92_10.jpg,/root/autodl-tmp/UWAmodel_2/datasets/data_splits_sds_train/sparse_92_10.npy,1175
/root/autodl-tmp/UWAmodel_2/datasets/data_splits_original/train/92_34.jpg,/root/autodl-tmp/UWAmodel_2/datasets/data_splits_depth/train/92_34.jpg,/root/autodl-tmp/UWAmodel_2/datasets/data_splits_sds_train/sparse_92_34.npy,1175
/root/autodl-tmp/UWAmodel_2/datasets/data_splits_original/train/92_38.jpg,/root/autodl-tmp/UWAmodel_2/datasets/data_splits_depth/train/92_38.jpg,/root/autodl-tmp/UWAmodel_2/datasets/data_splits_sds_train/sparse_92_38.npy,1175
/root/autodl-tmp/UWAmodel_2/datasets/data_splits_original/train/92_74.jpg,/root/autodl-tmp/UWAmodel_2/datasets/data_splits_depth/train/92_74.jpg,/root/autodl-tmp/UWAmodel_2/datasets/data_splits_sds_train/sparse_92_74.npy,1175
/root/autodl-tmp/UWAmodel_2/datasets/data_splits_original/train/92_93.jpg,/root/autodl-tmp/UWAmodel_2/datasets/data_splits_depth/train/92_93.jpg,/root/autodl-tmp/UWAmodel_2/datasets/data_splits_sds_train/sparse_92_93.npy,1175
/root/autodl-tmp/UWAmodel_2/datasets/data_splits_original/train/93_40.jpg,/root/autodl-tmp/UWAmodel_2/datasets/data_splits_depth/train/93_40.jpg,/root/autodl-tmp/UWAmodel_2/datasets/data_splits_sds_train/sparse_93_40.npy,1175
/root/autodl-tmp/UWAmodel_2/datasets/data_splits_original/train/93_59.jpg,/root/autodl-tmp/UWAmodel_2/datasets/data_splits_depth/train/93_59.jpg,/root/autodl-tmp/UWAmodel_2/datasets/data_splits_sds_train/sparse_93_59.npy,1175
/root/autodl-tmp/UWAmodel_2/datasets/data_splits_original/train/93_68.jpg,/root/autodl-tmp/UWAmodel_2/datasets/data_splits_depth/train/93_68.jpg,/root/autodl-tmp/UWAmodel_2/datasets/data_splits_sds_train/sparse_93_68.npy,1175
/root/autodl-tmp/UWAmodel_2/datasets/data_splits_original/train/93_72.jpg,/root/autodl-tmp/UWAmodel_2/datasets/data_splits_depth/train/93_72.jpg,/root/autodl-tmp/UWAmodel_2/datasets/data_splits_sds_train/sparse_93_72.npy,1175
/root/autodl-tmp/UWAmodel_2/datasets/data_splits_original/train/93_85.jpg,/root/autodl-tmp/UWAmodel_2/datasets/data_splits_depth/train/93_85.jpg,/root/autodl-tmp/UWAmodel_2/datasets/data_splits_sds_train/sparse_93_85.npy,1175
/root/autodl-tmp/UWAmodel_2/datasets/data_splits_original/train/94_5.jpg,/root/autodl-tmp/UWAmodel_2/datasets/data_splits_depth/train/94_5.jpg,/root/autodl-tmp/UWAmodel_2/datasets/data_splits_sds_train/sparse_94_5.npy,1175
/root/autodl-tmp/UWAmodel_2/datasets/data_splits_original/train/94_10.jpg,/root/autodl-tmp/UWAmodel_2/datasets/data_splits_depth/train/94_10.jpg,/root/autodl-tmp/UWAmodel_2/datasets/data_splits_sds_train/sparse_94_10.npy,1175
/root/autodl-tmp/UWAmodel_2/datasets/data_splits_original/train/94_22.jpg,/root/autodl-tmp/UWAmodel_2/datasets/data_splits_depth/train/94_22.jpg,/root/autodl-tmp/UWAmodel_2/datasets/data_splits_sds_train/sparse_94_22.npy,1175
/root/autodl-tmp/UWAmodel_2/datasets/data_splits_original/train/94_31.jpg,/root/autodl-tmp/UWAmodel_2/datasets/data_splits_depth/train/94_31.jpg,/root/autodl-tmp/UWAmodel_2/datasets/data_splits_sds_train/sparse_94_31.npy,1175
/root/autodl-tmp/UWAmodel_2/datasets/data_splits_original/train/94_54.jpg,/root/autodl-tmp/UWAmodel_2/datasets/data_splits_depth/train/94_54.jpg,/root/autodl-tmp/UWAmodel_2/datasets/data_splits_sds_train/sparse_94_54.npy,1175
/root/autodl-tmp/UWAmodel_2/datasets/data_splits_original/train/95_65.jpg,/root/autodl-tmp/UWAmodel_2/datasets/data_splits_depth/train/95_65.jpg,/root/autodl-tmp/UWAmodel_2/datasets/data_splits_sds_train/sparse_95_65.npy,1175
/root/autodl-tmp/UWAmodel_2/datasets/data_splits_original/train/95_71.jpg,/root/autodl-tmp/UWAmodel_2/datasets/data_splits_depth/train/95_71.jpg,/root/autodl-tmp/UWAmodel_2/datasets/data_splits_sds_train/sparse_95_71.npy,1175
/root/autodl-tmp/UWAmodel_2/datasets/data_splits_original/train/95_93.jpg,/root/autodl-tmp/UWAmodel_2/datasets/data_splits_depth/train/95_93.jpg,/root/autodl-tmp/UWAmodel_2/datasets/data_splits_sds_train/sparse_95_93.npy,1175
/root/autodl-tmp/UWAmodel_2/datasets/data_splits_original/train/95_99.jpg,/root/autodl-tmp/UWAmodel_2/datasets/data_splits_depth/train/95_99.jpg,/root/autodl-tmp/UWAmodel_2/datasets/data_splits_sds_train/sparse_95_99.npy,1175
/root/autodl-tmp/UWAmodel_2/datasets/data_splits_original/train/95_120.jpg,/root/autodl-tmp/UWAmodel_2/datasets/data_splits_depth/train/95_120.jpg,/root/autodl-tmp/UWAmodel_2/datasets/data_splits_sds_train/sparse_95_120.npy,1175
/root/autodl-tmp/UWAmodel_2/datasets/data_splits_original/train/96_63.jpg,/root/autodl-tmp/UWAmodel_2/datasets/data_splits_depth/train/96_63.jpg,/root/autodl-tmp/UWAmodel_2/datasets/data_splits_sds_train/sparse_96_63.npy,1175
/root/autodl-tmp/UWAmodel_2/datasets/data_splits_original/train/96_77.jpg,/root/autodl-tmp/UWAmodel_2/datasets/data_splits_depth/train/96_77.jpg,/root/autodl-tmp/UWAmodel_2/datasets/data_splits_sds_train/sparse_96_77.npy,1175
/root/autodl-tmp/UWAmodel_2/datasets/data_splits_original/train/96_80.jpg,/root/autodl-tmp/UWAmodel_2/datasets/data_splits_depth/train/96_80.jpg,/root/autodl-tmp/UWAmodel_2/datasets/data_splits_sds_train/sparse_96_80.npy,1175
/root/autodl-tmp/UWAmodel_2/datasets/data_splits_original/train/96_82.jpg,/root/autodl-tmp/UWAmodel_2/datasets/data_splits_depth/train/96_82.jpg,/root/autodl-tmp/UWAmodel_2/datasets/data_splits_sds_train/sparse_96_82.npy,1175
/root/autodl-tmp/UWAmodel_2/datasets/data_splits_original/train/96_102.jpg,/root/autodl-tmp/UWAmodel_2/datasets/data_splits_depth/train/96_102.jpg,/root/autodl-tmp/UWAmodel_2/datasets/data_splits_sds_train/sparse_96_102.npy,1175
/root/autodl-tmp/UWAmodel_2/datasets/data_splits_original/train/97_44.jpg,/root/autodl-tmp/UWAmodel_2/datasets/data_splits_depth/train/97_44.jpg,/root/autodl-tmp/UWAmodel_2/datasets/data_splits_sds_train/sparse_97_44.npy,1175
/root/autodl-tmp/UWAmodel_2/datasets/data_splits_original/train/97_47.jpg,/root/autodl-tmp/UWAmodel_2/datasets/data_splits_depth/train/97_47.jpg,/root/autodl-tmp/UWAmodel_2/datasets/data_splits_sds_train/sparse_97_47.npy,1175
/root/autodl-tmp/UWAmodel_2/datasets/data_splits_original/train/97_53.jpg,/root/autodl-tmp/UWAmodel_2/datasets/data_splits_depth/train/97_53.jpg,/root/autodl-tmp/UWAmodel_2/datasets/data_splits_sds_train/sparse_97_53.npy,1175
/root/autodl-tmp/UWAmodel_2/datasets/data_splits_original/train/97_66.jpg,/root/autodl-tmp/UWAmodel_2/datasets/data_splits_depth/train/97_66.jpg,/root/autodl-tmp/UWAmodel_2/datasets/data_splits_sds_train/sparse_97_66.npy,1175
/root/autodl-tmp/UWAmodel_2/datasets/data_splits_original/train/97_116.jpg,/root/autodl-tmp/UWAmodel_2/datasets/data_splits_depth/train/97_116.jpg,/root/autodl-tmp/UWAmodel_2/datasets/data_splits_sds_train/sparse_97_116.npy,1175
/root/autodl-tmp/UWAmodel_2/datasets/data_splits_original/train/98_41.jpg,/root/autodl-tmp/UWAmodel_2/datasets/data_splits_depth/train/98_41.jpg,/root/autodl-tmp/UWAmodel_2/datasets/data_splits_sds_train/sparse_98_41.npy,1175
/root/autodl-tmp/UWAmodel_2/datasets/data_splits_original/train/98_67.jpg,/root/autodl-tmp/UWAmodel_2/datasets/data_splits_depth/train/98_67.jpg,/root/autodl-tmp/UWAmodel_2/datasets/data_splits_sds_train/sparse_98_67.npy,1175
/root/autodl-tmp/UWAmodel_2/datasets/data_splits_original/train/98_68.jpg,/root/autodl-tmp/UWAmodel_2/datasets/data_splits_depth/train/98_68.jpg,/root/autodl-tmp/UWAmodel_2/datasets/data_splits_sds_train/sparse_98_68.npy,1175
/root/autodl-tmp/UWAmodel_2/datasets/data_splits_original/train/98_71.jpg,/root/autodl-tmp/UWAmodel_2/datasets/data_splits_depth/train/98_71.jpg,/root/autodl-tmp/UWAmodel_2/datasets/data_splits_sds_train/sparse_98_71.npy,1175
/root/autodl-tmp/UWAmodel_2/datasets/data_splits_original/train/98_72.jpg,/root/autodl-tmp/UWAmodel_2/datasets/data_splits_depth/train/98_72.jpg,/root/autodl-tmp/UWAmodel_2/datasets/data_splits_sds_train/sparse_98_72.npy,1175
/root/autodl-tmp/UWAmodel_2/datasets/data_splits_original/train/99_4.jpg,/root/autodl-tmp/UWAmodel_2/datasets/data_splits_depth/train/99_4.jpg,/root/autodl-tmp/UWAmodel_2/datasets/data_splits_sds_train/sparse_99_4.npy,1175
/root/autodl-tmp/UWAmodel_2/datasets/data_splits_original/train/99_11.jpg,/root/autodl-tmp/UWAmodel_2/datasets/data_splits_depth/train/99_11.jpg,/root/autodl-tmp/UWAmodel_2/datasets/data_splits_sds_train/sparse_99_11.npy,1175
/root/autodl-tmp/UWAmodel_2/datasets/data_splits_original/train/99_29.jpg,/root/autodl-tmp/UWAmodel_2/datasets/data_splits_depth/train/99_29.jpg,/root/autodl-tmp/UWAmodel_2/datasets/data_splits_sds_train/sparse_99_29.npy,1175
/root/autodl-tmp/UWAmodel_2/datasets/data_splits_original/train/99_47.jpg,/root/autodl-tmp/UWAmodel_2/datasets/data_splits_depth/train/99_47.jpg,/root/autodl-tmp/UWAmodel_2/datasets/data_splits_sds_train/sparse_99_47.npy,1175
/root/autodl-tmp/UWAmodel_2/datasets/data_splits_original/train/99_50.jpg,/root/autodl-tmp/UWAmodel_2/datasets/data_splits_depth/train/99_50.jpg,/root/autodl-tmp/UWAmodel_2/datasets/data_splits_sds_train/sparse_99_50.npy,1175
/root/autodl-tmp/UWAmodel_2/datasets/data_splits_original/train/100_26.jpg,/root/autodl-tmp/UWAmodel_2/datasets/data_splits_depth/train/100_26.jpg,/root/autodl-tmp/UWAmodel_2/datasets/data_splits_sds_train/sparse_100_26.npy,1175
/root/autodl-tmp/UWAmodel_2/datasets/data_splits_original/train/100_28.jpg,/root/autodl-tmp/UWAmodel_2/datasets/data_splits_depth/train/100_28.jpg,/root/autodl-tmp/UWAmodel_2/datasets/data_splits_sds_train/sparse_100_28.npy,1175
/root/autodl-tmp/UWAmodel_2/datasets/data_splits_original/train/100_29.jpg,/root/autodl-tmp/UWAmodel_2/datasets/data_splits_depth/train/100_29.jpg,/root/autodl-tmp/UWAmodel_2/datasets/data_splits_sds_train/sparse_100_29.npy,1175
/root/autodl-tmp/UWAmodel_2/datasets/data_splits_original/train/100_46.jpg,/root/autodl-tmp/UWAmodel_2/datasets/data_splits_depth/train/100_46.jpg,/root/autodl-tmp/UWAmodel_2/datasets/data_splits_sds_train/sparse_100_46.npy,1175
/root/autodl-tmp/UWAmodel_2/datasets/data_splits_original/train/100_91.jpg,/root/autodl-tmp/UWAmodel_2/datasets/data_splits_depth/train/100_91.jpg,/root/autodl-tmp/UWAmodel_2/datasets/data_splits_sds_train/sparse_100_91.npy,1175
/root/autodl-tmp/UWAmodel_2/datasets/data_splits_original/train/101_17.jpg,/root/autodl-tmp/UWAmodel_2/datasets/data_splits_depth/train/101_17.jpg,/root/autodl-tmp/UWAmodel_2/datasets/data_splits_sds_train/sparse_101_17.npy,1175
/root/autodl-tmp/UWAmodel_2/datasets/data_splits_original/train/101_43.jpg,/root/autodl-tmp/UWAmodel_2/datasets/data_splits_depth/train/101_43.jpg,/root/autodl-tmp/UWAmodel_2/datasets/data_splits_sds_train/sparse_101_43.npy,1175
/root/autodl-tmp/UWAmodel_2/datasets/data_splits_original/train/101_44.jpg,/root/autodl-tmp/UWAmodel_2/datasets/data_splits_depth/train/101_44.jpg,/root/autodl-tmp/UWAmodel_2/datasets/data_splits_sds_train/sparse_101_44.npy,1175
/root/autodl-tmp/UWAmodel_2/datasets/data_splits_original/train/101_48.jpg,/root/autodl-tmp/UWAmodel_2/datasets/data_splits_depth/train/101_48.jpg,/root/autodl-tmp/UWAmodel_2/datasets/data_splits_sds_train/sparse_101_48.npy,1175
/root/autodl-tmp/UWAmodel_2/datasets/data_splits_original/train/101_88.jpg,/root/autodl-tmp/UWAmodel_2/datasets/data_splits_depth/train/101_88.jpg,/root/autodl-tmp/UWAmodel_2/datasets/data_splits_sds_train/sparse_101_88.npy,1175
/root/autodl-tmp/UWAmodel_2/datasets/data_splits_original/train/102_31.jpg,/root/autodl-tmp/UWAmodel_2/datasets/data_splits_depth/train/102_31.jpg,/root/autodl-tmp/UWAmodel_2/datasets/data_splits_sds_train/sparse_102_31.npy,1175
/root/autodl-tmp/UWAmodel_2/datasets/data_splits_original/train/102_58.jpg,/root/autodl-tmp/UWAmodel_2/datasets/data_splits_depth/train/102_58.jpg,/root/autodl-tmp/UWAmodel_2/datasets/data_splits_sds_train/sparse_102_58.npy,1175
/root/autodl-tmp/UWAmodel_2/datasets/data_splits_original/train/102_70.jpg,/root/autodl-tmp/UWAmodel_2/datasets/data_splits_depth/train/102_70.jpg,/root/autodl-tmp/UWAmodel_2/datasets/data_splits_sds_train/sparse_102_70.npy,1175
/root/autodl-tmp/UWAmodel_2/datasets/data_splits_original/train/102_78.jpg,/root/autodl-tmp/UWAmodel_2/datasets/data_splits_depth/train/102_78.jpg,/root/autodl-tmp/UWAmodel_2/datasets/data_splits_sds_train/sparse_102_78.npy,1175
/root/autodl-tmp/UWAmodel_2/datasets/data_splits_original/train/102_115.jpg,/root/autodl-tmp/UWAmodel_2/datasets/data_splits_depth/train/102_115.jpg,/root/autodl-tmp/UWAmodel_2/datasets/data_splits_sds_train/sparse_102_115.npy,1175
/root/autodl-tmp/UWAmodel_2/datasets/data_splits_original/train/103_35.jpg,/root/autodl-tmp/UWAmodel_2/datasets/data_splits_depth/train/103_35.jpg,/root/autodl-tmp/UWAmodel_2/datasets/data_splits_sds_train/sparse_103_35.npy,1175
/root/autodl-tmp/UWAmodel_2/datasets/data_splits_original/train/103_61.jpg,/root/autodl-tmp/UWAmodel_2/datasets/data_splits_depth/train/103_61.jpg,/root/autodl-tmp/UWAmodel_2/datasets/data_splits_sds_train/sparse_103_61.npy,1175
/root/autodl-tmp/UWAmodel_2/datasets/data_splits_original/train/103_69.jpg,/root/autodl-tmp/UWAmodel_2/datasets/data_splits_depth/train/103_69.jpg,/root/autodl-tmp/UWAmodel_2/datasets/data_splits_sds_train/sparse_103_69.npy,1175
/root/autodl-tmp/UWAmodel_2/datasets/data_splits_original/train/103_109.jpg,/root/autodl-tmp/UWAmodel_2/datasets/data_splits_depth/train/103_109.jpg,/root/autodl-tmp/UWAmodel_2/datasets/data_splits_sds_train/sparse_103_109.npy,1175
/root/autodl-tmp/UWAmodel_2/datasets/data_splits_original/train/103_112.jpg,/root/autodl-tmp/UWAmodel_2/datasets/data_splits_depth/train/103_112.jpg,/root/autodl-tmp/UWAmodel_2/datasets/data_splits_sds_train/sparse_103_112.npy,1175
/root/autodl-tmp/UWAmodel_2/datasets/data_splits_original/train/106_11.jpg,/root/autodl-tmp/UWAmodel_2/datasets/data_splits_depth/train/106_11.jpg,/root/autodl-tmp/UWAmodel_2/datasets/data_splits_sds_train/sparse_106_11.npy,1175
/root/autodl-tmp/UWAmodel_2/datasets/data_splits_original/train/106_20.jpg,/root/autodl-tmp/UWAmodel_2/datasets/data_splits_depth/train/106_20.jpg,/root/autodl-tmp/UWAmodel_2/datasets/data_splits_sds_train/sparse_106_20.npy,1175
/root/autodl-tmp/UWAmodel_2/datasets/data_splits_original/train/106_56.jpg,/root/autodl-tmp/UWAmodel_2/datasets/data_splits_depth/train/106_56.jpg,/root/autodl-tmp/UWAmodel_2/datasets/data_splits_sds_train/sparse_106_56.npy,1175
/root/autodl-tmp/UWAmodel_2/datasets/data_splits_original/train/106_90.jpg,/root/autodl-tmp/UWAmodel_2/datasets/data_splits_depth/train/106_90.jpg,/root/autodl-tmp/UWAmodel_2/datasets/data_splits_sds_train/sparse_106_90.npy,1175
/root/autodl-tmp/UWAmodel_2/datasets/data_splits_original/train/106_99.jpg,/root/autodl-tmp/UWAmodel_2/datasets/data_splits_depth/train/106_99.jpg,/root/autodl-tmp/UWAmodel_2/datasets/data_splits_sds_train/sparse_106_99.npy,1175
/root/autodl-tmp/UWAmodel_2/datasets/data_splits_original/train/108_29.jpg,/root/autodl-tmp/UWAmodel_2/datasets/data_splits_depth/train/108_29.jpg,/root/autodl-tmp/UWAmodel_2/datasets/data_splits_sds_train/sparse_108_29.npy,1175
/root/autodl-tmp/UWAmodel_2/datasets/data_splits_original/train/108_46.jpg,/root/autodl-tmp/UWAmodel_2/datasets/data_splits_depth/train/108_46.jpg,/root/autodl-tmp/UWAmodel_2/datasets/data_splits_sds_train/sparse_108_46.npy,1175
/root/autodl-tmp/UWAmodel_2/datasets/data_splits_original/train/108_71.jpg,/root/autodl-tmp/UWAmodel_2/datasets/data_splits_depth/train/108_71.jpg,/root/autodl-tmp/UWAmodel_2/datasets/data_splits_sds_train/sparse_108_71.npy,1175
/root/autodl-tmp/UWAmodel_2/datasets/data_splits_original/train/108_78.jpg,/root/autodl-tmp/UWAmodel_2/datasets/data_splits_depth/train/108_78.jpg,/root/autodl-tmp/UWAmodel_2/datasets/data_splits_sds_train/sparse_108_78.npy,1175
/root/autodl-tmp/UWAmodel_2/datasets/data_splits_original/train/108_116.jpg,/root/autodl-tmp/UWAmodel_2/datasets/data_splits_depth/train/108_116.jpg,/root/autodl-tmp/UWAmodel_2/datasets/data_splits_sds_train/sparse_108_116.npy,1175
/root/autodl-tmp/UWAmodel_2/datasets/data_splits_original/train/110_20.jpg,/root/autodl-tmp/UWAmodel_2/datasets/data_splits_depth/train/110_20.jpg,/root/autodl-tmp/UWAmodel_2/datasets/data_splits_sds_train/sparse_110_20.npy,1175
/root/autodl-tmp/UWAmodel_2/datasets/data_splits_original/train/110_38.jpg,/root/autodl-tmp/UWAmodel_2/datasets/data_splits_depth/train/110_38.jpg,/root/autodl-tmp/UWAmodel_2/datasets/data_splits_sds_train/sparse_110_38.npy,1175
/root/autodl-tmp/UWAmodel_2/datasets/data_splits_original/train/110_46.jpg,/root/autodl-tmp/UWAmodel_2/datasets/data_splits_depth/train/110_46.jpg,/root/autodl-tmp/UWAmodel_2/datasets/data_splits_sds_train/sparse_110_46.npy,1175
/root/autodl-tmp/UWAmodel_2/datasets/data_splits_original/train/110_52.jpg,/root/autodl-tmp/UWAmodel_2/datasets/data_splits_depth/train/110_52.jpg,/root/autodl-tmp/UWAmodel_2/datasets/data_splits_sds_train/sparse_110_52.npy,1175
/root/autodl-tmp/UWAmodel_2/datasets/data_splits_original/train/110_55.jpg,/root/autodl-tmp/UWAmodel_2/datasets/data_splits_depth/train/110_55.jpg,/root/autodl-tmp/UWAmodel_2/datasets/data_splits_sds_train/sparse_110_55.npy,1175
/root/autodl-tmp/UWAmodel_2/datasets/data_splits_original/train/111_33.jpg,/root/autodl-tmp/UWAmodel_2/datasets/data_splits_depth/train/111_33.jpg,/root/autodl-tmp/UWAmodel_2/datasets/data_splits_sds_train/sparse_111_33.npy,1175
/root/autodl-tmp/UWAmodel_2/datasets/data_splits_original/train/111_60.jpg,/root/autodl-tmp/UWAmodel_2/datasets/data_splits_depth/train/111_60.jpg,/root/autodl-tmp/UWAmodel_2/datasets/data_splits_sds_train/sparse_111_60.npy,1175
/root/autodl-tmp/UWAmodel_2/datasets/data_splits_original/train/111_88.jpg,/root/autodl-tmp/UWAmodel_2/datasets/data_splits_depth/train/111_88.jpg,/root/autodl-tmp/UWAmodel_2/datasets/data_splits_sds_train/sparse_111_88.npy,1175
/root/autodl-tmp/UWAmodel_2/datasets/data_splits_original/train/111_100.jpg,/root/autodl-tmp/UWAmodel_2/datasets/data_splits_depth/train/111_100.jpg,/root/autodl-tmp/UWAmodel_2/datasets/data_splits_sds_train/sparse_111_100.npy,1175
/root/autodl-tmp/UWAmodel_2/datasets/data_splits_original/train/111_111.jpg,/root/autodl-tmp/UWAmodel_2/datasets/data_splits_depth/train/111_111.jpg,/root/autodl-tmp/UWAmodel_2/datasets/data_splits_sds_train/sparse_111_111.npy,1175
/root/autodl-tmp/UWAmodel_2/datasets/data_splits_original/train/112_6.jpg,/root/autodl-tmp/UWAmodel_2/datasets/data_splits_depth/train/112_6.jpg,/root/autodl-tmp/UWAmodel_2/datasets/data_splits_sds_train/sparse_112_6.npy,1175
/root/autodl-tmp/UWAmodel_2/datasets/data_splits_original/train/112_13.jpg,/root/autodl-tmp/UWAmodel_2/datasets/data_splits_depth/train/112_13.jpg,/root/autodl-tmp/UWAmodel_2/datasets/data_splits_sds_train/sparse_112_13.npy,1175
/root/autodl-tmp/UWAmodel_2/datasets/data_splits_original/train/112_14.jpg,/root/autodl-tmp/UWAmodel_2/datasets/data_splits_depth/train/112_14.jpg,/root/autodl-tmp/UWAmodel_2/datasets/data_splits_sds_train/sparse_112_14.npy,1175
/root/autodl-tmp/UWAmodel_2/datasets/data_splits_original/train/112_18.jpg,/root/autodl-tmp/UWAmodel_2/datasets/data_splits_depth/train/112_18.jpg,/root/autodl-tmp/UWAmodel_2/datasets/data_splits_sds_train/sparse_112_18.npy,1175
/root/autodl-tmp/UWAmodel_2/datasets/data_splits_original/train/112_41.jpg,/root/autodl-tmp/UWAmodel_2/datasets/data_splits_depth/train/112_41.jpg,/root/autodl-tmp/UWAmodel_2/datasets/data_splits_sds_train/sparse_112_41.npy,1175
/root/autodl-tmp/UWAmodel_2/datasets/data_splits_original/train/113_47.jpg,/root/autodl-tmp/UWAmodel_2/datasets/data_splits_depth/train/113_47.jpg,/root/autodl-tmp/UWAmodel_2/datasets/data_splits_sds_train/sparse_113_47.npy,1175
/root/autodl-tmp/UWAmodel_2/datasets/data_splits_original/train/113_53.jpg,/root/autodl-tmp/UWAmodel_2/datasets/data_splits_depth/train/113_53.jpg,/root/autodl-tmp/UWAmodel_2/datasets/data_splits_sds_train/sparse_113_53.npy,1175
/root/autodl-tmp/UWAmodel_2/datasets/data_splits_original/train/113_96.jpg,/root/autodl-tmp/UWAmodel_2/datasets/data_splits_depth/train/113_96.jpg,/root/autodl-tmp/UWAmodel_2/datasets/data_splits_sds_train/sparse_113_96.npy,1175
/root/autodl-tmp/UWAmodel_2/datasets/data_splits_original/train/113_100.jpg,/root/autodl-tmp/UWAmodel_2/datasets/data_splits_depth/train/113_100.jpg,/root/autodl-tmp/UWAmodel_2/datasets/data_splits_sds_train/sparse_113_100.npy,1175
/root/autodl-tmp/UWAmodel_2/datasets/data_splits_original/train/113_116.jpg,/root/autodl-tmp/UWAmodel_2/datasets/data_splits_depth/train/113_116.jpg,/root/autodl-tmp/UWAmodel_2/datasets/data_splits_sds_train/sparse_113_116.npy,1175
/root/autodl-tmp/UWAmodel_2/datasets/data_splits_original/train/114_15.jpg,/root/autodl-tmp/UWAmodel_2/datasets/data_splits_depth/train/114_15.jpg,/root/autodl-tmp/UWAmodel_2/datasets/data_splits_sds_train/sparse_114_15.npy,1175
/root/autodl-tmp/UWAmodel_2/datasets/data_splits_original/train/114_24.jpg,/root/autodl-tmp/UWAmodel_2/datasets/data_splits_depth/train/114_24.jpg,/root/autodl-tmp/UWAmodel_2/datasets/data_splits_sds_train/sparse_114_24.npy,1175
/root/autodl-tmp/UWAmodel_2/datasets/data_splits_original/train/114_30.jpg,/root/autodl-tmp/UWAmodel_2/datasets/data_splits_depth/train/114_30.jpg,/root/autodl-tmp/UWAmodel_2/datasets/data_splits_sds_train/sparse_114_30.npy,1175
/root/autodl-tmp/UWAmodel_2/datasets/data_splits_original/train/114_99.jpg,/root/autodl-tmp/UWAmodel_2/datasets/data_splits_depth/train/114_99.jpg,/root/autodl-tmp/UWAmodel_2/datasets/data_splits_sds_train/sparse_114_99.npy,1175
/root/autodl-tmp/UWAmodel_2/datasets/data_splits_original/train/114_108.jpg,/root/autodl-tmp/UWAmodel_2/datasets/data_splits_depth/train/114_108.jpg,/root/autodl-tmp/UWAmodel_2/datasets/data_splits_sds_train/sparse_114_108.npy,1175
/root/autodl-tmp/UWAmodel_2/datasets/data_splits_original/train/115_12.jpg,/root/autodl-tmp/UWAmodel_2/datasets/data_splits_depth/train/115_12.jpg,/root/autodl-tmp/UWAmodel_2/datasets/data_splits_sds_train/sparse_115_12.npy,1175
/root/autodl-tmp/UWAmodel_2/datasets/data_splits_original/train/115_30.jpg,/root/autodl-tmp/UWAmodel_2/datasets/data_splits_depth/train/115_30.jpg,/root/autodl-tmp/UWAmodel_2/datasets/data_splits_sds_train/sparse_115_30.npy,1175
/root/autodl-tmp/UWAmodel_2/datasets/data_splits_original/train/115_32.jpg,/root/autodl-tmp/UWAmodel_2/datasets/data_splits_depth/train/115_32.jpg,/root/autodl-tmp/UWAmodel_2/datasets/data_splits_sds_train/sparse_115_32.npy,1175
/root/autodl-tmp/UWAmodel_2/datasets/data_splits_original/train/115_63.jpg,/root/autodl-tmp/UWAmodel_2/datasets/data_splits_depth/train/115_63.jpg,/root/autodl-tmp/UWAmodel_2/datasets/data_splits_sds_train/sparse_115_63.npy,1175
/root/autodl-tmp/UWAmodel_2/datasets/data_splits_original/train/115_115.jpg,/root/autodl-tmp/UWAmodel_2/datasets/data_splits_depth/train/115_115.jpg,/root/autodl-tmp/UWAmodel_2/datasets/data_splits_sds_train/sparse_115_115.npy,1175
/root/autodl-tmp/UWAmodel_2/datasets/data_splits_original/train/116_15.jpg,/root/autodl-tmp/UWAmodel_2/datasets/data_splits_depth/train/116_15.jpg,/root/autodl-tmp/UWAmodel_2/datasets/data_splits_sds_train/sparse_116_15.npy,1175
/root/autodl-tmp/UWAmodel_2/datasets/data_splits_original/train/116_25.jpg,/root/autodl-tmp/UWAmodel_2/datasets/data_splits_depth/train/116_25.jpg,/root/autodl-tmp/UWAmodel_2/datasets/data_splits_sds_train/sparse_116_25.npy,1175
/root/autodl-tmp/UWAmodel_2/datasets/data_splits_original/train/116_85.jpg,/root/autodl-tmp/UWAmodel_2/datasets/data_splits_depth/train/116_85.jpg,/root/autodl-tmp/UWAmodel_2/datasets/data_splits_sds_train/sparse_116_85.npy,1175
/root/autodl-tmp/UWAmodel_2/datasets/data_splits_original/train/116_103.jpg,/root/autodl-tmp/UWAmodel_2/datasets/data_splits_depth/train/116_103.jpg,/root/autodl-tmp/UWAmodel_2/datasets/data_splits_sds_train/sparse_116_103.npy,1175
/root/autodl-tmp/UWAmodel_2/datasets/data_splits_original/train/116_105.jpg,/root/autodl-tmp/UWAmodel_2/datasets/data_splits_depth/train/116_105.jpg,/root/autodl-tmp/UWAmodel_2/datasets/data_splits_sds_train/sparse_116_105.npy,1175
/root/autodl-tmp/UWAmodel_2/datasets/data_splits_original/train/117_15.jpg,/root/autodl-tmp/UWAmodel_2/datasets/data_splits_depth/train/117_15.jpg,/root/autodl-tmp/UWAmodel_2/datasets/data_splits_sds_train/sparse_117_15.npy,1175
/root/autodl-tmp/UWAmodel_2/datasets/data_splits_original/train/117_42.jpg,/root/autodl-tmp/UWAmodel_2/datasets/data_splits_depth/train/117_42.jpg,/root/autodl-tmp/UWAmodel_2/datasets/data_splits_sds_train/sparse_117_42.npy,1175
/root/autodl-tmp/UWAmodel_2/datasets/data_splits_original/train/117_48.jpg,/root/autodl-tmp/UWAmodel_2/datasets/data_splits_depth/train/117_48.jpg,/root/autodl-tmp/UWAmodel_2/datasets/data_splits_sds_train/sparse_117_48.npy,1175
/root/autodl-tmp/UWAmodel_2/datasets/data_splits_original/train/117_57.jpg,/root/autodl-tmp/UWAmodel_2/datasets/data_splits_depth/train/117_57.jpg,/root/autodl-tmp/UWAmodel_2/datasets/data_splits_sds_train/sparse_117_57.npy,1175
/root/autodl-tmp/UWAmodel_2/datasets/data_splits_original/train/117_69.jpg,/root/autodl-tmp/UWAmodel_2/datasets/data_splits_depth/train/117_69.jpg,/root/autodl-tmp/UWAmodel_2/datasets/data_splits_sds_train/sparse_117_69.npy,1175
/root/autodl-tmp/UWAmodel_2/datasets/data_splits_original/train/118_6.jpg,/root/autodl-tmp/UWAmodel_2/datasets/data_splits_depth/train/118_6.jpg,/root/autodl-tmp/UWAmodel_2/datasets/data_splits_sds_train/sparse_118_6.npy,1175
/root/autodl-tmp/UWAmodel_2/datasets/data_splits_original/train/118_51.jpg,/root/autodl-tmp/UWAmodel_2/datasets/data_splits_depth/train/118_51.jpg,/root/autodl-tmp/UWAmodel_2/datasets/data_splits_sds_train/sparse_118_51.npy,1175
/root/autodl-tmp/UWAmodel_2/datasets/data_splits_original/train/118_75.jpg,/root/autodl-tmp/UWAmodel_2/datasets/data_splits_depth/train/118_75.jpg,/root/autodl-tmp/UWAmodel_2/datasets/data_splits_sds_train/sparse_118_75.npy,1175
/root/autodl-tmp/UWAmodel_2/datasets/data_splits_original/train/118_83.jpg,/root/autodl-tmp/UWAmodel_2/datasets/data_splits_depth/train/118_83.jpg,/root/autodl-tmp/UWAmodel_2/datasets/data_splits_sds_train/sparse_118_83.npy,1175
/root/autodl-tmp/UWAmodel_2/datasets/data_splits_original/train/118_86.jpg,/root/autodl-tmp/UWAmodel_2/datasets/data_splits_depth/train/118_86.jpg,/root/autodl-tmp/UWAmodel_2/datasets/data_splits_sds_train/sparse_118_86.npy,1175
/root/autodl-tmp/UWAmodel_2/datasets/data_splits_original/train/120_38.jpg,/root/autodl-tmp/UWAmodel_2/datasets/data_splits_depth/train/120_38.jpg,/root/autodl-tmp/UWAmodel_2/datasets/data_splits_sds_train/sparse_120_38.npy,1175
/root/autodl-tmp/UWAmodel_2/datasets/data_splits_original/train/120_94.jpg,/root/autodl-tmp/UWAmodel_2/datasets/data_splits_depth/train/120_94.jpg,/root/autodl-tmp/UWAmodel_2/datasets/data_splits_sds_train/sparse_120_94.npy,1175
/root/autodl-tmp/UWAmodel_2/datasets/data_splits_original/train/120_105.jpg,/root/autodl-tmp/UWAmodel_2/datasets/data_splits_depth/train/120_105.jpg,/root/autodl-tmp/UWAmodel_2/datasets/data_splits_sds_train/sparse_120_105.npy,1175
/root/autodl-tmp/UWAmodel_2/datasets/data_splits_original/train/120_117.jpg,/root/autodl-tmp/UWAmodel_2/datasets/data_splits_depth/train/120_117.jpg,/root/autodl-tmp/UWAmodel_2/datasets/data_splits_sds_train/sparse_120_117.npy,1175
/root/autodl-tmp/UWAmodel_2/datasets/data_splits_original/train/120_118.jpg,/root/autodl-tmp/UWAmodel_2/datasets/data_splits_depth/train/120_118.jpg,/root/autodl-tmp/UWAmodel_2/datasets/data_splits_sds_train/sparse_120_118.npy,1175
/root/autodl-tmp/UWAmodel_2/datasets/data_splits_original/train/121_15.jpg,/root/autodl-tmp/UWAmodel_2/datasets/data_splits_depth/train/121_15.jpg,/root/autodl-tmp/UWAmodel_2/datasets/data_splits_sds_train/sparse_121_15.npy,1175
/root/autodl-tmp/UWAmodel_2/datasets/data_splits_original/train/121_21.jpg,/root/autodl-tmp/UWAmodel_2/datasets/data_splits_depth/train/121_21.jpg,/root/autodl-tmp/UWAmodel_2/datasets/data_splits_sds_train/sparse_121_21.npy,1175
/root/autodl-tmp/UWAmodel_2/datasets/data_splits_original/train/121_81.jpg,/root/autodl-tmp/UWAmodel_2/datasets/data_splits_depth/train/121_81.jpg,/root/autodl-tmp/UWAmodel_2/datasets/data_splits_sds_train/sparse_121_81.npy,1175
/root/autodl-tmp/UWAmodel_2/datasets/data_splits_original/train/121_87.jpg,/root/autodl-tmp/UWAmodel_2/datasets/data_splits_depth/train/121_87.jpg,/root/autodl-tmp/UWAmodel_2/datasets/data_splits_sds_train/sparse_121_87.npy,1175
/root/autodl-tmp/UWAmodel_2/datasets/data_splits_original/train/121_93.jpg,/root/autodl-tmp/UWAmodel_2/datasets/data_splits_depth/train/121_93.jpg,/root/autodl-tmp/UWAmodel_2/datasets/data_splits_sds_train/sparse_121_93.npy,1175
/root/autodl-tmp/UWAmodel_2/datasets/data_splits_original/train/122_30.jpg,/root/autodl-tmp/UWAmodel_2/datasets/data_splits_depth/train/122_30.jpg,/root/autodl-tmp/UWAmodel_2/datasets/data_splits_sds_train/sparse_122_30.npy,1175
/root/autodl-tmp/UWAmodel_2/datasets/data_splits_original/train/122_34.jpg,/root/autodl-tmp/UWAmodel_2/datasets/data_splits_depth/train/122_34.jpg,/root/autodl-tmp/UWAmodel_2/datasets/data_splits_sds_train/sparse_122_34.npy,1175
/root/autodl-tmp/UWAmodel_2/datasets/data_splits_original/train/122_49.jpg,/root/autodl-tmp/UWAmodel_2/datasets/data_splits_depth/train/122_49.jpg,/root/autodl-tmp/UWAmodel_2/datasets/data_splits_sds_train/sparse_122_49.npy,1175
/root/autodl-tmp/UWAmodel_2/datasets/data_splits_original/train/122_64.jpg,/root/autodl-tmp/UWAmodel_2/datasets/data_splits_depth/train/122_64.jpg,/root/autodl-tmp/UWAmodel_2/datasets/data_splits_sds_train/sparse_122_64.npy,1175
/root/autodl-tmp/UWAmodel_2/datasets/data_splits_original/train/122_73.jpg,/root/autodl-tmp/UWAmodel_2/datasets/data_splits_depth/train/122_73.jpg,/root/autodl-tmp/UWAmodel_2/datasets/data_splits_sds_train/sparse_122_73.npy,1175
/root/autodl-tmp/UWAmodel_2/datasets/data_splits_original/train/123_29.jpg,/root/autodl-tmp/UWAmodel_2/datasets/data_splits_depth/train/123_29.jpg,/root/autodl-tmp/UWAmodel_2/datasets/data_splits_sds_train/sparse_123_29.npy,1175
/root/autodl-tmp/UWAmodel_2/datasets/data_splits_original/train/123_35.jpg,/root/autodl-tmp/UWAmodel_2/datasets/data_splits_depth/train/123_35.jpg,/root/autodl-tmp/UWAmodel_2/datasets/data_splits_sds_train/sparse_123_35.npy,1175
/root/autodl-tmp/UWAmodel_2/datasets/data_splits_original/train/123_80.jpg,/root/autodl-tmp/UWAmodel_2/datasets/data_splits_depth/train/123_80.jpg,/root/autodl-tmp/UWAmodel_2/datasets/data_splits_sds_train/sparse_123_80.npy,1175
/root/autodl-tmp/UWAmodel_2/datasets/data_splits_original/train/123_118.jpg,/root/autodl-tmp/UWAmodel_2/datasets/data_splits_depth/train/123_118.jpg,/root/autodl-tmp/UWAmodel_2/datasets/data_splits_sds_train/sparse_123_118.npy,1175
/root/autodl-tmp/UWAmodel_2/datasets/data_splits_original/train/123_119.jpg,/root/autodl-tmp/UWAmodel_2/datasets/data_splits_depth/train/123_119.jpg,/root/autodl-tmp/UWAmodel_2/datasets/data_splits_sds_train/sparse_123_119.npy,1175
/root/autodl-tmp/UWAmodel_2/datasets/data_splits_original/train/124_5.jpg,/root/autodl-tmp/UWAmodel_2/datasets/data_splits_depth/train/124_5.jpg,/root/autodl-tmp/UWAmodel_2/datasets/data_splits_sds_train/sparse_124_5.npy,1175
/root/autodl-tmp/UWAmodel_2/datasets/data_splits_original/train/124_21.jpg,/root/autodl-tmp/UWAmodel_2/datasets/data_splits_depth/train/124_21.jpg,/root/autodl-tmp/UWAmodel_2/datasets/data_splits_sds_train/sparse_124_21.npy,1175
/root/autodl-tmp/UWAmodel_2/datasets/data_splits_original/train/124_40.jpg,/root/autodl-tmp/UWAmodel_2/datasets/data_splits_depth/train/124_40.jpg,/root/autodl-tmp/UWAmodel_2/datasets/data_splits_sds_train/sparse_124_40.npy,1175
/root/autodl-tmp/UWAmodel_2/datasets/data_splits_original/train/124_45.jpg,/root/autodl-tmp/UWAmodel_2/datasets/data_splits_depth/train/124_45.jpg,/root/autodl-tmp/UWAmodel_2/datasets/data_splits_sds_train/sparse_124_45.npy,1175
/root/autodl-tmp/UWAmodel_2/datasets/data_splits_original/train/124_67.jpg,/root/autodl-tmp/UWAmodel_2/datasets/data_splits_depth/train/124_67.jpg,/root/autodl-tmp/UWAmodel_2/datasets/data_splits_sds_train/sparse_124_67.npy,1175
/root/autodl-tmp/UWAmodel_2/datasets/data_splits_original/train/125_30.jpg,/root/autodl-tmp/UWAmodel_2/datasets/data_splits_depth/train/125_30.jpg,/root/autodl-tmp/UWAmodel_2/datasets/data_splits_sds_train/sparse_125_30.npy,1175
/root/autodl-tmp/UWAmodel_2/datasets/data_splits_original/train/125_48.jpg,/root/autodl-tmp/UWAmodel_2/datasets/data_splits_depth/train/125_48.jpg,/root/autodl-tmp/UWAmodel_2/datasets/data_splits_sds_train/sparse_125_48.npy,1175
/root/autodl-tmp/UWAmodel_2/datasets/data_splits_original/train/125_60.jpg,/root/autodl-tmp/UWAmodel_2/datasets/data_splits_depth/train/125_60.jpg,/root/autodl-tmp/UWAmodel_2/datasets/data_splits_sds_train/sparse_125_60.npy,1175
/root/autodl-tmp/UWAmodel_2/datasets/data_splits_original/train/125_70.jpg,/root/autodl-tmp/UWAmodel_2/datasets/data_splits_depth/train/125_70.jpg,/root/autodl-tmp/UWAmodel_2/datasets/data_splits_sds_train/sparse_125_70.npy,1175
/root/autodl-tmp/UWAmodel_2/datasets/data_splits_original/train/125_100.jpg,/root/autodl-tmp/UWAmodel_2/datasets/data_splits_depth/train/125_100.jpg,/root/autodl-tmp/UWAmodel_2/datasets/data_splits_sds_train/sparse_125_100.npy,1175
/root/autodl-tmp/UWAmodel_2/datasets/data_splits_original/train/126_26.jpg,/root/autodl-tmp/UWAmodel_2/datasets/data_splits_depth/train/126_26.jpg,/root/autodl-tmp/UWAmodel_2/datasets/data_splits_sds_train/sparse_126_26.npy,1175
/root/autodl-tmp/UWAmodel_2/datasets/data_splits_original/train/126_76.jpg,/root/autodl-tmp/UWAmodel_2/datasets/data_splits_depth/train/126_76.jpg,/root/autodl-tmp/UWAmodel_2/datasets/data_splits_sds_train/sparse_126_76.npy,1175
/root/autodl-tmp/UWAmodel_2/datasets/data_splits_original/train/126_93.jpg,/root/autodl-tmp/UWAmodel_2/datasets/data_splits_depth/train/126_93.jpg,/root/autodl-tmp/UWAmodel_2/datasets/data_splits_sds_train/sparse_126_93.npy,1175
/root/autodl-tmp/UWAmodel_2/datasets/data_splits_original/train/126_96.jpg,/root/autodl-tmp/UWAmodel_2/datasets/data_splits_depth/train/126_96.jpg,/root/autodl-tmp/UWAmodel_2/datasets/data_splits_sds_train/sparse_126_96.npy,1175
/root/autodl-tmp/UWAmodel_2/datasets/data_splits_original/train/126_120.jpg,/root/autodl-tmp/UWAmodel_2/datasets/data_splits_depth/train/126_120.jpg,/root/autodl-tmp/UWAmodel_2/datasets/data_splits_sds_train/sparse_126_120.npy,1175
/root/autodl-tmp/UWAmodel_2/datasets/data_splits_original/train/127_22.jpg,/root/autodl-tmp/UWAmodel_2/datasets/data_splits_depth/train/127_22.jpg,/root/autodl-tmp/UWAmodel_2/datasets/data_splits_sds_train/sparse_127_22.npy,1175
/root/autodl-tmp/UWAmodel_2/datasets/data_splits_original/train/127_34.jpg,/root/autodl-tmp/UWAmodel_2/datasets/data_splits_depth/train/127_34.jpg,/root/autodl-tmp/UWAmodel_2/datasets/data_splits_sds_train/sparse_127_34.npy,1175
/root/autodl-tmp/UWAmodel_2/datasets/data_splits_original/train/127_60.jpg,/root/autodl-tmp/UWAmodel_2/datasets/data_splits_depth/train/127_60.jpg,/root/autodl-tmp/UWAmodel_2/datasets/data_splits_sds_train/sparse_127_60.npy,1175
/root/autodl-tmp/UWAmodel_2/datasets/data_splits_original/train/127_79.jpg,/root/autodl-tmp/UWAmodel_2/datasets/data_splits_depth/train/127_79.jpg,/root/autodl-tmp/UWAmodel_2/datasets/data_splits_sds_train/sparse_127_79.npy,1175
/root/autodl-tmp/UWAmodel_2/datasets/data_splits_original/train/127_95.jpg,/root/autodl-tmp/UWAmodel_2/datasets/data_splits_depth/train/127_95.jpg,/root/autodl-tmp/UWAmodel_2/datasets/data_splits_sds_train/sparse_127_95.npy,1175
/root/autodl-tmp/UWAmodel_2/datasets/data_splits_original/train/128_12.jpg,/root/autodl-tmp/UWAmodel_2/datasets/data_splits_depth/train/128_12.jpg,/root/autodl-tmp/UWAmodel_2/datasets/data_splits_sds_train/sparse_128_12.npy,1175
/root/autodl-tmp/UWAmodel_2/datasets/data_splits_original/train/128_19.jpg,/root/autodl-tmp/UWAmodel_2/datasets/data_splits_depth/train/128_19.jpg,/root/autodl-tmp/UWAmodel_2/datasets/data_splits_sds_train/sparse_128_19.npy,1175
/root/autodl-tmp/UWAmodel_2/datasets/data_splits_original/train/128_30.jpg,/root/autodl-tmp/UWAmodel_2/datasets/data_splits_depth/train/128_30.jpg,/root/autodl-tmp/UWAmodel_2/datasets/data_splits_sds_train/sparse_128_30.npy,1175
/root/autodl-tmp/UWAmodel_2/datasets/data_splits_original/train/128_36.jpg,/root/autodl-tmp/UWAmodel_2/datasets/data_splits_depth/train/128_36.jpg,/root/autodl-tmp/UWAmodel_2/datasets/data_splits_sds_train/sparse_128_36.npy,1175
/root/autodl-tmp/UWAmodel_2/datasets/data_splits_original/train/128_41.jpg,/root/autodl-tmp/UWAmodel_2/datasets/data_splits_depth/train/128_41.jpg,/root/autodl-tmp/UWAmodel_2/datasets/data_splits_sds_train/sparse_128_41.npy,1175
/root/autodl-tmp/UWAmodel_2/datasets/data_splits_original/train/130_22.jpg,/root/autodl-tmp/UWAmodel_2/datasets/data_splits_depth/train/130_22.jpg,/root/autodl-tmp/UWAmodel_2/datasets/data_splits_sds_train/sparse_130_22.npy,1175
/root/autodl-tmp/UWAmodel_2/datasets/data_splits_original/train/130_25.jpg,/root/autodl-tmp/UWAmodel_2/datasets/data_splits_depth/train/130_25.jpg,/root/autodl-tmp/UWAmodel_2/datasets/data_splits_sds_train/sparse_130_25.npy,1175
/root/autodl-tmp/UWAmodel_2/datasets/data_splits_original/train/130_38.jpg,/root/autodl-tmp/UWAmodel_2/datasets/data_splits_depth/train/130_38.jpg,/root/autodl-tmp/UWAmodel_2/datasets/data_splits_sds_train/sparse_130_38.npy,1175
/root/autodl-tmp/UWAmodel_2/datasets/data_splits_original/train/130_56.jpg,/root/autodl-tmp/UWAmodel_2/datasets/data_splits_depth/train/130_56.jpg,/root/autodl-tmp/UWAmodel_2/datasets/data_splits_sds_train/sparse_130_56.npy,1175
/root/autodl-tmp/UWAmodel_2/datasets/data_splits_original/train/130_104.jpg,/root/autodl-tmp/UWAmodel_2/datasets/data_splits_depth/train/130_104.jpg,/root/autodl-tmp/UWAmodel_2/datasets/data_splits_sds_train/sparse_130_104.npy,1175
/root/autodl-tmp/UWAmodel_2/datasets/data_splits_original/train/132_10.jpg,/root/autodl-tmp/UWAmodel_2/datasets/data_splits_depth/train/132_10.jpg,/root/autodl-tmp/UWAmodel_2/datasets/data_splits_sds_train/sparse_132_10.npy,1175
/root/autodl-tmp/UWAmodel_2/datasets/data_splits_original/train/132_17.jpg,/root/autodl-tmp/UWAmodel_2/datasets/data_splits_depth/train/132_17.jpg,/root/autodl-tmp/UWAmodel_2/datasets/data_splits_sds_train/sparse_132_17.npy,1175
/root/autodl-tmp/UWAmodel_2/datasets/data_splits_original/train/132_33.jpg,/root/autodl-tmp/UWAmodel_2/datasets/data_splits_depth/train/132_33.jpg,/root/autodl-tmp/UWAmodel_2/datasets/data_splits_sds_train/sparse_132_33.npy,1175
/root/autodl-tmp/UWAmodel_2/datasets/data_splits_original/train/132_66.jpg,/root/autodl-tmp/UWAmodel_2/datasets/data_splits_depth/train/132_66.jpg,/root/autodl-tmp/UWAmodel_2/datasets/data_splits_sds_train/sparse_132_66.npy,1175
/root/autodl-tmp/UWAmodel_2/datasets/data_splits_original/train/132_109.jpg,/root/autodl-tmp/UWAmodel_2/datasets/data_splits_depth/train/132_109.jpg,/root/autodl-tmp/UWAmodel_2/datasets/data_splits_sds_train/sparse_132_109.npy,1175
/root/autodl-tmp/UWAmodel_2/datasets/data_splits_original/train/133_9.jpg,/root/autodl-tmp/UWAmodel_2/datasets/data_splits_depth/train/133_9.jpg,/root/autodl-tmp/UWAmodel_2/datasets/data_splits_sds_train/sparse_133_9.npy,1175
/root/autodl-tmp/UWAmodel_2/datasets/data_splits_original/train/133_31.jpg,/root/autodl-tmp/UWAmodel_2/datasets/data_splits_depth/train/133_31.jpg,/root/autodl-tmp/UWAmodel_2/datasets/data_splits_sds_train/sparse_133_31.npy,1175
/root/autodl-tmp/UWAmodel_2/datasets/data_splits_original/train/133_50.jpg,/root/autodl-tmp/UWAmodel_2/datasets/data_splits_depth/train/133_50.jpg,/root/autodl-tmp/UWAmodel_2/datasets/data_splits_sds_train/sparse_133_50.npy,1175
/root/autodl-tmp/UWAmodel_2/datasets/data_splits_original/train/133_51.jpg,/root/autodl-tmp/UWAmodel_2/datasets/data_splits_depth/train/133_51.jpg,/root/autodl-tmp/UWAmodel_2/datasets/data_splits_sds_train/sparse_133_51.npy,1175
/root/autodl-tmp/UWAmodel_2/datasets/data_splits_original/train/133_67.jpg,/root/autodl-tmp/UWAmodel_2/datasets/data_splits_depth/train/133_67.jpg,/root/autodl-tmp/UWAmodel_2/datasets/data_splits_sds_train/sparse_133_67.npy,1175
/root/autodl-tmp/UWAmodel_2/datasets/data_splits_original/train/134_49.jpg,/root/autodl-tmp/UWAmodel_2/datasets/data_splits_depth/train/134_49.jpg,/root/autodl-tmp/UWAmodel_2/datasets/data_splits_sds_train/sparse_134_49.npy,1175
/root/autodl-tmp/UWAmodel_2/datasets/data_splits_original/train/134_59.jpg,/root/autodl-tmp/UWAmodel_2/datasets/data_splits_depth/train/134_59.jpg,/root/autodl-tmp/UWAmodel_2/datasets/data_splits_sds_train/sparse_134_59.npy,1175
/root/autodl-tmp/UWAmodel_2/datasets/data_splits_original/train/134_67.jpg,/root/autodl-tmp/UWAmodel_2/datasets/data_splits_depth/train/134_67.jpg,/root/autodl-tmp/UWAmodel_2/datasets/data_splits_sds_train/sparse_134_67.npy,1175
/root/autodl-tmp/UWAmodel_2/datasets/data_splits_original/train/134_72.jpg,/root/autodl-tmp/UWAmodel_2/datasets/data_splits_depth/train/134_72.jpg,/root/autodl-tmp/UWAmodel_2/datasets/data_splits_sds_train/sparse_134_72.npy,1175
/root/autodl-tmp/UWAmodel_2/datasets/data_splits_original/train/134_105.jpg,/root/autodl-tmp/UWAmodel_2/datasets/data_splits_depth/train/134_105.jpg,/root/autodl-tmp/UWAmodel_2/datasets/data_splits_sds_train/sparse_134_105.npy,1175
/root/autodl-tmp/UWAmodel_2/datasets/data_splits_original/train/135_4.jpg,/root/autodl-tmp/UWAmodel_2/datasets/data_splits_depth/train/135_4.jpg,/root/autodl-tmp/UWAmodel_2/datasets/data_splits_sds_train/sparse_135_4.npy,1175
/root/autodl-tmp/UWAmodel_2/datasets/data_splits_original/train/135_20.jpg,/root/autodl-tmp/UWAmodel_2/datasets/data_splits_depth/train/135_20.jpg,/root/autodl-tmp/UWAmodel_2/datasets/data_splits_sds_train/sparse_135_20.npy,1175
/root/autodl-tmp/UWAmodel_2/datasets/data_splits_original/train/135_22.jpg,/root/autodl-tmp/UWAmodel_2/datasets/data_splits_depth/train/135_22.jpg,/root/autodl-tmp/UWAmodel_2/datasets/data_splits_sds_train/sparse_135_22.npy,1175
/root/autodl-tmp/UWAmodel_2/datasets/data_splits_original/train/135_25.jpg,/root/autodl-tmp/UWAmodel_2/datasets/data_splits_depth/train/135_25.jpg,/root/autodl-tmp/UWAmodel_2/datasets/data_splits_sds_train/sparse_135_25.npy,1175
/root/autodl-tmp/UWAmodel_2/datasets/data_splits_original/train/135_26.jpg,/root/autodl-tmp/UWAmodel_2/datasets/data_splits_depth/train/135_26.jpg,/root/autodl-tmp/UWAmodel_2/datasets/data_splits_sds_train/sparse_135_26.npy,1175
/root/autodl-tmp/UWAmodel_2/datasets/data_splits_original/train/136_7.jpg,/root/autodl-tmp/UWAmodel_2/datasets/data_splits_depth/train/136_7.jpg,/root/autodl-tmp/UWAmodel_2/datasets/data_splits_sds_train/sparse_136_7.npy,1175
/root/autodl-tmp/UWAmodel_2/datasets/data_splits_original/train/136_9.jpg,/root/autodl-tmp/UWAmodel_2/datasets/data_splits_depth/train/136_9.jpg,/root/autodl-tmp/UWAmodel_2/datasets/data_splits_sds_train/sparse_136_9.npy,1175
/root/autodl-tmp/UWAmodel_2/datasets/data_splits_original/train/136_46.jpg,/root/autodl-tmp/UWAmodel_2/datasets/data_splits_depth/train/136_46.jpg,/root/autodl-tmp/UWAmodel_2/datasets/data_splits_sds_train/sparse_136_46.npy,1175
/root/autodl-tmp/UWAmodel_2/datasets/data_splits_original/train/136_105.jpg,/root/autodl-tmp/UWAmodel_2/datasets/data_splits_depth/train/136_105.jpg,/root/autodl-tmp/UWAmodel_2/datasets/data_splits_sds_train/sparse_136_105.npy,1175
/root/autodl-tmp/UWAmodel_2/datasets/data_splits_original/train/136_119.jpg,/root/autodl-tmp/UWAmodel_2/datasets/data_splits_depth/train/136_119.jpg,/root/autodl-tmp/UWAmodel_2/datasets/data_splits_sds_train/sparse_136_119.npy,1175
/root/autodl-tmp/UWAmodel_2/datasets/data_splits_original/train/137_19.jpg,/root/autodl-tmp/UWAmodel_2/datasets/data_splits_depth/train/137_19.jpg,/root/autodl-tmp/UWAmodel_2/datasets/data_splits_sds_train/sparse_137_19.npy,1175
/root/autodl-tmp/UWAmodel_2/datasets/data_splits_original/train/137_97.jpg,/root/autodl-tmp/UWAmodel_2/datasets/data_splits_depth/train/137_97.jpg,/root/autodl-tmp/UWAmodel_2/datasets/data_splits_sds_train/sparse_137_97.npy,1175
/root/autodl-tmp/UWAmodel_2/datasets/data_splits_original/train/137_103.jpg,/root/autodl-tmp/UWAmodel_2/datasets/data_splits_depth/train/137_103.jpg,/root/autodl-tmp/UWAmodel_2/datasets/data_splits_sds_train/sparse_137_103.npy,1175
/root/autodl-tmp/UWAmodel_2/datasets/data_splits_original/train/137_114.jpg,/root/autodl-tmp/UWAmodel_2/datasets/data_splits_depth/train/137_114.jpg,/root/autodl-tmp/UWAmodel_2/datasets/data_splits_sds_train/sparse_137_114.npy,1175
/root/autodl-tmp/UWAmodel_2/datasets/data_splits_original/train/137_118.jpg,/root/autodl-tmp/UWAmodel_2/datasets/data_splits_depth/train/137_118.jpg,/root/autodl-tmp/UWAmodel_2/datasets/data_splits_sds_train/sparse_137_118.npy,1175
/root/autodl-tmp/UWAmodel_2/datasets/data_splits_original/train/138_7.jpg,/root/autodl-tmp/UWAmodel_2/datasets/data_splits_depth/train/138_7.jpg,/root/autodl-tmp/UWAmodel_2/datasets/data_splits_sds_train/sparse_138_7.npy,1175
/root/autodl-tmp/UWAmodel_2/datasets/data_splits_original/train/138_35.jpg,/root/autodl-tmp/UWAmodel_2/datasets/data_splits_depth/train/138_35.jpg,/root/autodl-tmp/UWAmodel_2/datasets/data_splits_sds_train/sparse_138_35.npy,1175
/root/autodl-tmp/UWAmodel_2/datasets/data_splits_original/train/138_82.jpg,/root/autodl-tmp/UWAmodel_2/datasets/data_splits_depth/train/138_82.jpg,/root/autodl-tmp/UWAmodel_2/datasets/data_splits_sds_train/sparse_138_82.npy,1175
/root/autodl-tmp/UWAmodel_2/datasets/data_splits_original/train/138_95.jpg,/root/autodl-tmp/UWAmodel_2/datasets/data_splits_depth/train/138_95.jpg,/root/autodl-tmp/UWAmodel_2/datasets/data_splits_sds_train/sparse_138_95.npy,1175
/root/autodl-tmp/UWAmodel_2/datasets/data_splits_original/train/138_103.jpg,/root/autodl-tmp/UWAmodel_2/datasets/data_splits_depth/train/138_103.jpg,/root/autodl-tmp/UWAmodel_2/datasets/data_splits_sds_train/sparse_138_103.npy,1175
/root/autodl-tmp/UWAmodel_2/datasets/data_splits_original/train/139_27.jpg,/root/autodl-tmp/UWAmodel_2/datasets/data_splits_depth/train/139_27.jpg,/root/autodl-tmp/UWAmodel_2/datasets/data_splits_sds_train/sparse_139_27.npy,1175
/root/autodl-tmp/UWAmodel_2/datasets/data_splits_original/train/139_76.jpg,/root/autodl-tmp/UWAmodel_2/datasets/data_splits_depth/train/139_76.jpg,/root/autodl-tmp/UWAmodel_2/datasets/data_splits_sds_train/sparse_139_76.npy,1175
/root/autodl-tmp/UWAmodel_2/datasets/data_splits_original/train/139_77.jpg,/root/autodl-tmp/UWAmodel_2/datasets/data_splits_depth/train/139_77.jpg,/root/autodl-tmp/UWAmodel_2/datasets/data_splits_sds_train/sparse_139_77.npy,1175
/root/autodl-tmp/UWAmodel_2/datasets/data_splits_original/train/139_103.jpg,/root/autodl-tmp/UWAmodel_2/datasets/data_splits_depth/train/139_103.jpg,/root/autodl-tmp/UWAmodel_2/datasets/data_splits_sds_train/sparse_139_103.npy,1175
/root/autodl-tmp/UWAmodel_2/datasets/data_splits_original/train/139_113.jpg,/root/autodl-tmp/UWAmodel_2/datasets/data_splits_depth/train/139_113.jpg,/root/autodl-tmp/UWAmodel_2/datasets/data_splits_sds_train/sparse_139_113.npy,1175
/root/autodl-tmp/UWAmodel_2/datasets/data_splits_original/train/141_5.jpg,/root/autodl-tmp/UWAmodel_2/datasets/data_splits_depth/train/141_5.jpg,/root/autodl-tmp/UWAmodel_2/datasets/data_splits_sds_train/sparse_141_5.npy,1175
/root/autodl-tmp/UWAmodel_2/datasets/data_splits_original/train/141_30.jpg,/root/autodl-tmp/UWAmodel_2/datasets/data_splits_depth/train/141_30.jpg,/root/autodl-tmp/UWAmodel_2/datasets/data_splits_sds_train/sparse_141_30.npy,1175
/root/autodl-tmp/UWAmodel_2/datasets/data_splits_original/train/141_38.jpg,/root/autodl-tmp/UWAmodel_2/datasets/data_splits_depth/train/141_38.jpg,/root/autodl-tmp/UWAmodel_2/datasets/data_splits_sds_train/sparse_141_38.npy,1175
/root/autodl-tmp/UWAmodel_2/datasets/data_splits_original/train/141_88.jpg,/root/autodl-tmp/UWAmodel_2/datasets/data_splits_depth/train/141_88.jpg,/root/autodl-tmp/UWAmodel_2/datasets/data_splits_sds_train/sparse_141_88.npy,1175
/root/autodl-tmp/UWAmodel_2/datasets/data_splits_original/train/141_90.jpg,/root/autodl-tmp/UWAmodel_2/datasets/data_splits_depth/train/141_90.jpg,/root/autodl-tmp/UWAmodel_2/datasets/data_splits_sds_train/sparse_141_90.npy,1175
/root/autodl-tmp/UWAmodel_2/datasets/data_splits_original/train/143_26.jpg,/root/autodl-tmp/UWAmodel_2/datasets/data_splits_depth/train/143_26.jpg,/root/autodl-tmp/UWAmodel_2/datasets/data_splits_sds_train/sparse_143_26.npy,1175
/root/autodl-tmp/UWAmodel_2/datasets/data_splits_original/train/143_36.jpg,/root/autodl-tmp/UWAmodel_2/datasets/data_splits_depth/train/143_36.jpg,/root/autodl-tmp/UWAmodel_2/datasets/data_splits_sds_train/sparse_143_36.npy,1175
/root/autodl-tmp/UWAmodel_2/datasets/data_splits_original/train/143_39.jpg,/root/autodl-tmp/UWAmodel_2/datasets/data_splits_depth/train/143_39.jpg,/root/autodl-tmp/UWAmodel_2/datasets/data_splits_sds_train/sparse_143_39.npy,1175
/root/autodl-tmp/UWAmodel_2/datasets/data_splits_original/train/143_47.jpg,/root/autodl-tmp/UWAmodel_2/datasets/data_splits_depth/train/143_47.jpg,/root/autodl-tmp/UWAmodel_2/datasets/data_splits_sds_train/sparse_143_47.npy,1175
/root/autodl-tmp/UWAmodel_2/datasets/data_splits_original/train/143_58.jpg,/root/autodl-tmp/UWAmodel_2/datasets/data_splits_depth/train/143_58.jpg,/root/autodl-tmp/UWAmodel_2/datasets/data_splits_sds_train/sparse_143_58.npy,1175
/root/autodl-tmp/UWAmodel_2/datasets/data_splits_original/train/144_7.jpg,/root/autodl-tmp/UWAmodel_2/datasets/data_splits_depth/train/144_7.jpg,/root/autodl-tmp/UWAmodel_2/datasets/data_splits_sds_train/sparse_144_7.npy,1175
/root/autodl-tmp/UWAmodel_2/datasets/data_splits_original/train/144_8.jpg,/root/autodl-tmp/UWAmodel_2/datasets/data_splits_depth/train/144_8.jpg,/root/autodl-tmp/UWAmodel_2/datasets/data_splits_sds_train/sparse_144_8.npy,1175
/root/autodl-tmp/UWAmodel_2/datasets/data_splits_original/train/144_30.jpg,/root/autodl-tmp/UWAmodel_2/datasets/data_splits_depth/train/144_30.jpg,/root/autodl-tmp/UWAmodel_2/datasets/data_splits_sds_train/sparse_144_30.npy,1175
/root/autodl-tmp/UWAmodel_2/datasets/data_splits_original/train/144_31.jpg,/root/autodl-tmp/UWAmodel_2/datasets/data_splits_depth/train/144_31.jpg,/root/autodl-tmp/UWAmodel_2/datasets/data_splits_sds_train/sparse_144_31.npy,1175
/root/autodl-tmp/UWAmodel_2/datasets/data_splits_original/train/144_47.jpg,/root/autodl-tmp/UWAmodel_2/datasets/data_splits_depth/train/144_47.jpg,/root/autodl-tmp/UWAmodel_2/datasets/data_splits_sds_train/sparse_144_47.npy,1175
/root/autodl-tmp/UWAmodel_2/datasets/data_splits_original/train/145_5.jpg,/root/autodl-tmp/UWAmodel_2/datasets/data_splits_depth/train/145_5.jpg,/root/autodl-tmp/UWAmodel_2/datasets/data_splits_sds_train/sparse_145_5.npy,1175
/root/autodl-tmp/UWAmodel_2/datasets/data_splits_original/train/145_30.jpg,/root/autodl-tmp/UWAmodel_2/datasets/data_splits_depth/train/145_30.jpg,/root/autodl-tmp/UWAmodel_2/datasets/data_splits_sds_train/sparse_145_30.npy,1175
/root/autodl-tmp/UWAmodel_2/datasets/data_splits_original/train/145_59.jpg,/root/autodl-tmp/UWAmodel_2/datasets/data_splits_depth/train/145_59.jpg,/root/autodl-tmp/UWAmodel_2/datasets/data_splits_sds_train/sparse_145_59.npy,1175
/root/autodl-tmp/UWAmodel_2/datasets/data_splits_original/train/145_66.jpg,/root/autodl-tmp/UWAmodel_2/datasets/data_splits_depth/train/145_66.jpg,/root/autodl-tmp/UWAmodel_2/datasets/data_splits_sds_train/sparse_145_66.npy,1175
/root/autodl-tmp/UWAmodel_2/datasets/data_splits_original/train/145_82.jpg,/root/autodl-tmp/UWAmodel_2/datasets/data_splits_depth/train/145_82.jpg,/root/autodl-tmp/UWAmodel_2/datasets/data_splits_sds_train/sparse_145_82.npy,1175
/root/autodl-tmp/UWAmodel_2/datasets/data_splits_original/train/146_10.jpg,/root/autodl-tmp/UWAmodel_2/datasets/data_splits_depth/train/146_10.jpg,/root/autodl-tmp/UWAmodel_2/datasets/data_splits_sds_train/sparse_146_10.npy,1175
/root/autodl-tmp/UWAmodel_2/datasets/data_splits_original/train/146_20.jpg,/root/autodl-tmp/UWAmodel_2/datasets/data_splits_depth/train/146_20.jpg,/root/autodl-tmp/UWAmodel_2/datasets/data_splits_sds_train/sparse_146_20.npy,1175
/root/autodl-tmp/UWAmodel_2/datasets/data_splits_original/train/146_40.jpg,/root/autodl-tmp/UWAmodel_2/datasets/data_splits_depth/train/146_40.jpg,/root/autodl-tmp/UWAmodel_2/datasets/data_splits_sds_train/sparse_146_40.npy,1175
/root/autodl-tmp/UWAmodel_2/datasets/data_splits_original/train/146_43.jpg,/root/autodl-tmp/UWAmodel_2/datasets/data_splits_depth/train/146_43.jpg,/root/autodl-tmp/UWAmodel_2/datasets/data_splits_sds_train/sparse_146_43.npy,1175
/root/autodl-tmp/UWAmodel_2/datasets/data_splits_original/train/146_70.jpg,/root/autodl-tmp/UWAmodel_2/datasets/data_splits_depth/train/146_70.jpg,/root/autodl-tmp/UWAmodel_2/datasets/data_splits_sds_train/sparse_146_70.npy,1175
/root/autodl-tmp/UWAmodel_2/datasets/data_splits_original/train/147_17.jpg,/root/autodl-tmp/UWAmodel_2/datasets/data_splits_depth/train/147_17.jpg,/root/autodl-tmp/UWAmodel_2/datasets/data_splits_sds_train/sparse_147_17.npy,1175
/root/autodl-tmp/UWAmodel_2/datasets/data_splits_original/train/147_23.jpg,/root/autodl-tmp/UWAmodel_2/datasets/data_splits_depth/train/147_23.jpg,/root/autodl-tmp/UWAmodel_2/datasets/data_splits_sds_train/sparse_147_23.npy,1175
/root/autodl-tmp/UWAmodel_2/datasets/data_splits_original/train/147_31.jpg,/root/autodl-tmp/UWAmodel_2/datasets/data_splits_depth/train/147_31.jpg,/root/autodl-tmp/UWAmodel_2/datasets/data_splits_sds_train/sparse_147_31.npy,1175
/root/autodl-tmp/UWAmodel_2/datasets/data_splits_original/train/147_45.jpg,/root/autodl-tmp/UWAmodel_2/datasets/data_splits_depth/train/147_45.jpg,/root/autodl-tmp/UWAmodel_2/datasets/data_splits_sds_train/sparse_147_45.npy,1175
/root/autodl-tmp/UWAmodel_2/datasets/data_splits_original/train/147_52.jpg,/root/autodl-tmp/UWAmodel_2/datasets/data_splits_depth/train/147_52.jpg,/root/autodl-tmp/UWAmodel_2/datasets/data_splits_sds_train/sparse_147_52.npy,1175
/root/autodl-tmp/UWAmodel_2/datasets/data_splits_original/train/148_13.jpg,/root/autodl-tmp/UWAmodel_2/datasets/data_splits_depth/train/148_13.jpg,/root/autodl-tmp/UWAmodel_2/datasets/data_splits_sds_train/sparse_148_13.npy,1175
/root/autodl-tmp/UWAmodel_2/datasets/data_splits_original/train/148_41.jpg,/root/autodl-tmp/UWAmodel_2/datasets/data_splits_depth/train/148_41.jpg,/root/autodl-tmp/UWAmodel_2/datasets/data_splits_sds_train/sparse_148_41.npy,1175
/root/autodl-tmp/UWAmodel_2/datasets/data_splits_original/train/148_101.jpg,/root/autodl-tmp/UWAmodel_2/datasets/data_splits_depth/train/148_101.jpg,/root/autodl-tmp/UWAmodel_2/datasets/data_splits_sds_train/sparse_148_101.npy,1175
/root/autodl-tmp/UWAmodel_2/datasets/data_splits_original/train/148_115.jpg,/root/autodl-tmp/UWAmodel_2/datasets/data_splits_depth/train/148_115.jpg,/root/autodl-tmp/UWAmodel_2/datasets/data_splits_sds_train/sparse_148_115.npy,1175
/root/autodl-tmp/UWAmodel_2/datasets/data_splits_original/train/148_117.jpg,/root/autodl-tmp/UWAmodel_2/datasets/data_splits_depth/train/148_117.jpg,/root/autodl-tmp/UWAmodel_2/datasets/data_splits_sds_train/sparse_148_117.npy,1175
/root/autodl-tmp/UWAmodel_2/datasets/data_splits_original/train/150_14.jpg,/root/autodl-tmp/UWAmodel_2/datasets/data_splits_depth/train/150_14.jpg,/root/autodl-tmp/UWAmodel_2/datasets/data_splits_sds_train/sparse_150_14.npy,1175
/root/autodl-tmp/UWAmodel_2/datasets/data_splits_original/train/150_29.jpg,/root/autodl-tmp/UWAmodel_2/datasets/data_splits_depth/train/150_29.jpg,/root/autodl-tmp/UWAmodel_2/datasets/data_splits_sds_train/sparse_150_29.npy,1175
/root/autodl-tmp/UWAmodel_2/datasets/data_splits_original/train/150_37.jpg,/root/autodl-tmp/UWAmodel_2/datasets/data_splits_depth/train/150_37.jpg,/root/autodl-tmp/UWAmodel_2/datasets/data_splits_sds_train/sparse_150_37.npy,1175
/root/autodl-tmp/UWAmodel_2/datasets/data_splits_original/train/150_63.jpg,/root/autodl-tmp/UWAmodel_2/datasets/data_splits_depth/train/150_63.jpg,/root/autodl-tmp/UWAmodel_2/datasets/data_splits_sds_train/sparse_150_63.npy,1175
/root/autodl-tmp/UWAmodel_2/datasets/data_splits_original/train/150_80.jpg,/root/autodl-tmp/UWAmodel_2/datasets/data_splits_depth/train/150_80.jpg,/root/autodl-tmp/UWAmodel_2/datasets/data_splits_sds_train/sparse_150_80.npy,1175
/root/autodl-tmp/UWAmodel_2/datasets/data_splits_original/train/153_13.jpg,/root/autodl-tmp/UWAmodel_2/datasets/data_splits_depth/train/153_13.jpg,/root/autodl-tmp/UWAmodel_2/datasets/data_splits_sds_train/sparse_153_13.npy,1175
/root/autodl-tmp/UWAmodel_2/datasets/data_splits_original/train/153_18.jpg,/root/autodl-tmp/UWAmodel_2/datasets/data_splits_depth/train/153_18.jpg,/root/autodl-tmp/UWAmodel_2/datasets/data_splits_sds_train/sparse_153_18.npy,1175
/root/autodl-tmp/UWAmodel_2/datasets/data_splits_original/train/153_67.jpg,/root/autodl-tmp/UWAmodel_2/datasets/data_splits_depth/train/153_67.jpg,/root/autodl-tmp/UWAmodel_2/datasets/data_splits_sds_train/sparse_153_67.npy,1175
/root/autodl-tmp/UWAmodel_2/datasets/data_splits_original/train/153_80.jpg,/root/autodl-tmp/UWAmodel_2/datasets/data_splits_depth/train/153_80.jpg,/root/autodl-tmp/UWAmodel_2/datasets/data_splits_sds_train/sparse_153_80.npy,1175
/root/autodl-tmp/UWAmodel_2/datasets/data_splits_original/train/153_87.jpg,/root/autodl-tmp/UWAmodel_2/datasets/data_splits_depth/train/153_87.jpg,/root/autodl-tmp/UWAmodel_2/datasets/data_splits_sds_train/sparse_153_87.npy,1175
/root/autodl-tmp/UWAmodel_2/datasets/data_splits_original/train/154_23.jpg,/root/autodl-tmp/UWAmodel_2/datasets/data_splits_depth/train/154_23.jpg,/root/autodl-tmp/UWAmodel_2/datasets/data_splits_sds_train/sparse_154_23.npy,1175
/root/autodl-tmp/UWAmodel_2/datasets/data_splits_original/train/154_26.jpg,/root/autodl-tmp/UWAmodel_2/datasets/data_splits_depth/train/154_26.jpg,/root/autodl-tmp/UWAmodel_2/datasets/data_splits_sds_train/sparse_154_26.npy,1175
/root/autodl-tmp/UWAmodel_2/datasets/data_splits_original/train/154_43.jpg,/root/autodl-tmp/UWAmodel_2/datasets/data_splits_depth/train/154_43.jpg,/root/autodl-tmp/UWAmodel_2/datasets/data_splits_sds_train/sparse_154_43.npy,1175
/root/autodl-tmp/UWAmodel_2/datasets/data_splits_original/train/154_99.jpg,/root/autodl-tmp/UWAmodel_2/datasets/data_splits_depth/train/154_99.jpg,/root/autodl-tmp/UWAmodel_2/datasets/data_splits_sds_train/sparse_154_99.npy,1175
/root/autodl-tmp/UWAmodel_2/datasets/data_splits_original/train/154_113.jpg,/root/autodl-tmp/UWAmodel_2/datasets/data_splits_depth/train/154_113.jpg,/root/autodl-tmp/UWAmodel_2/datasets/data_splits_sds_train/sparse_154_113.npy,1175
/root/autodl-tmp/UWAmodel_2/datasets/data_splits_original/train/155_40.jpg,/root/autodl-tmp/UWAmodel_2/datasets/data_splits_depth/train/155_40.jpg,/root/autodl-tmp/UWAmodel_2/datasets/data_splits_sds_train/sparse_155_40.npy,1175
/root/autodl-tmp/UWAmodel_2/datasets/data_splits_original/train/155_85.jpg,/root/autodl-tmp/UWAmodel_2/datasets/data_splits_depth/train/155_85.jpg,/root/autodl-tmp/UWAmodel_2/datasets/data_splits_sds_train/sparse_155_85.npy,1175
/root/autodl-tmp/UWAmodel_2/datasets/data_splits_original/train/155_98.jpg,/root/autodl-tmp/UWAmodel_2/datasets/data_splits_depth/train/155_98.jpg,/root/autodl-tmp/UWAmodel_2/datasets/data_splits_sds_train/sparse_155_98.npy,1175
/root/autodl-tmp/UWAmodel_2/datasets/data_splits_original/train/155_113.jpg,/root/autodl-tmp/UWAmodel_2/datasets/data_splits_depth/train/155_113.jpg,/root/autodl-tmp/UWAmodel_2/datasets/data_splits_sds_train/sparse_155_113.npy,1175
/root/autodl-tmp/UWAmodel_2/datasets/data_splits_original/train/155_115.jpg,/root/autodl-tmp/UWAmodel_2/datasets/data_splits_depth/train/155_115.jpg,/root/autodl-tmp/UWAmodel_2/datasets/data_splits_sds_train/sparse_155_115.npy,1175
/root/autodl-tmp/UWAmodel_2/datasets/data_splits_original/train/156_7.jpg,/root/autodl-tmp/UWAmodel_2/datasets/data_splits_depth/train/156_7.jpg,/root/autodl-tmp/UWAmodel_2/datasets/data_splits_sds_train/sparse_156_7.npy,1175
/root/autodl-tmp/UWAmodel_2/datasets/data_splits_original/train/156_33.jpg,/root/autodl-tmp/UWAmodel_2/datasets/data_splits_depth/train/156_33.jpg,/root/autodl-tmp/UWAmodel_2/datasets/data_splits_sds_train/sparse_156_33.npy,1175
/root/autodl-tmp/UWAmodel_2/datasets/data_splits_original/train/156_50.jpg,/root/autodl-tmp/UWAmodel_2/datasets/data_splits_depth/train/156_50.jpg,/root/autodl-tmp/UWAmodel_2/datasets/data_splits_sds_train/sparse_156_50.npy,1175
/root/autodl-tmp/UWAmodel_2/datasets/data_splits_original/train/156_90.jpg,/root/autodl-tmp/UWAmodel_2/datasets/data_splits_depth/train/156_90.jpg,/root/autodl-tmp/UWAmodel_2/datasets/data_splits_sds_train/sparse_156_90.npy,1175
/root/autodl-tmp/UWAmodel_2/datasets/data_splits_original/train/156_94.jpg,/root/autodl-tmp/UWAmodel_2/datasets/data_splits_depth/train/156_94.jpg,/root/autodl-tmp/UWAmodel_2/datasets/data_splits_sds_train/sparse_156_94.npy,1175
/root/autodl-tmp/UWAmodel_2/datasets/data_splits_original/train/157_14.jpg,/root/autodl-tmp/UWAmodel_2/datasets/data_splits_depth/train/157_14.jpg,/root/autodl-tmp/UWAmodel_2/datasets/data_splits_sds_train/sparse_157_14.npy,1175
/root/autodl-tmp/UWAmodel_2/datasets/data_splits_original/train/157_26.jpg,/root/autodl-tmp/UWAmodel_2/datasets/data_splits_depth/train/157_26.jpg,/root/autodl-tmp/UWAmodel_2/datasets/data_splits_sds_train/sparse_157_26.npy,1175
/root/autodl-tmp/UWAmodel_2/datasets/data_splits_original/train/157_39.jpg,/root/autodl-tmp/UWAmodel_2/datasets/data_splits_depth/train/157_39.jpg,/root/autodl-tmp/UWAmodel_2/datasets/data_splits_sds_train/sparse_157_39.npy,1175
/root/autodl-tmp/UWAmodel_2/datasets/data_splits_original/train/157_51.jpg,/root/autodl-tmp/UWAmodel_2/datasets/data_splits_depth/train/157_51.jpg,/root/autodl-tmp/UWAmodel_2/datasets/data_splits_sds_train/sparse_157_51.npy,1175
/root/autodl-tmp/UWAmodel_2/datasets/data_splits_original/train/157_115.jpg,/root/autodl-tmp/UWAmodel_2/datasets/data_splits_depth/train/157_115.jpg,/root/autodl-tmp/UWAmodel_2/datasets/data_splits_sds_train/sparse_157_115.npy,1175
/root/autodl-tmp/UWAmodel_2/datasets/data_splits_original/train/158_70.jpg,/root/autodl-tmp/UWAmodel_2/datasets/data_splits_depth/train/158_70.jpg,/root/autodl-tmp/UWAmodel_2/datasets/data_splits_sds_train/sparse_158_70.npy,1175
/root/autodl-tmp/UWAmodel_2/datasets/data_splits_original/train/158_73.jpg,/root/autodl-tmp/UWAmodel_2/datasets/data_splits_depth/train/158_73.jpg,/root/autodl-tmp/UWAmodel_2/datasets/data_splits_sds_train/sparse_158_73.npy,1175
/root/autodl-tmp/UWAmodel_2/datasets/data_splits_original/train/158_87.jpg,/root/autodl-tmp/UWAmodel_2/datasets/data_splits_depth/train/158_87.jpg,/root/autodl-tmp/UWAmodel_2/datasets/data_splits_sds_train/sparse_158_87.npy,1175
/root/autodl-tmp/UWAmodel_2/datasets/data_splits_original/train/158_109.jpg,/root/autodl-tmp/UWAmodel_2/datasets/data_splits_depth/train/158_109.jpg,/root/autodl-tmp/UWAmodel_2/datasets/data_splits_sds_train/sparse_158_109.npy,1175
/root/autodl-tmp/UWAmodel_2/datasets/data_splits_original/train/158_111.jpg,/root/autodl-tmp/UWAmodel_2/datasets/data_splits_depth/train/158_111.jpg,/root/autodl-tmp/UWAmodel_2/datasets/data_splits_sds_train/sparse_158_111.npy,1175
/root/autodl-tmp/UWAmodel_2/datasets/data_splits_original/train/159_43.jpg,/root/autodl-tmp/UWAmodel_2/datasets/data_splits_depth/train/159_43.jpg,/root/autodl-tmp/UWAmodel_2/datasets/data_splits_sds_train/sparse_159_43.npy,1175
/root/autodl-tmp/UWAmodel_2/datasets/data_splits_original/train/159_48.jpg,/root/autodl-tmp/UWAmodel_2/datasets/data_splits_depth/train/159_48.jpg,/root/autodl-tmp/UWAmodel_2/datasets/data_splits_sds_train/sparse_159_48.npy,1175
/root/autodl-tmp/UWAmodel_2/datasets/data_splits_original/train/159_74.jpg,/root/autodl-tmp/UWAmodel_2/datasets/data_splits_depth/train/159_74.jpg,/root/autodl-tmp/UWAmodel_2/datasets/data_splits_sds_train/sparse_159_74.npy,1175
/root/autodl-tmp/UWAmodel_2/datasets/data_splits_original/train/159_88.jpg,/root/autodl-tmp/UWAmodel_2/datasets/data_splits_depth/train/159_88.jpg,/root/autodl-tmp/UWAmodel_2/datasets/data_splits_sds_train/sparse_159_88.npy,1175
/root/autodl-tmp/UWAmodel_2/datasets/data_splits_original/train/159_110.jpg,/root/autodl-tmp/UWAmodel_2/datasets/data_splits_depth/train/159_110.jpg,/root/autodl-tmp/UWAmodel_2/datasets/data_splits_sds_train/sparse_159_110.npy,1175
/root/autodl-tmp/UWAmodel_2/datasets/data_splits_original/train/160_20.jpg,/root/autodl-tmp/UWAmodel_2/datasets/data_splits_depth/train/160_20.jpg,/root/autodl-tmp/UWAmodel_2/datasets/data_splits_sds_train/sparse_160_20.npy,1175
/root/autodl-tmp/UWAmodel_2/datasets/data_splits_original/train/160_21.jpg,/root/autodl-tmp/UWAmodel_2/datasets/data_splits_depth/train/160_21.jpg,/root/autodl-tmp/UWAmodel_2/datasets/data_splits_sds_train/sparse_160_21.npy,1175
/root/autodl-tmp/UWAmodel_2/datasets/data_splits_original/train/160_35.jpg,/root/autodl-tmp/UWAmodel_2/datasets/data_splits_depth/train/160_35.jpg,/root/autodl-tmp/UWAmodel_2/datasets/data_splits_sds_train/sparse_160_35.npy,1175
/root/autodl-tmp/UWAmodel_2/datasets/data_splits_original/train/160_37.jpg,/root/autodl-tmp/UWAmodel_2/datasets/data_splits_depth/train/160_37.jpg,/root/autodl-tmp/UWAmodel_2/datasets/data_splits_sds_train/sparse_160_37.npy,1175
/root/autodl-tmp/UWAmodel_2/datasets/data_splits_original/train/160_62.jpg,/root/autodl-tmp/UWAmodel_2/datasets/data_splits_depth/train/160_62.jpg,/root/autodl-tmp/UWAmodel_2/datasets/data_splits_sds_train/sparse_160_62.npy,1175
/root/autodl-tmp/UWAmodel_2/datasets/data_splits_original/train/161_16.jpg,/root/autodl-tmp/UWAmodel_2/datasets/data_splits_depth/train/161_16.jpg,/root/autodl-tmp/UWAmodel_2/datasets/data_splits_sds_train/sparse_161_16.npy,1175
/root/autodl-tmp/UWAmodel_2/datasets/data_splits_original/train/161_42.jpg,/root/autodl-tmp/UWAmodel_2/datasets/data_splits_depth/train/161_42.jpg,/root/autodl-tmp/UWAmodel_2/datasets/data_splits_sds_train/sparse_161_42.npy,1175
/root/autodl-tmp/UWAmodel_2/datasets/data_splits_original/train/161_63.jpg,/root/autodl-tmp/UWAmodel_2/datasets/data_splits_depth/train/161_63.jpg,/root/autodl-tmp/UWAmodel_2/datasets/data_splits_sds_train/sparse_161_63.npy,1175
/root/autodl-tmp/UWAmodel_2/datasets/data_splits_original/train/161_113.jpg,/root/autodl-tmp/UWAmodel_2/datasets/data_splits_depth/train/161_113.jpg,/root/autodl-tmp/UWAmodel_2/datasets/data_splits_sds_train/sparse_161_113.npy,1175
/root/autodl-tmp/UWAmodel_2/datasets/data_splits_original/train/161_115.jpg,/root/autodl-tmp/UWAmodel_2/datasets/data_splits_depth/train/161_115.jpg,/root/autodl-tmp/UWAmodel_2/datasets/data_splits_sds_train/sparse_161_115.npy,1175
/root/autodl-tmp/UWAmodel_2/datasets/data_splits_original/train/162_37.jpg,/root/autodl-tmp/UWAmodel_2/datasets/data_splits_depth/train/162_37.jpg,/root/autodl-tmp/UWAmodel_2/datasets/data_splits_sds_train/sparse_162_37.npy,1175
/root/autodl-tmp/UWAmodel_2/datasets/data_splits_original/train/162_47.jpg,/root/autodl-tmp/UWAmodel_2/datasets/data_splits_depth/train/162_47.jpg,/root/autodl-tmp/UWAmodel_2/datasets/data_splits_sds_train/sparse_162_47.npy,1175
/root/autodl-tmp/UWAmodel_2/datasets/data_splits_original/train/162_66.jpg,/root/autodl-tmp/UWAmodel_2/datasets/data_splits_depth/train/162_66.jpg,/root/autodl-tmp/UWAmodel_2/datasets/data_splits_sds_train/sparse_162_66.npy,1175
/root/autodl-tmp/UWAmodel_2/datasets/data_splits_original/train/162_108.jpg,/root/autodl-tmp/UWAmodel_2/datasets/data_splits_depth/train/162_108.jpg,/root/autodl-tmp/UWAmodel_2/datasets/data_splits_sds_train/sparse_162_108.npy,1175
/root/autodl-tmp/UWAmodel_2/datasets/data_splits_original/train/162_116.jpg,/root/autodl-tmp/UWAmodel_2/datasets/data_splits_depth/train/162_116.jpg,/root/autodl-tmp/UWAmodel_2/datasets/data_splits_sds_train/sparse_162_116.npy,1175
/root/autodl-tmp/UWAmodel_2/datasets/data_splits_original/train/163_6.jpg,/root/autodl-tmp/UWAmodel_2/datasets/data_splits_depth/train/163_6.jpg,/root/autodl-tmp/UWAmodel_2/datasets/data_splits_sds_train/sparse_163_6.npy,1175
/root/autodl-tmp/UWAmodel_2/datasets/data_splits_original/train/163_29.jpg,/root/autodl-tmp/UWAmodel_2/datasets/data_splits_depth/train/163_29.jpg,/root/autodl-tmp/UWAmodel_2/datasets/data_splits_sds_train/sparse_163_29.npy,1175
/root/autodl-tmp/UWAmodel_2/datasets/data_splits_original/train/163_53.jpg,/root/autodl-tmp/UWAmodel_2/datasets/data_splits_depth/train/163_53.jpg,/root/autodl-tmp/UWAmodel_2/datasets/data_splits_sds_train/sparse_163_53.npy,1175
/root/autodl-tmp/UWAmodel_2/datasets/data_splits_original/train/163_77.jpg,/root/autodl-tmp/UWAmodel_2/datasets/data_splits_depth/train/163_77.jpg,/root/autodl-tmp/UWAmodel_2/datasets/data_splits_sds_train/sparse_163_77.npy,1175
/root/autodl-tmp/UWAmodel_2/datasets/data_splits_original/train/163_86.jpg,/root/autodl-tmp/UWAmodel_2/datasets/data_splits_depth/train/163_86.jpg,/root/autodl-tmp/UWAmodel_2/datasets/data_splits_sds_train/sparse_163_86.npy,1175
/root/autodl-tmp/UWAmodel_2/datasets/data_splits_original/train/164_15.jpg,/root/autodl-tmp/UWAmodel_2/datasets/data_splits_depth/train/164_15.jpg,/root/autodl-tmp/UWAmodel_2/datasets/data_splits_sds_train/sparse_164_15.npy,1175
/root/autodl-tmp/UWAmodel_2/datasets/data_splits_original/train/164_27.jpg,/root/autodl-tmp/UWAmodel_2/datasets/data_splits_depth/train/164_27.jpg,/root/autodl-tmp/UWAmodel_2/datasets/data_splits_sds_train/sparse_164_27.npy,1175
/root/autodl-tmp/UWAmodel_2/datasets/data_splits_original/train/164_60.jpg,/root/autodl-tmp/UWAmodel_2/datasets/data_splits_depth/train/164_60.jpg,/root/autodl-tmp/UWAmodel_2/datasets/data_splits_sds_train/sparse_164_60.npy,1175
/root/autodl-tmp/UWAmodel_2/datasets/data_splits_original/train/164_63.jpg,/root/autodl-tmp/UWAmodel_2/datasets/data_splits_depth/train/164_63.jpg,/root/autodl-tmp/UWAmodel_2/datasets/data_splits_sds_train/sparse_164_63.npy,1175
/root/autodl-tmp/UWAmodel_2/datasets/data_splits_original/train/164_111.jpg,/root/autodl-tmp/UWAmodel_2/datasets/data_splits_depth/train/164_111.jpg,/root/autodl-tmp/UWAmodel_2/datasets/data_splits_sds_train/sparse_164_111.npy,1175
/root/autodl-tmp/UWAmodel_2/datasets/data_splits_original/train/166_32.jpg,/root/autodl-tmp/UWAmodel_2/datasets/data_splits_depth/train/166_32.jpg,/root/autodl-tmp/UWAmodel_2/datasets/data_splits_sds_train/sparse_166_32.npy,1175
/root/autodl-tmp/UWAmodel_2/datasets/data_splits_original/train/166_36.jpg,/root/autodl-tmp/UWAmodel_2/datasets/data_splits_depth/train/166_36.jpg,/root/autodl-tmp/UWAmodel_2/datasets/data_splits_sds_train/sparse_166_36.npy,1175
/root/autodl-tmp/UWAmodel_2/datasets/data_splits_original/train/166_66.jpg,/root/autodl-tmp/UWAmodel_2/datasets/data_splits_depth/train/166_66.jpg,/root/autodl-tmp/UWAmodel_2/datasets/data_splits_sds_train/sparse_166_66.npy,1175
/root/autodl-tmp/UWAmodel_2/datasets/data_splits_original/train/166_77.jpg,/root/autodl-tmp/UWAmodel_2/datasets/data_splits_depth/train/166_77.jpg,/root/autodl-tmp/UWAmodel_2/datasets/data_splits_sds_train/sparse_166_77.npy,1175
/root/autodl-tmp/UWAmodel_2/datasets/data_splits_original/train/166_88.jpg,/root/autodl-tmp/UWAmodel_2/datasets/data_splits_depth/train/166_88.jpg,/root/autodl-tmp/UWAmodel_2/datasets/data_splits_sds_train/sparse_166_88.npy,1175
/root/autodl-tmp/UWAmodel_2/datasets/data_splits_original/train/167_39.jpg,/root/autodl-tmp/UWAmodel_2/datasets/data_splits_depth/train/167_39.jpg,/root/autodl-tmp/UWAmodel_2/datasets/data_splits_sds_train/sparse_167_39.npy,1175
/root/autodl-tmp/UWAmodel_2/datasets/data_splits_original/train/167_70.jpg,/root/autodl-tmp/UWAmodel_2/datasets/data_splits_depth/train/167_70.jpg,/root/autodl-tmp/UWAmodel_2/datasets/data_splits_sds_train/sparse_167_70.npy,1175
/root/autodl-tmp/UWAmodel_2/datasets/data_splits_original/train/167_78.jpg,/root/autodl-tmp/UWAmodel_2/datasets/data_splits_depth/train/167_78.jpg,/root/autodl-tmp/UWAmodel_2/datasets/data_splits_sds_train/sparse_167_78.npy,1175
/root/autodl-tmp/UWAmodel_2/datasets/data_splits_original/train/167_83.jpg,/root/autodl-tmp/UWAmodel_2/datasets/data_splits_depth/train/167_83.jpg,/root/autodl-tmp/UWAmodel_2/datasets/data_splits_sds_train/sparse_167_83.npy,1175
/root/autodl-tmp/UWAmodel_2/datasets/data_splits_original/train/167_110.jpg,/root/autodl-tmp/UWAmodel_2/datasets/data_splits_depth/train/167_110.jpg,/root/autodl-tmp/UWAmodel_2/datasets/data_splits_sds_train/sparse_167_110.npy,1175
/root/autodl-tmp/UWAmodel_2/datasets/data_splits_original/train/169_17.jpg,/root/autodl-tmp/UWAmodel_2/datasets/data_splits_depth/train/169_17.jpg,/root/autodl-tmp/UWAmodel_2/datasets/data_splits_sds_train/sparse_169_17.npy,1175
/root/autodl-tmp/UWAmodel_2/datasets/data_splits_original/train/169_29.jpg,/root/autodl-tmp/UWAmodel_2/datasets/data_splits_depth/train/169_29.jpg,/root/autodl-tmp/UWAmodel_2/datasets/data_splits_sds_train/sparse_169_29.npy,1175
/root/autodl-tmp/UWAmodel_2/datasets/data_splits_original/train/169_58.jpg,/root/autodl-tmp/UWAmodel_2/datasets/data_splits_depth/train/169_58.jpg,/root/autodl-tmp/UWAmodel_2/datasets/data_splits_sds_train/sparse_169_58.npy,1175
/root/autodl-tmp/UWAmodel_2/datasets/data_splits_original/train/169_73.jpg,/root/autodl-tmp/UWAmodel_2/datasets/data_splits_depth/train/169_73.jpg,/root/autodl-tmp/UWAmodel_2/datasets/data_splits_sds_train/sparse_169_73.npy,1175
/root/autodl-tmp/UWAmodel_2/datasets/data_splits_original/train/169_92.jpg,/root/autodl-tmp/UWAmodel_2/datasets/data_splits_depth/train/169_92.jpg,/root/autodl-tmp/UWAmodel_2/datasets/data_splits_sds_train/sparse_169_92.npy,1175
/root/autodl-tmp/UWAmodel_2/datasets/data_splits_original/train/171_34.jpg,/root/autodl-tmp/UWAmodel_2/datasets/data_splits_depth/train/171_34.jpg,/root/autodl-tmp/UWAmodel_2/datasets/data_splits_sds_train/sparse_171_34.npy,1175
/root/autodl-tmp/UWAmodel_2/datasets/data_splits_original/train/171_35.jpg,/root/autodl-tmp/UWAmodel_2/datasets/data_splits_depth/train/171_35.jpg,/root/autodl-tmp/UWAmodel_2/datasets/data_splits_sds_train/sparse_171_35.npy,1175
/root/autodl-tmp/UWAmodel_2/datasets/data_splits_original/train/171_41.jpg,/root/autodl-tmp/UWAmodel_2/datasets/data_splits_depth/train/171_41.jpg,/root/autodl-tmp/UWAmodel_2/datasets/data_splits_sds_train/sparse_171_41.npy,1175
/root/autodl-tmp/UWAmodel_2/datasets/data_splits_original/train/171_84.jpg,/root/autodl-tmp/UWAmodel_2/datasets/data_splits_depth/train/171_84.jpg,/root/autodl-tmp/UWAmodel_2/datasets/data_splits_sds_train/sparse_171_84.npy,1175
/root/autodl-tmp/UWAmodel_2/datasets/data_splits_original/train/171_86.jpg,/root/autodl-tmp/UWAmodel_2/datasets/data_splits_depth/train/171_86.jpg,/root/autodl-tmp/UWAmodel_2/datasets/data_splits_sds_train/sparse_171_86.npy,1175
/root/autodl-tmp/UWAmodel_2/datasets/data_splits_original/train/173_8.jpg,/root/autodl-tmp/UWAmodel_2/datasets/data_splits_depth/train/173_8.jpg,/root/autodl-tmp/UWAmodel_2/datasets/data_splits_sds_train/sparse_173_8.npy,1175
/root/autodl-tmp/UWAmodel_2/datasets/data_splits_original/train/173_52.jpg,/root/autodl-tmp/UWAmodel_2/datasets/data_splits_depth/train/173_52.jpg,/root/autodl-tmp/UWAmodel_2/datasets/data_splits_sds_train/sparse_173_52.npy,1175
/root/autodl-tmp/UWAmodel_2/datasets/data_splits_original/train/173_78.jpg,/root/autodl-tmp/UWAmodel_2/datasets/data_splits_depth/train/173_78.jpg,/root/autodl-tmp/UWAmodel_2/datasets/data_splits_sds_train/sparse_173_78.npy,1175
/root/autodl-tmp/UWAmodel_2/datasets/data_splits_original/train/173_83.jpg,/root/autodl-tmp/UWAmodel_2/datasets/data_splits_depth/train/173_83.jpg,/root/autodl-tmp/UWAmodel_2/datasets/data_splits_sds_train/sparse_173_83.npy,1175
/root/autodl-tmp/UWAmodel_2/datasets/data_splits_original/train/173_102.jpg,/root/autodl-tmp/UWAmodel_2/datasets/data_splits_depth/train/173_102.jpg,/root/autodl-tmp/UWAmodel_2/datasets/data_splits_sds_train/sparse_173_102.npy,1175
/root/autodl-tmp/UWAmodel_2/datasets/data_splits_original/train/174_31.jpg,/root/autodl-tmp/UWAmodel_2/datasets/data_splits_depth/train/174_31.jpg,/root/autodl-tmp/UWAmodel_2/datasets/data_splits_sds_train/sparse_174_31.npy,1175
/root/autodl-tmp/UWAmodel_2/datasets/data_splits_original/train/174_33.jpg,/root/autodl-tmp/UWAmodel_2/datasets/data_splits_depth/train/174_33.jpg,/root/autodl-tmp/UWAmodel_2/datasets/data_splits_sds_train/sparse_174_33.npy,1175
/root/autodl-tmp/UWAmodel_2/datasets/data_splits_original/train/174_36.jpg,/root/autodl-tmp/UWAmodel_2/datasets/data_splits_depth/train/174_36.jpg,/root/autodl-tmp/UWAmodel_2/datasets/data_splits_sds_train/sparse_174_36.npy,1175
/root/autodl-tmp/UWAmodel_2/datasets/data_splits_original/train/174_62.jpg,/root/autodl-tmp/UWAmodel_2/datasets/data_splits_depth/train/174_62.jpg,/root/autodl-tmp/UWAmodel_2/datasets/data_splits_sds_train/sparse_174_62.npy,1175
/root/autodl-tmp/UWAmodel_2/datasets/data_splits_original/train/174_86.jpg,/root/autodl-tmp/UWAmodel_2/datasets/data_splits_depth/train/174_86.jpg,/root/autodl-tmp/UWAmodel_2/datasets/data_splits_sds_train/sparse_174_86.npy,1175
/root/autodl-tmp/UWAmodel_2/datasets/data_splits_original/train/175_23.jpg,/root/autodl-tmp/UWAmodel_2/datasets/data_splits_depth/train/175_23.jpg,/root/autodl-tmp/UWAmodel_2/datasets/data_splits_sds_train/sparse_175_23.npy,1175
/root/autodl-tmp/UWAmodel_2/datasets/data_splits_original/train/175_47.jpg,/root/autodl-tmp/UWAmodel_2/datasets/data_splits_depth/train/175_47.jpg,/root/autodl-tmp/UWAmodel_2/datasets/data_splits_sds_train/sparse_175_47.npy,1175
/root/autodl-tmp/UWAmodel_2/datasets/data_splits_original/train/175_52.jpg,/root/autodl-tmp/UWAmodel_2/datasets/data_splits_depth/train/175_52.jpg,/root/autodl-tmp/UWAmodel_2/datasets/data_splits_sds_train/sparse_175_52.npy,1175
/root/autodl-tmp/UWAmodel_2/datasets/data_splits_original/train/175_79.jpg,/root/autodl-tmp/UWAmodel_2/datasets/data_splits_depth/train/175_79.jpg,/root/autodl-tmp/UWAmodel_2/datasets/data_splits_sds_train/sparse_175_79.npy,1175
/root/autodl-tmp/UWAmodel_2/datasets/data_splits_original/train/175_116.jpg,/root/autodl-tmp/UWAmodel_2/datasets/data_splits_depth/train/175_116.jpg,/root/autodl-tmp/UWAmodel_2/datasets/data_splits_sds_train/sparse_175_116.npy,1175
/root/autodl-tmp/UWAmodel_2/datasets/data_splits_original/train/176_15.jpg,/root/autodl-tmp/UWAmodel_2/datasets/data_splits_depth/train/176_15.jpg,/root/autodl-tmp/UWAmodel_2/datasets/data_splits_sds_train/sparse_176_15.npy,1175
/root/autodl-tmp/UWAmodel_2/datasets/data_splits_original/train/176_29.jpg,/root/autodl-tmp/UWAmodel_2/datasets/data_splits_depth/train/176_29.jpg,/root/autodl-tmp/UWAmodel_2/datasets/data_splits_sds_train/sparse_176_29.npy,1175
/root/autodl-tmp/UWAmodel_2/datasets/data_splits_original/train/176_45.jpg,/root/autodl-tmp/UWAmodel_2/datasets/data_splits_depth/train/176_45.jpg,/root/autodl-tmp/UWAmodel_2/datasets/data_splits_sds_train/sparse_176_45.npy,1175
/root/autodl-tmp/UWAmodel_2/datasets/data_splits_original/train/176_58.jpg,/root/autodl-tmp/UWAmodel_2/datasets/data_splits_depth/train/176_58.jpg,/root/autodl-tmp/UWAmodel_2/datasets/data_splits_sds_train/sparse_176_58.npy,1175
/root/autodl-tmp/UWAmodel_2/datasets/data_splits_original/train/176_61.jpg,/root/autodl-tmp/UWAmodel_2/datasets/data_splits_depth/train/176_61.jpg,/root/autodl-tmp/UWAmodel_2/datasets/data_splits_sds_train/sparse_176_61.npy,1175
/root/autodl-tmp/UWAmodel_2/datasets/data_splits_original/train/177_37.jpg,/root/autodl-tmp/UWAmodel_2/datasets/data_splits_depth/train/177_37.jpg,/root/autodl-tmp/UWAmodel_2/datasets/data_splits_sds_train/sparse_177_37.npy,1175
/root/autodl-tmp/UWAmodel_2/datasets/data_splits_original/train/177_61.jpg,/root/autodl-tmp/UWAmodel_2/datasets/data_splits_depth/train/177_61.jpg,/root/autodl-tmp/UWAmodel_2/datasets/data_splits_sds_train/sparse_177_61.npy,1175
/root/autodl-tmp/UWAmodel_2/datasets/data_splits_original/train/177_100.jpg,/root/autodl-tmp/UWAmodel_2/datasets/data_splits_depth/train/177_100.jpg,/root/autodl-tmp/UWAmodel_2/datasets/data_splits_sds_train/sparse_177_100.npy,1175
/root/autodl-tmp/UWAmodel_2/datasets/data_splits_original/train/177_111.jpg,/root/autodl-tmp/UWAmodel_2/datasets/data_splits_depth/train/177_111.jpg,/root/autodl-tmp/UWAmodel_2/datasets/data_splits_sds_train/sparse_177_111.npy,1175
/root/autodl-tmp/UWAmodel_2/datasets/data_splits_original/train/177_119.jpg,/root/autodl-tmp/UWAmodel_2/datasets/data_splits_depth/train/177_119.jpg,/root/autodl-tmp/UWAmodel_2/datasets/data_splits_sds_train/sparse_177_119.npy,1175
/root/autodl-tmp/UWAmodel_2/datasets/data_splits_original/train/178_37.jpg,/root/autodl-tmp/UWAmodel_2/datasets/data_splits_depth/train/178_37.jpg,/root/autodl-tmp/UWAmodel_2/datasets/data_splits_sds_train/sparse_178_37.npy,1175
/root/autodl-tmp/UWAmodel_2/datasets/data_splits_original/train/178_43.jpg,/root/autodl-tmp/UWAmodel_2/datasets/data_splits_depth/train/178_43.jpg,/root/autodl-tmp/UWAmodel_2/datasets/data_splits_sds_train/sparse_178_43.npy,1175
/root/autodl-tmp/UWAmodel_2/datasets/data_splits_original/train/178_56.jpg,/root/autodl-tmp/UWAmodel_2/datasets/data_splits_depth/train/178_56.jpg,/root/autodl-tmp/UWAmodel_2/datasets/data_splits_sds_train/sparse_178_56.npy,1175
/root/autodl-tmp/UWAmodel_2/datasets/data_splits_original/train/178_81.jpg,/root/autodl-tmp/UWAmodel_2/datasets/data_splits_depth/train/178_81.jpg,/root/autodl-tmp/UWAmodel_2/datasets/data_splits_sds_train/sparse_178_81.npy,1175
/root/autodl-tmp/UWAmodel_2/datasets/data_splits_original/train/178_119.jpg,/root/autodl-tmp/UWAmodel_2/datasets/data_splits_depth/train/178_119.jpg,/root/autodl-tmp/UWAmodel_2/datasets/data_splits_sds_train/sparse_178_119.npy,1175
/root/autodl-tmp/UWAmodel_2/datasets/data_splits_original/train/180_11.jpg,/root/autodl-tmp/UWAmodel_2/datasets/data_splits_depth/train/180_11.jpg,/root/autodl-tmp/UWAmodel_2/datasets/data_splits_sds_train/sparse_180_11.npy,1175
/root/autodl-tmp/UWAmodel_2/datasets/data_splits_original/train/180_22.jpg,/root/autodl-tmp/UWAmodel_2/datasets/data_splits_depth/train/180_22.jpg,/root/autodl-tmp/UWAmodel_2/datasets/data_splits_sds_train/sparse_180_22.npy,1175
/root/autodl-tmp/UWAmodel_2/datasets/data_splits_original/train/180_26.jpg,/root/autodl-tmp/UWAmodel_2/datasets/data_splits_depth/train/180_26.jpg,/root/autodl-tmp/UWAmodel_2/datasets/data_splits_sds_train/sparse_180_26.npy,1175
/root/autodl-tmp/UWAmodel_2/datasets/data_splits_original/train/180_29.jpg,/root/autodl-tmp/UWAmodel_2/datasets/data_splits_depth/train/180_29.jpg,/root/autodl-tmp/UWAmodel_2/datasets/data_splits_sds_train/sparse_180_29.npy,1175
/root/autodl-tmp/UWAmodel_2/datasets/data_splits_original/train/180_41.jpg,/root/autodl-tmp/UWAmodel_2/datasets/data_splits_depth/train/180_41.jpg,/root/autodl-tmp/UWAmodel_2/datasets/data_splits_sds_train/sparse_180_41.npy,1175
/root/autodl-tmp/UWAmodel_2/datasets/data_splits_original/train/182_4.jpg,/root/autodl-tmp/UWAmodel_2/datasets/data_splits_depth/train/182_4.jpg,/root/autodl-tmp/UWAmodel_2/datasets/data_splits_sds_train/sparse_182_4.npy,1175
/root/autodl-tmp/UWAmodel_2/datasets/data_splits_original/train/182_6.jpg,/root/autodl-tmp/UWAmodel_2/datasets/data_splits_depth/train/182_6.jpg,/root/autodl-tmp/UWAmodel_2/datasets/data_splits_sds_train/sparse_182_6.npy,1175
/root/autodl-tmp/UWAmodel_2/datasets/data_splits_original/train/182_20.jpg,/root/autodl-tmp/UWAmodel_2/datasets/data_splits_depth/train/182_20.jpg,/root/autodl-tmp/UWAmodel_2/datasets/data_splits_sds_train/sparse_182_20.npy,1175
/root/autodl-tmp/UWAmodel_2/datasets/data_splits_original/train/182_34.jpg,/root/autodl-tmp/UWAmodel_2/datasets/data_splits_depth/train/182_34.jpg,/root/autodl-tmp/UWAmodel_2/datasets/data_splits_sds_train/sparse_182_34.npy,1175
/root/autodl-tmp/UWAmodel_2/datasets/data_splits_original/train/182_57.jpg,/root/autodl-tmp/UWAmodel_2/datasets/data_splits_depth/train/182_57.jpg,/root/autodl-tmp/UWAmodel_2/datasets/data_splits_sds_train/sparse_182_57.npy,1175
/root/autodl-tmp/UWAmodel_2/datasets/data_splits_original/train/183_33.jpg,/root/autodl-tmp/UWAmodel_2/datasets/data_splits_depth/train/183_33.jpg,/root/autodl-tmp/UWAmodel_2/datasets/data_splits_sds_train/sparse_183_33.npy,1175
/root/autodl-tmp/UWAmodel_2/datasets/data_splits_original/train/183_47.jpg,/root/autodl-tmp/UWAmodel_2/datasets/data_splits_depth/train/183_47.jpg,/root/autodl-tmp/UWAmodel_2/datasets/data_splits_sds_train/sparse_183_47.npy,1175
/root/autodl-tmp/UWAmodel_2/datasets/data_splits_original/train/183_57.jpg,/root/autodl-tmp/UWAmodel_2/datasets/data_splits_depth/train/183_57.jpg,/root/autodl-tmp/UWAmodel_2/datasets/data_splits_sds_train/sparse_183_57.npy,1175
/root/autodl-tmp/UWAmodel_2/datasets/data_splits_original/train/183_94.jpg,/root/autodl-tmp/UWAmodel_2/datasets/data_splits_depth/train/183_94.jpg,/root/autodl-tmp/UWAmodel_2/datasets/data_splits_sds_train/sparse_183_94.npy,1175
/root/autodl-tmp/UWAmodel_2/datasets/data_splits_original/train/183_115.jpg,/root/autodl-tmp/UWAmodel_2/datasets/data_splits_depth/train/183_115.jpg,/root/autodl-tmp/UWAmodel_2/datasets/data_splits_sds_train/sparse_183_115.npy,1175
/root/autodl-tmp/UWAmodel_2/datasets/data_splits_original/train/184_22.jpg,/root/autodl-tmp/UWAmodel_2/datasets/data_splits_depth/train/184_22.jpg,/root/autodl-tmp/UWAmodel_2/datasets/data_splits_sds_train/sparse_184_22.npy,1175
/root/autodl-tmp/UWAmodel_2/datasets/data_splits_original/train/184_25.jpg,/root/autodl-tmp/UWAmodel_2/datasets/data_splits_depth/train/184_25.jpg,/root/autodl-tmp/UWAmodel_2/datasets/data_splits_sds_train/sparse_184_25.npy,1175
/root/autodl-tmp/UWAmodel_2/datasets/data_splits_original/train/184_31.jpg,/root/autodl-tmp/UWAmodel_2/datasets/data_splits_depth/train/184_31.jpg,/root/autodl-tmp/UWAmodel_2/datasets/data_splits_sds_train/sparse_184_31.npy,1175
/root/autodl-tmp/UWAmodel_2/datasets/data_splits_original/train/184_35.jpg,/root/autodl-tmp/UWAmodel_2/datasets/data_splits_depth/train/184_35.jpg,/root/autodl-tmp/UWAmodel_2/datasets/data_splits_sds_train/sparse_184_35.npy,1175
/root/autodl-tmp/UWAmodel_2/datasets/data_splits_original/train/184_48.jpg,/root/autodl-tmp/UWAmodel_2/datasets/data_splits_depth/train/184_48.jpg,/root/autodl-tmp/UWAmodel_2/datasets/data_splits_sds_train/sparse_184_48.npy,1175
/root/autodl-tmp/UWAmodel_2/datasets/data_splits_original/train/187_53.jpg,/root/autodl-tmp/UWAmodel_2/datasets/data_splits_depth/train/187_53.jpg,/root/autodl-tmp/UWAmodel_2/datasets/data_splits_sds_train/sparse_187_53.npy,1175
/root/autodl-tmp/UWAmodel_2/datasets/data_splits_original/train/187_60.jpg,/root/autodl-tmp/UWAmodel_2/datasets/data_splits_depth/train/187_60.jpg,/root/autodl-tmp/UWAmodel_2/datasets/data_splits_sds_train/sparse_187_60.npy,1175
/root/autodl-tmp/UWAmodel_2/datasets/data_splits_original/train/187_69.jpg,/root/autodl-tmp/UWAmodel_2/datasets/data_splits_depth/train/187_69.jpg,/root/autodl-tmp/UWAmodel_2/datasets/data_splits_sds_train/sparse_187_69.npy,1175
/root/autodl-tmp/UWAmodel_2/datasets/data_splits_original/train/187_75.jpg,/root/autodl-tmp/UWAmodel_2/datasets/data_splits_depth/train/187_75.jpg,/root/autodl-tmp/UWAmodel_2/datasets/data_splits_sds_train/sparse_187_75.npy,1175
/root/autodl-tmp/UWAmodel_2/datasets/data_splits_original/train/187_80.jpg,/root/autodl-tmp/UWAmodel_2/datasets/data_splits_depth/train/187_80.jpg,/root/autodl-tmp/UWAmodel_2/datasets/data_splits_sds_train/sparse_187_80.npy,1175
/root/autodl-tmp/UWAmodel_2/datasets/data_splits_original/train/188_24.jpg,/root/autodl-tmp/UWAmodel_2/datasets/data_splits_depth/train/188_24.jpg,/root/autodl-tmp/UWAmodel_2/datasets/data_splits_sds_train/sparse_188_24.npy,1175
/root/autodl-tmp/UWAmodel_2/datasets/data_splits_original/train/188_27.jpg,/root/autodl-tmp/UWAmodel_2/datasets/data_splits_depth/train/188_27.jpg,/root/autodl-tmp/UWAmodel_2/datasets/data_splits_sds_train/sparse_188_27.npy,1175
/root/autodl-tmp/UWAmodel_2/datasets/data_splits_original/train/188_44.jpg,/root/autodl-tmp/UWAmodel_2/datasets/data_splits_depth/train/188_44.jpg,/root/autodl-tmp/UWAmodel_2/datasets/data_splits_sds_train/sparse_188_44.npy,1175
/root/autodl-tmp/UWAmodel_2/datasets/data_splits_original/train/188_49.jpg,/root/autodl-tmp/UWAmodel_2/datasets/data_splits_depth/train/188_49.jpg,/root/autodl-tmp/UWAmodel_2/datasets/data_splits_sds_train/sparse_188_49.npy,1175
/root/autodl-tmp/UWAmodel_2/datasets/data_splits_original/train/188_69.jpg,/root/autodl-tmp/UWAmodel_2/datasets/data_splits_depth/train/188_69.jpg,/root/autodl-tmp/UWAmodel_2/datasets/data_splits_sds_train/sparse_188_69.npy,1175
/root/autodl-tmp/UWAmodel_2/datasets/data_splits_original/train/189_13.jpg,/root/autodl-tmp/UWAmodel_2/datasets/data_splits_depth/train/189_13.jpg,/root/autodl-tmp/UWAmodel_2/datasets/data_splits_sds_train/sparse_189_13.npy,1175
/root/autodl-tmp/UWAmodel_2/datasets/data_splits_original/train/189_14.jpg,/root/autodl-tmp/UWAmodel_2/datasets/data_splits_depth/train/189_14.jpg,/root/autodl-tmp/UWAmodel_2/datasets/data_splits_sds_train/sparse_189_14.npy,1175
/root/autodl-tmp/UWAmodel_2/datasets/data_splits_original/train/189_55.jpg,/root/autodl-tmp/UWAmodel_2/datasets/data_splits_depth/train/189_55.jpg,/root/autodl-tmp/UWAmodel_2/datasets/data_splits_sds_train/sparse_189_55.npy,1175
/root/autodl-tmp/UWAmodel_2/datasets/data_splits_original/train/189_57.jpg,/root/autodl-tmp/UWAmodel_2/datasets/data_splits_depth/train/189_57.jpg,/root/autodl-tmp/UWAmodel_2/datasets/data_splits_sds_train/sparse_189_57.npy,1175
/root/autodl-tmp/UWAmodel_2/datasets/data_splits_original/train/189_88.jpg,/root/autodl-tmp/UWAmodel_2/datasets/data_splits_depth/train/189_88.jpg,/root/autodl-tmp/UWAmodel_2/datasets/data_splits_sds_train/sparse_189_88.npy,1175
/root/autodl-tmp/UWAmodel_2/datasets/data_splits_original/train/190_8.jpg,/root/autodl-tmp/UWAmodel_2/datasets/data_splits_depth/train/190_8.jpg,/root/autodl-tmp/UWAmodel_2/datasets/data_splits_sds_train/sparse_190_8.npy,1175
/root/autodl-tmp/UWAmodel_2/datasets/data_splits_original/train/190_15.jpg,/root/autodl-tmp/UWAmodel_2/datasets/data_splits_depth/train/190_15.jpg,/root/autodl-tmp/UWAmodel_2/datasets/data_splits_sds_train/sparse_190_15.npy,1175
/root/autodl-tmp/UWAmodel_2/datasets/data_splits_original/train/190_40.jpg,/root/autodl-tmp/UWAmodel_2/datasets/data_splits_depth/train/190_40.jpg,/root/autodl-tmp/UWAmodel_2/datasets/data_splits_sds_train/sparse_190_40.npy,1175
/root/autodl-tmp/UWAmodel_2/datasets/data_splits_original/train/190_94.jpg,/root/autodl-tmp/UWAmodel_2/datasets/data_splits_depth/train/190_94.jpg,/root/autodl-tmp/UWAmodel_2/datasets/data_splits_sds_train/sparse_190_94.npy,1175
/root/autodl-tmp/UWAmodel_2/datasets/data_splits_original/train/190_107.jpg,/root/autodl-tmp/UWAmodel_2/datasets/data_splits_depth/train/190_107.jpg,/root/autodl-tmp/UWAmodel_2/datasets/data_splits_sds_train/sparse_190_107.npy,1175
/root/autodl-tmp/UWAmodel_2/datasets/data_splits_original/train/191_36.jpg,/root/autodl-tmp/UWAmodel_2/datasets/data_splits_depth/train/191_36.jpg,/root/autodl-tmp/UWAmodel_2/datasets/data_splits_sds_train/sparse_191_36.npy,1175
/root/autodl-tmp/UWAmodel_2/datasets/data_splits_original/train/191_65.jpg,/root/autodl-tmp/UWAmodel_2/datasets/data_splits_depth/train/191_65.jpg,/root/autodl-tmp/UWAmodel_2/datasets/data_splits_sds_train/sparse_191_65.npy,1175
/root/autodl-tmp/UWAmodel_2/datasets/data_splits_original/train/191_84.jpg,/root/autodl-tmp/UWAmodel_2/datasets/data_splits_depth/train/191_84.jpg,/root/autodl-tmp/UWAmodel_2/datasets/data_splits_sds_train/sparse_191_84.npy,1175
/root/autodl-tmp/UWAmodel_2/datasets/data_splits_original/train/191_110.jpg,/root/autodl-tmp/UWAmodel_2/datasets/data_splits_depth/train/191_110.jpg,/root/autodl-tmp/UWAmodel_2/datasets/data_splits_sds_train/sparse_191_110.npy,1175
/root/autodl-tmp/UWAmodel_2/datasets/data_splits_original/train/191_112.jpg,/root/autodl-tmp/UWAmodel_2/datasets/data_splits_depth/train/191_112.jpg,/root/autodl-tmp/UWAmodel_2/datasets/data_splits_sds_train/sparse_191_112.npy,1175
/root/autodl-tmp/UWAmodel_2/datasets/data_splits_original/train/193_34.jpg,/root/autodl-tmp/UWAmodel_2/datasets/data_splits_depth/train/193_34.jpg,/root/autodl-tmp/UWAmodel_2/datasets/data_splits_sds_train/sparse_193_34.npy,1175
/root/autodl-tmp/UWAmodel_2/datasets/data_splits_original/train/193_57.jpg,/root/autodl-tmp/UWAmodel_2/datasets/data_splits_depth/train/193_57.jpg,/root/autodl-tmp/UWAmodel_2/datasets/data_splits_sds_train/sparse_193_57.npy,1175
/root/autodl-tmp/UWAmodel_2/datasets/data_splits_original/train/193_90.jpg,/root/autodl-tmp/UWAmodel_2/datasets/data_splits_depth/train/193_90.jpg,/root/autodl-tmp/UWAmodel_2/datasets/data_splits_sds_train/sparse_193_90.npy,1175
/root/autodl-tmp/UWAmodel_2/datasets/data_splits_original/train/193_104.jpg,/root/autodl-tmp/UWAmodel_2/datasets/data_splits_depth/train/193_104.jpg,/root/autodl-tmp/UWAmodel_2/datasets/data_splits_sds_train/sparse_193_104.npy,1175
/root/autodl-tmp/UWAmodel_2/datasets/data_splits_original/train/193_105.jpg,/root/autodl-tmp/UWAmodel_2/datasets/data_splits_depth/train/193_105.jpg,/root/autodl-tmp/UWAmodel_2/datasets/data_splits_sds_train/sparse_193_105.npy,1175
/root/autodl-tmp/UWAmodel_2/datasets/data_splits_original/train/194_33.jpg,/root/autodl-tmp/UWAmodel_2/datasets/data_splits_depth/train/194_33.jpg,/root/autodl-tmp/UWAmodel_2/datasets/data_splits_sds_train/sparse_194_33.npy,1175
/root/autodl-tmp/UWAmodel_2/datasets/data_splits_original/train/194_40.jpg,/root/autodl-tmp/UWAmodel_2/datasets/data_splits_depth/train/194_40.jpg,/root/autodl-tmp/UWAmodel_2/datasets/data_splits_sds_train/sparse_194_40.npy,1175
/root/autodl-tmp/UWAmodel_2/datasets/data_splits_original/train/194_52.jpg,/root/autodl-tmp/UWAmodel_2/datasets/data_splits_depth/train/194_52.jpg,/root/autodl-tmp/UWAmodel_2/datasets/data_splits_sds_train/sparse_194_52.npy,1175
/root/autodl-tmp/UWAmodel_2/datasets/data_splits_original/train/194_108.jpg,/root/autodl-tmp/UWAmodel_2/datasets/data_splits_depth/train/194_108.jpg,/root/autodl-tmp/UWAmodel_2/datasets/data_splits_sds_train/sparse_194_108.npy,1175
/root/autodl-tmp/UWAmodel_2/datasets/data_splits_original/train/194_113.jpg,/root/autodl-tmp/UWAmodel_2/datasets/data_splits_depth/train/194_113.jpg,/root/autodl-tmp/UWAmodel_2/datasets/data_splits_sds_train/sparse_194_113.npy,1175
/root/autodl-tmp/UWAmodel_2/datasets/data_splits_original/train/195_19.jpg,/root/autodl-tmp/UWAmodel_2/datasets/data_splits_depth/train/195_19.jpg,/root/autodl-tmp/UWAmodel_2/datasets/data_splits_sds_train/sparse_195_19.npy,1175
/root/autodl-tmp/UWAmodel_2/datasets/data_splits_original/train/195_35.jpg,/root/autodl-tmp/UWAmodel_2/datasets/data_splits_depth/train/195_35.jpg,/root/autodl-tmp/UWAmodel_2/datasets/data_splits_sds_train/sparse_195_35.npy,1175
/root/autodl-tmp/UWAmodel_2/datasets/data_splits_original/train/195_52.jpg,/root/autodl-tmp/UWAmodel_2/datasets/data_splits_depth/train/195_52.jpg,/root/autodl-tmp/UWAmodel_2/datasets/data_splits_sds_train/sparse_195_52.npy,1175
/root/autodl-tmp/UWAmodel_2/datasets/data_splits_original/train/195_92.jpg,/root/autodl-tmp/UWAmodel_2/datasets/data_splits_depth/train/195_92.jpg,/root/autodl-tmp/UWAmodel_2/datasets/data_splits_sds_train/sparse_195_92.npy,1175
/root/autodl-tmp/UWAmodel_2/datasets/data_splits_original/train/195_100.jpg,/root/autodl-tmp/UWAmodel_2/datasets/data_splits_depth/train/195_100.jpg,/root/autodl-tmp/UWAmodel_2/datasets/data_splits_sds_train/sparse_195_100.npy,1175
/root/autodl-tmp/UWAmodel_2/datasets/data_splits_original/train/196_33.jpg,/root/autodl-tmp/UWAmodel_2/datasets/data_splits_depth/train/196_33.jpg,/root/autodl-tmp/UWAmodel_2/datasets/data_splits_sds_train/sparse_196_33.npy,1175
/root/autodl-tmp/UWAmodel_2/datasets/data_splits_original/train/196_36.jpg,/root/autodl-tmp/UWAmodel_2/datasets/data_splits_depth/train/196_36.jpg,/root/autodl-tmp/UWAmodel_2/datasets/data_splits_sds_train/sparse_196_36.npy,1175
/root/autodl-tmp/UWAmodel_2/datasets/data_splits_original/train/196_51.jpg,/root/autodl-tmp/UWAmodel_2/datasets/data_splits_depth/train/196_51.jpg,/root/autodl-tmp/UWAmodel_2/datasets/data_splits_sds_train/sparse_196_51.npy,1175
/root/autodl-tmp/UWAmodel_2/datasets/data_splits_original/train/196_82.jpg,/root/autodl-tmp/UWAmodel_2/datasets/data_splits_depth/train/196_82.jpg,/root/autodl-tmp/UWAmodel_2/datasets/data_splits_sds_train/sparse_196_82.npy,1175
/root/autodl-tmp/UWAmodel_2/datasets/data_splits_original/train/196_98.jpg,/root/autodl-tmp/UWAmodel_2/datasets/data_splits_depth/train/196_98.jpg,/root/autodl-tmp/UWAmodel_2/datasets/data_splits_sds_train/sparse_196_98.npy,1175
/root/autodl-tmp/UWAmodel_2/datasets/data_splits_original/train/200_34.jpg,/root/autodl-tmp/UWAmodel_2/datasets/data_splits_depth/train/200_34.jpg,/root/autodl-tmp/UWAmodel_2/datasets/data_splits_sds_train/sparse_200_34.npy,1175
/root/autodl-tmp/UWAmodel_2/datasets/data_splits_original/train/200_47.jpg,/root/autodl-tmp/UWAmodel_2/datasets/data_splits_depth/train/200_47.jpg,/root/autodl-tmp/UWAmodel_2/datasets/data_splits_sds_train/sparse_200_47.npy,1175
/root/autodl-tmp/UWAmodel_2/datasets/data_splits_original/train/200_54.jpg,/root/autodl-tmp/UWAmodel_2/datasets/data_splits_depth/train/200_54.jpg,/root/autodl-tmp/UWAmodel_2/datasets/data_splits_sds_train/sparse_200_54.npy,1175
/root/autodl-tmp/UWAmodel_2/datasets/data_splits_original/train/200_57.jpg,/root/autodl-tmp/UWAmodel_2/datasets/data_splits_depth/train/200_57.jpg,/root/autodl-tmp/UWAmodel_2/datasets/data_splits_sds_train/sparse_200_57.npy,1175
/root/autodl-tmp/UWAmodel_2/datasets/data_splits_original/train/200_83.jpg,/root/autodl-tmp/UWAmodel_2/datasets/data_splits_depth/train/200_83.jpg,/root/autodl-tmp/UWAmodel_2/datasets/data_splits_sds_train/sparse_200_83.npy,1175
/root/autodl-tmp/UWAmodel_2/datasets/data_splits_original/train/201_19.jpg,/root/autodl-tmp/UWAmodel_2/datasets/data_splits_depth/train/201_19.jpg,/root/autodl-tmp/UWAmodel_2/datasets/data_splits_sds_train/sparse_201_19.npy,1175
/root/autodl-tmp/UWAmodel_2/datasets/data_splits_original/train/201_58.jpg,/root/autodl-tmp/UWAmodel_2/datasets/data_splits_depth/train/201_58.jpg,/root/autodl-tmp/UWAmodel_2/datasets/data_splits_sds_train/sparse_201_58.npy,1175
/root/autodl-tmp/UWAmodel_2/datasets/data_splits_original/train/201_80.jpg,/root/autodl-tmp/UWAmodel_2/datasets/data_splits_depth/train/201_80.jpg,/root/autodl-tmp/UWAmodel_2/datasets/data_splits_sds_train/sparse_201_80.npy,1175
/root/autodl-tmp/UWAmodel_2/datasets/data_splits_original/train/201_107.jpg,/root/autodl-tmp/UWAmodel_2/datasets/data_splits_depth/train/201_107.jpg,/root/autodl-tmp/UWAmodel_2/datasets/data_splits_sds_train/sparse_201_107.npy,1175
/root/autodl-tmp/UWAmodel_2/datasets/data_splits_original/train/201_116.jpg,/root/autodl-tmp/UWAmodel_2/datasets/data_splits_depth/train/201_116.jpg,/root/autodl-tmp/UWAmodel_2/datasets/data_splits_sds_train/sparse_201_116.npy,1175
/root/autodl-tmp/UWAmodel_2/datasets/data_splits_original/train/202_21.jpg,/root/autodl-tmp/UWAmodel_2/datasets/data_splits_depth/train/202_21.jpg,/root/autodl-tmp/UWAmodel_2/datasets/data_splits_sds_train/sparse_202_21.npy,1175
/root/autodl-tmp/UWAmodel_2/datasets/data_splits_original/train/202_53.jpg,/root/autodl-tmp/UWAmodel_2/datasets/data_splits_depth/train/202_53.jpg,/root/autodl-tmp/UWAmodel_2/datasets/data_splits_sds_train/sparse_202_53.npy,1175
/root/autodl-tmp/UWAmodel_2/datasets/data_splits_original/train/202_101.jpg,/root/autodl-tmp/UWAmodel_2/datasets/data_splits_depth/train/202_101.jpg,/root/autodl-tmp/UWAmodel_2/datasets/data_splits_sds_train/sparse_202_101.npy,1175
/root/autodl-tmp/UWAmodel_2/datasets/data_splits_original/train/202_106.jpg,/root/autodl-tmp/UWAmodel_2/datasets/data_splits_depth/train/202_106.jpg,/root/autodl-tmp/UWAmodel_2/datasets/data_splits_sds_train/sparse_202_106.npy,1175
/root/autodl-tmp/UWAmodel_2/datasets/data_splits_original/train/202_109.jpg,/root/autodl-tmp/UWAmodel_2/datasets/data_splits_depth/train/202_109.jpg,/root/autodl-tmp/UWAmodel_2/datasets/data_splits_sds_train/sparse_202_109.npy,1175
/root/autodl-tmp/UWAmodel_2/datasets/data_splits_original/train/203_21.jpg,/root/autodl-tmp/UWAmodel_2/datasets/data_splits_depth/train/203_21.jpg,/root/autodl-tmp/UWAmodel_2/datasets/data_splits_sds_train/sparse_203_21.npy,1175
/root/autodl-tmp/UWAmodel_2/datasets/data_splits_original/train/203_67.jpg,/root/autodl-tmp/UWAmodel_2/datasets/data_splits_depth/train/203_67.jpg,/root/autodl-tmp/UWAmodel_2/datasets/data_splits_sds_train/sparse_203_67.npy,1175
/root/autodl-tmp/UWAmodel_2/datasets/data_splits_original/train/203_98.jpg,/root/autodl-tmp/UWAmodel_2/datasets/data_splits_depth/train/203_98.jpg,/root/autodl-tmp/UWAmodel_2/datasets/data_splits_sds_train/sparse_203_98.npy,1175
/root/autodl-tmp/UWAmodel_2/datasets/data_splits_original/train/203_103.jpg,/root/autodl-tmp/UWAmodel_2/datasets/data_splits_depth/train/203_103.jpg,/root/autodl-tmp/UWAmodel_2/datasets/data_splits_sds_train/sparse_203_103.npy,1175
/root/autodl-tmp/UWAmodel_2/datasets/data_splits_original/train/203_113.jpg,/root/autodl-tmp/UWAmodel_2/datasets/data_splits_depth/train/203_113.jpg,/root/autodl-tmp/UWAmodel_2/datasets/data_splits_sds_train/sparse_203_113.npy,1175
/root/autodl-tmp/UWAmodel_2/datasets/data_splits_original/train/204_57.jpg,/root/autodl-tmp/UWAmodel_2/datasets/data_splits_depth/train/204_57.jpg,/root/autodl-tmp/UWAmodel_2/datasets/data_splits_sds_train/sparse_204_57.npy,1175
/root/autodl-tmp/UWAmodel_2/datasets/data_splits_original/train/204_58.jpg,/root/autodl-tmp/UWAmodel_2/datasets/data_splits_depth/train/204_58.jpg,/root/autodl-tmp/UWAmodel_2/datasets/data_splits_sds_train/sparse_204_58.npy,1175
/root/autodl-tmp/UWAmodel_2/datasets/data_splits_original/train/204_87.jpg,/root/autodl-tmp/UWAmodel_2/datasets/data_splits_depth/train/204_87.jpg,/root/autodl-tmp/UWAmodel_2/datasets/data_splits_sds_train/sparse_204_87.npy,1175
/root/autodl-tmp/UWAmodel_2/datasets/data_splits_original/train/204_101.jpg,/root/autodl-tmp/UWAmodel_2/datasets/data_splits_depth/train/204_101.jpg,/root/autodl-tmp/UWAmodel_2/datasets/data_splits_sds_train/sparse_204_101.npy,1175
/root/autodl-tmp/UWAmodel_2/datasets/data_splits_original/train/204_113.jpg,/root/autodl-tmp/UWAmodel_2/datasets/data_splits_depth/train/204_113.jpg,/root/autodl-tmp/UWAmodel_2/datasets/data_splits_sds_train/sparse_204_113.npy,1175
/root/autodl-tmp/UWAmodel_2/datasets/data_splits_original/train/205_11.jpg,/root/autodl-tmp/UWAmodel_2/datasets/data_splits_depth/train/205_11.jpg,/root/autodl-tmp/UWAmodel_2/datasets/data_splits_sds_train/sparse_205_11.npy,1175
/root/autodl-tmp/UWAmodel_2/datasets/data_splits_original/train/205_17.jpg,/root/autodl-tmp/UWAmodel_2/datasets/data_splits_depth/train/205_17.jpg,/root/autodl-tmp/UWAmodel_2/datasets/data_splits_sds_train/sparse_205_17.npy,1175
/root/autodl-tmp/UWAmodel_2/datasets/data_splits_original/train/205_35.jpg,/root/autodl-tmp/UWAmodel_2/datasets/data_splits_depth/train/205_35.jpg,/root/autodl-tmp/UWAmodel_2/datasets/data_splits_sds_train/sparse_205_35.npy,1175
/root/autodl-tmp/UWAmodel_2/datasets/data_splits_original/train/205_53.jpg,/root/autodl-tmp/UWAmodel_2/datasets/data_splits_depth/train/205_53.jpg,/root/autodl-tmp/UWAmodel_2/datasets/data_splits_sds_train/sparse_205_53.npy,1175
/root/autodl-tmp/UWAmodel_2/datasets/data_splits_original/train/205_84.jpg,/root/autodl-tmp/UWAmodel_2/datasets/data_splits_depth/train/205_84.jpg,/root/autodl-tmp/UWAmodel_2/datasets/data_splits_sds_train/sparse_205_84.npy,1175
/root/autodl-tmp/UWAmodel_2/datasets/data_splits_original/train/206_37.jpg,/root/autodl-tmp/UWAmodel_2/datasets/data_splits_depth/train/206_37.jpg,/root/autodl-tmp/UWAmodel_2/datasets/data_splits_sds_train/sparse_206_37.npy,1175
/root/autodl-tmp/UWAmodel_2/datasets/data_splits_original/train/206_39.jpg,/root/autodl-tmp/UWAmodel_2/datasets/data_splits_depth/train/206_39.jpg,/root/autodl-tmp/UWAmodel_2/datasets/data_splits_sds_train/sparse_206_39.npy,1175
/root/autodl-tmp/UWAmodel_2/datasets/data_splits_original/train/206_67.jpg,/root/autodl-tmp/UWAmodel_2/datasets/data_splits_depth/train/206_67.jpg,/root/autodl-tmp/UWAmodel_2/datasets/data_splits_sds_train/sparse_206_67.npy,1175
/root/autodl-tmp/UWAmodel_2/datasets/data_splits_original/train/206_85.jpg,/root/autodl-tmp/UWAmodel_2/datasets/data_splits_depth/train/206_85.jpg,/root/autodl-tmp/UWAmodel_2/datasets/data_splits_sds_train/sparse_206_85.npy,1175
/root/autodl-tmp/UWAmodel_2/datasets/data_splits_original/train/206_112.jpg,/root/autodl-tmp/UWAmodel_2/datasets/data_splits_depth/train/206_112.jpg,/root/autodl-tmp/UWAmodel_2/datasets/data_splits_sds_train/sparse_206_112.npy,1175
/root/autodl-tmp/UWAmodel_2/datasets/data_splits_original/train/207_36.jpg,/root/autodl-tmp/UWAmodel_2/datasets/data_splits_depth/train/207_36.jpg,/root/autodl-tmp/UWAmodel_2/datasets/data_splits_sds_train/sparse_207_36.npy,1175
/root/autodl-tmp/UWAmodel_2/datasets/data_splits_original/train/207_41.jpg,/root/autodl-tmp/UWAmodel_2/datasets/data_splits_depth/train/207_41.jpg,/root/autodl-tmp/UWAmodel_2/datasets/data_splits_sds_train/sparse_207_41.npy,1175
/root/autodl-tmp/UWAmodel_2/datasets/data_splits_original/train/207_43.jpg,/root/autodl-tmp/UWAmodel_2/datasets/data_splits_depth/train/207_43.jpg,/root/autodl-tmp/UWAmodel_2/datasets/data_splits_sds_train/sparse_207_43.npy,1175
/root/autodl-tmp/UWAmodel_2/datasets/data_splits_original/train/207_70.jpg,/root/autodl-tmp/UWAmodel_2/datasets/data_splits_depth/train/207_70.jpg,/root/autodl-tmp/UWAmodel_2/datasets/data_splits_sds_train/sparse_207_70.npy,1175
/root/autodl-tmp/UWAmodel_2/datasets/data_splits_original/train/207_89.jpg,/root/autodl-tmp/UWAmodel_2/datasets/data_splits_depth/train/207_89.jpg,/root/autodl-tmp/UWAmodel_2/datasets/data_splits_sds_train/sparse_207_89.npy,1175
/root/autodl-tmp/UWAmodel_2/datasets/data_splits_original/train/208_11.jpg,/root/autodl-tmp/UWAmodel_2/datasets/data_splits_depth/train/208_11.jpg,/root/autodl-tmp/UWAmodel_2/datasets/data_splits_sds_train/sparse_208_11.npy,1175
/root/autodl-tmp/UWAmodel_2/datasets/data_splits_original/train/208_24.jpg,/root/autodl-tmp/UWAmodel_2/datasets/data_splits_depth/train/208_24.jpg,/root/autodl-tmp/UWAmodel_2/datasets/data_splits_sds_train/sparse_208_24.npy,1175
/root/autodl-tmp/UWAmodel_2/datasets/data_splits_original/train/208_34.jpg,/root/autodl-tmp/UWAmodel_2/datasets/data_splits_depth/train/208_34.jpg,/root/autodl-tmp/UWAmodel_2/datasets/data_splits_sds_train/sparse_208_34.npy,1175
/root/autodl-tmp/UWAmodel_2/datasets/data_splits_original/train/208_64.jpg,/root/autodl-tmp/UWAmodel_2/datasets/data_splits_depth/train/208_64.jpg,/root/autodl-tmp/UWAmodel_2/datasets/data_splits_sds_train/sparse_208_64.npy,1175
/root/autodl-tmp/UWAmodel_2/datasets/data_splits_original/train/208_81.jpg,/root/autodl-tmp/UWAmodel_2/datasets/data_splits_depth/train/208_81.jpg,/root/autodl-tmp/UWAmodel_2/datasets/data_splits_sds_train/sparse_208_81.npy,1175
/root/autodl-tmp/UWAmodel_2/datasets/data_splits_original/train/209_10.jpg,/root/autodl-tmp/UWAmodel_2/datasets/data_splits_depth/train/209_10.jpg,/root/autodl-tmp/UWAmodel_2/datasets/data_splits_sds_train/sparse_209_10.npy,1175
/root/autodl-tmp/UWAmodel_2/datasets/data_splits_original/train/209_32.jpg,/root/autodl-tmp/UWAmodel_2/datasets/data_splits_depth/train/209_32.jpg,/root/autodl-tmp/UWAmodel_2/datasets/data_splits_sds_train/sparse_209_32.npy,1175
/root/autodl-tmp/UWAmodel_2/datasets/data_splits_original/train/209_49.jpg,/root/autodl-tmp/UWAmodel_2/datasets/data_splits_depth/train/209_49.jpg,/root/autodl-tmp/UWAmodel_2/datasets/data_splits_sds_train/sparse_209_49.npy,1175
/root/autodl-tmp/UWAmodel_2/datasets/data_splits_original/train/209_101.jpg,/root/autodl-tmp/UWAmodel_2/datasets/data_splits_depth/train/209_101.jpg,/root/autodl-tmp/UWAmodel_2/datasets/data_splits_sds_train/sparse_209_101.npy,1175
/root/autodl-tmp/UWAmodel_2/datasets/data_splits_original/train/209_120.jpg,/root/autodl-tmp/UWAmodel_2/datasets/data_splits_depth/train/209_120.jpg,/root/autodl-tmp/UWAmodel_2/datasets/data_splits_sds_train/sparse_209_120.npy,1175
/root/autodl-tmp/UWAmodel_2/datasets/data_splits_original/train/210_20.jpg,/root/autodl-tmp/UWAmodel_2/datasets/data_splits_depth/train/210_20.jpg,/root/autodl-tmp/UWAmodel_2/datasets/data_splits_sds_train/sparse_210_20.npy,1175
/root/autodl-tmp/UWAmodel_2/datasets/data_splits_original/train/210_24.jpg,/root/autodl-tmp/UWAmodel_2/datasets/data_splits_depth/train/210_24.jpg,/root/autodl-tmp/UWAmodel_2/datasets/data_splits_sds_train/sparse_210_24.npy,1175
/root/autodl-tmp/UWAmodel_2/datasets/data_splits_original/train/210_67.jpg,/root/autodl-tmp/UWAmodel_2/datasets/data_splits_depth/train/210_67.jpg,/root/autodl-tmp/UWAmodel_2/datasets/data_splits_sds_train/sparse_210_67.npy,1175
/root/autodl-tmp/UWAmodel_2/datasets/data_splits_original/train/210_99.jpg,/root/autodl-tmp/UWAmodel_2/datasets/data_splits_depth/train/210_99.jpg,/root/autodl-tmp/UWAmodel_2/datasets/data_splits_sds_train/sparse_210_99.npy,1175
/root/autodl-tmp/UWAmodel_2/datasets/data_splits_original/train/210_102.jpg,/root/autodl-tmp/UWAmodel_2/datasets/data_splits_depth/train/210_102.jpg,/root/autodl-tmp/UWAmodel_2/datasets/data_splits_sds_train/sparse_210_102.npy,1175
/root/autodl-tmp/UWAmodel_2/datasets/data_splits_original/train/211_11.jpg,/root/autodl-tmp/UWAmodel_2/datasets/data_splits_depth/train/211_11.jpg,/root/autodl-tmp/UWAmodel_2/datasets/data_splits_sds_train/sparse_211_11.npy,1175
/root/autodl-tmp/UWAmodel_2/datasets/data_splits_original/train/211_18.jpg,/root/autodl-tmp/UWAmodel_2/datasets/data_splits_depth/train/211_18.jpg,/root/autodl-tmp/UWAmodel_2/datasets/data_splits_sds_train/sparse_211_18.npy,1175
/root/autodl-tmp/UWAmodel_2/datasets/data_splits_original/train/211_56.jpg,/root/autodl-tmp/UWAmodel_2/datasets/data_splits_depth/train/211_56.jpg,/root/autodl-tmp/UWAmodel_2/datasets/data_splits_sds_train/sparse_211_56.npy,1175
/root/autodl-tmp/UWAmodel_2/datasets/data_splits_original/train/211_87.jpg,/root/autodl-tmp/UWAmodel_2/datasets/data_splits_depth/train/211_87.jpg,/root/autodl-tmp/UWAmodel_2/datasets/data_splits_sds_train/sparse_211_87.npy,1175
/root/autodl-tmp/UWAmodel_2/datasets/data_splits_original/train/211_119.jpg,/root/autodl-tmp/UWAmodel_2/datasets/data_splits_depth/train/211_119.jpg,/root/autodl-tmp/UWAmodel_2/datasets/data_splits_sds_train/sparse_211_119.npy,1175
/root/autodl-tmp/UWAmodel_2/datasets/data_splits_original/train/212_27.jpg,/root/autodl-tmp/UWAmodel_2/datasets/data_splits_depth/train/212_27.jpg,/root/autodl-tmp/UWAmodel_2/datasets/data_splits_sds_train/sparse_212_27.npy,1175
/root/autodl-tmp/UWAmodel_2/datasets/data_splits_original/train/212_58.jpg,/root/autodl-tmp/UWAmodel_2/datasets/data_splits_depth/train/212_58.jpg,/root/autodl-tmp/UWAmodel_2/datasets/data_splits_sds_train/sparse_212_58.npy,1175
/root/autodl-tmp/UWAmodel_2/datasets/data_splits_original/train/212_77.jpg,/root/autodl-tmp/UWAmodel_2/datasets/data_splits_depth/train/212_77.jpg,/root/autodl-tmp/UWAmodel_2/datasets/data_splits_sds_train/sparse_212_77.npy,1175
/root/autodl-tmp/UWAmodel_2/datasets/data_splits_original/train/212_88.jpg,/root/autodl-tmp/UWAmodel_2/datasets/data_splits_depth/train/212_88.jpg,/root/autodl-tmp/UWAmodel_2/datasets/data_splits_sds_train/sparse_212_88.npy,1175
/root/autodl-tmp/UWAmodel_2/datasets/data_splits_original/train/212_108.jpg,/root/autodl-tmp/UWAmodel_2/datasets/data_splits_depth/train/212_108.jpg,/root/autodl-tmp/UWAmodel_2/datasets/data_splits_sds_train/sparse_212_108.npy,1175
/root/autodl-tmp/UWAmodel_2/datasets/data_splits_original/train/213_6.jpg,/root/autodl-tmp/UWAmodel_2/datasets/data_splits_depth/train/213_6.jpg,/root/autodl-tmp/UWAmodel_2/datasets/data_splits_sds_train/sparse_213_6.npy,1175
/root/autodl-tmp/UWAmodel_2/datasets/data_splits_original/train/213_45.jpg,/root/autodl-tmp/UWAmodel_2/datasets/data_splits_depth/train/213_45.jpg,/root/autodl-tmp/UWAmodel_2/datasets/data_splits_sds_train/sparse_213_45.npy,1175
/root/autodl-tmp/UWAmodel_2/datasets/data_splits_original/train/213_52.jpg,/root/autodl-tmp/UWAmodel_2/datasets/data_splits_depth/train/213_52.jpg,/root/autodl-tmp/UWAmodel_2/datasets/data_splits_sds_train/sparse_213_52.npy,1175
/root/autodl-tmp/UWAmodel_2/datasets/data_splits_original/train/213_56.jpg,/root/autodl-tmp/UWAmodel_2/datasets/data_splits_depth/train/213_56.jpg,/root/autodl-tmp/UWAmodel_2/datasets/data_splits_sds_train/sparse_213_56.npy,1175
/root/autodl-tmp/UWAmodel_2/datasets/data_splits_original/train/213_108.jpg,/root/autodl-tmp/UWAmodel_2/datasets/data_splits_depth/train/213_108.jpg,/root/autodl-tmp/UWAmodel_2/datasets/data_splits_sds_train/sparse_213_108.npy,1175
/root/autodl-tmp/UWAmodel_2/datasets/data_splits_original/train/214_9.jpg,/root/autodl-tmp/UWAmodel_2/datasets/data_splits_depth/train/214_9.jpg,/root/autodl-tmp/UWAmodel_2/datasets/data_splits_sds_train/sparse_214_9.npy,1175
/root/autodl-tmp/UWAmodel_2/datasets/data_splits_original/train/214_12.jpg,/root/autodl-tmp/UWAmodel_2/datasets/data_splits_depth/train/214_12.jpg,/root/autodl-tmp/UWAmodel_2/datasets/data_splits_sds_train/sparse_214_12.npy,1175
/root/autodl-tmp/UWAmodel_2/datasets/data_splits_original/train/214_17.jpg,/root/autodl-tmp/UWAmodel_2/datasets/data_splits_depth/train/214_17.jpg,/root/autodl-tmp/UWAmodel_2/datasets/data_splits_sds_train/sparse_214_17.npy,1175
/root/autodl-tmp/UWAmodel_2/datasets/data_splits_original/train/214_27.jpg,/root/autodl-tmp/UWAmodel_2/datasets/data_splits_depth/train/214_27.jpg,/root/autodl-tmp/UWAmodel_2/datasets/data_splits_sds_train/sparse_214_27.npy,1175
/root/autodl-tmp/UWAmodel_2/datasets/data_splits_original/train/214_32.jpg,/root/autodl-tmp/UWAmodel_2/datasets/data_splits_depth/train/214_32.jpg,/root/autodl-tmp/UWAmodel_2/datasets/data_splits_sds_train/sparse_214_32.npy,1175
/root/autodl-tmp/UWAmodel_2/datasets/data_splits_original/train/215_11.jpg,/root/autodl-tmp/UWAmodel_2/datasets/data_splits_depth/train/215_11.jpg,/root/autodl-tmp/UWAmodel_2/datasets/data_splits_sds_train/sparse_215_11.npy,1175
/root/autodl-tmp/UWAmodel_2/datasets/data_splits_original/train/215_18.jpg,/root/autodl-tmp/UWAmodel_2/datasets/data_splits_depth/train/215_18.jpg,/root/autodl-tmp/UWAmodel_2/datasets/data_splits_sds_train/sparse_215_18.npy,1175
/root/autodl-tmp/UWAmodel_2/datasets/data_splits_original/train/215_34.jpg,/root/autodl-tmp/UWAmodel_2/datasets/data_splits_depth/train/215_34.jpg,/root/autodl-tmp/UWAmodel_2/datasets/data_splits_sds_train/sparse_215_34.npy,1175
/root/autodl-tmp/UWAmodel_2/datasets/data_splits_original/train/215_60.jpg,/root/autodl-tmp/UWAmodel_2/datasets/data_splits_depth/train/215_60.jpg,/root/autodl-tmp/UWAmodel_2/datasets/data_splits_sds_train/sparse_215_60.npy,1175
/root/autodl-tmp/UWAmodel_2/datasets/data_splits_original/train/215_74.jpg,/root/autodl-tmp/UWAmodel_2/datasets/data_splits_depth/train/215_74.jpg,/root/autodl-tmp/UWAmodel_2/datasets/data_splits_sds_train/sparse_215_74.npy,1175
/root/autodl-tmp/UWAmodel_2/datasets/data_splits_original/train/216_4.jpg,/root/autodl-tmp/UWAmodel_2/datasets/data_splits_depth/train/216_4.jpg,/root/autodl-tmp/UWAmodel_2/datasets/data_splits_sds_train/sparse_216_4.npy,1175
/root/autodl-tmp/UWAmodel_2/datasets/data_splits_original/train/216_37.jpg,/root/autodl-tmp/UWAmodel_2/datasets/data_splits_depth/train/216_37.jpg,/root/autodl-tmp/UWAmodel_2/datasets/data_splits_sds_train/sparse_216_37.npy,1175
/root/autodl-tmp/UWAmodel_2/datasets/data_splits_original/train/216_93.jpg,/root/autodl-tmp/UWAmodel_2/datasets/data_splits_depth/train/216_93.jpg,/root/autodl-tmp/UWAmodel_2/datasets/data_splits_sds_train/sparse_216_93.npy,1175
/root/autodl-tmp/UWAmodel_2/datasets/data_splits_original/train/216_100.jpg,/root/autodl-tmp/UWAmodel_2/datasets/data_splits_depth/train/216_100.jpg,/root/autodl-tmp/UWAmodel_2/datasets/data_splits_sds_train/sparse_216_100.npy,1175
/root/autodl-tmp/UWAmodel_2/datasets/data_splits_original/train/216_102.jpg,/root/autodl-tmp/UWAmodel_2/datasets/data_splits_depth/train/216_102.jpg,/root/autodl-tmp/UWAmodel_2/datasets/data_splits_sds_train/sparse_216_102.npy,1175
/root/autodl-tmp/UWAmodel_2/datasets/data_splits_original/train/220_30.jpg,/root/autodl-tmp/UWAmodel_2/datasets/data_splits_depth/train/220_30.jpg,/root/autodl-tmp/UWAmodel_2/datasets/data_splits_sds_train/sparse_220_30.npy,1175
/root/autodl-tmp/UWAmodel_2/datasets/data_splits_original/train/220_59.jpg,/root/autodl-tmp/UWAmodel_2/datasets/data_splits_depth/train/220_59.jpg,/root/autodl-tmp/UWAmodel_2/datasets/data_splits_sds_train/sparse_220_59.npy,1175
/root/autodl-tmp/UWAmodel_2/datasets/data_splits_original/train/220_98.jpg,/root/autodl-tmp/UWAmodel_2/datasets/data_splits_depth/train/220_98.jpg,/root/autodl-tmp/UWAmodel_2/datasets/data_splits_sds_train/sparse_220_98.npy,1175
/root/autodl-tmp/UWAmodel_2/datasets/data_splits_original/train/220_107.jpg,/root/autodl-tmp/UWAmodel_2/datasets/data_splits_depth/train/220_107.jpg,/root/autodl-tmp/UWAmodel_2/datasets/data_splits_sds_train/sparse_220_107.npy,1175
/root/autodl-tmp/UWAmodel_2/datasets/data_splits_original/train/220_118.jpg,/root/autodl-tmp/UWAmodel_2/datasets/data_splits_depth/train/220_118.jpg,/root/autodl-tmp/UWAmodel_2/datasets/data_splits_sds_train/sparse_220_118.npy,1175
/root/autodl-tmp/UWAmodel_2/datasets/data_splits_original/train/221_11.jpg,/root/autodl-tmp/UWAmodel_2/datasets/data_splits_depth/train/221_11.jpg,/root/autodl-tmp/UWAmodel_2/datasets/data_splits_sds_train/sparse_221_11.npy,1175
/root/autodl-tmp/UWAmodel_2/datasets/data_splits_original/train/221_14.jpg,/root/autodl-tmp/UWAmodel_2/datasets/data_splits_depth/train/221_14.jpg,/root/autodl-tmp/UWAmodel_2/datasets/data_splits_sds_train/sparse_221_14.npy,1175
/root/autodl-tmp/UWAmodel_2/datasets/data_splits_original/train/221_22.jpg,/root/autodl-tmp/UWAmodel_2/datasets/data_splits_depth/train/221_22.jpg,/root/autodl-tmp/UWAmodel_2/datasets/data_splits_sds_train/sparse_221_22.npy,1175
/root/autodl-tmp/UWAmodel_2/datasets/data_splits_original/train/221_62.jpg,/root/autodl-tmp/UWAmodel_2/datasets/data_splits_depth/train/221_62.jpg,/root/autodl-tmp/UWAmodel_2/datasets/data_splits_sds_train/sparse_221_62.npy,1175
/root/autodl-tmp/UWAmodel_2/datasets/data_splits_original/train/221_96.jpg,/root/autodl-tmp/UWAmodel_2/datasets/data_splits_depth/train/221_96.jpg,/root/autodl-tmp/UWAmodel_2/datasets/data_splits_sds_train/sparse_221_96.npy,1175
/root/autodl-tmp/UWAmodel_2/datasets/data_splits_original/train/223_6.jpg,/root/autodl-tmp/UWAmodel_2/datasets/data_splits_depth/train/223_6.jpg,/root/autodl-tmp/UWAmodel_2/datasets/data_splits_sds_train/sparse_223_6.npy,1175
/root/autodl-tmp/UWAmodel_2/datasets/data_splits_original/train/223_67.jpg,/root/autodl-tmp/UWAmodel_2/datasets/data_splits_depth/train/223_67.jpg,/root/autodl-tmp/UWAmodel_2/datasets/data_splits_sds_train/sparse_223_67.npy,1175
/root/autodl-tmp/UWAmodel_2/datasets/data_splits_original/train/223_88.jpg,/root/autodl-tmp/UWAmodel_2/datasets/data_splits_depth/train/223_88.jpg,/root/autodl-tmp/UWAmodel_2/datasets/data_splits_sds_train/sparse_223_88.npy,1175
/root/autodl-tmp/UWAmodel_2/datasets/data_splits_original/train/223_91.jpg,/root/autodl-tmp/UWAmodel_2/datasets/data_splits_depth/train/223_91.jpg,/root/autodl-tmp/UWAmodel_2/datasets/data_splits_sds_train/sparse_223_91.npy,1175
/root/autodl-tmp/UWAmodel_2/datasets/data_splits_original/train/223_107.jpg,/root/autodl-tmp/UWAmodel_2/datasets/data_splits_depth/train/223_107.jpg,/root/autodl-tmp/UWAmodel_2/datasets/data_splits_sds_train/sparse_223_107.npy,1175
/root/autodl-tmp/UWAmodel_2/datasets/data_splits_original/train/225_13.jpg,/root/autodl-tmp/UWAmodel_2/datasets/data_splits_depth/train/225_13.jpg,/root/autodl-tmp/UWAmodel_2/datasets/data_splits_sds_train/sparse_225_13.npy,1175
/root/autodl-tmp/UWAmodel_2/datasets/data_splits_original/train/225_30.jpg,/root/autodl-tmp/UWAmodel_2/datasets/data_splits_depth/train/225_30.jpg,/root/autodl-tmp/UWAmodel_2/datasets/data_splits_sds_train/sparse_225_30.npy,1175
/root/autodl-tmp/UWAmodel_2/datasets/data_splits_original/train/225_55.jpg,/root/autodl-tmp/UWAmodel_2/datasets/data_splits_depth/train/225_55.jpg,/root/autodl-tmp/UWAmodel_2/datasets/data_splits_sds_train/sparse_225_55.npy,1175
/root/autodl-tmp/UWAmodel_2/datasets/data_splits_original/train/225_63.jpg,/root/autodl-tmp/UWAmodel_2/datasets/data_splits_depth/train/225_63.jpg,/root/autodl-tmp/UWAmodel_2/datasets/data_splits_sds_train/sparse_225_63.npy,1175
/root/autodl-tmp/UWAmodel_2/datasets/data_splits_original/train/225_112.jpg,/root/autodl-tmp/UWAmodel_2/datasets/data_splits_depth/train/225_112.jpg,/root/autodl-tmp/UWAmodel_2/datasets/data_splits_sds_train/sparse_225_112.npy,1175
/root/autodl-tmp/UWAmodel_2/datasets/data_splits_original/train/227_35.jpg,/root/autodl-tmp/UWAmodel_2/datasets/data_splits_depth/train/227_35.jpg,/root/autodl-tmp/UWAmodel_2/datasets/data_splits_sds_train/sparse_227_35.npy,1175
/root/autodl-tmp/UWAmodel_2/datasets/data_splits_original/train/227_48.jpg,/root/autodl-tmp/UWAmodel_2/datasets/data_splits_depth/train/227_48.jpg,/root/autodl-tmp/UWAmodel_2/datasets/data_splits_sds_train/sparse_227_48.npy,1175
/root/autodl-tmp/UWAmodel_2/datasets/data_splits_original/train/227_75.jpg,/root/autodl-tmp/UWAmodel_2/datasets/data_splits_depth/train/227_75.jpg,/root/autodl-tmp/UWAmodel_2/datasets/data_splits_sds_train/sparse_227_75.npy,1175
/root/autodl-tmp/UWAmodel_2/datasets/data_splits_original/train/227_89.jpg,/root/autodl-tmp/UWAmodel_2/datasets/data_splits_depth/train/227_89.jpg,/root/autodl-tmp/UWAmodel_2/datasets/data_splits_sds_train/sparse_227_89.npy,1175
/root/autodl-tmp/UWAmodel_2/datasets/data_splits_original/train/227_99.jpg,/root/autodl-tmp/UWAmodel_2/datasets/data_splits_depth/train/227_99.jpg,/root/autodl-tmp/UWAmodel_2/datasets/data_splits_sds_train/sparse_227_99.npy,1175
/root/autodl-tmp/UWAmodel_2/datasets/data_splits_original/train/229_42.jpg,/root/autodl-tmp/UWAmodel_2/datasets/data_splits_depth/train/229_42.jpg,/root/autodl-tmp/UWAmodel_2/datasets/data_splits_sds_train/sparse_229_42.npy,1175
/root/autodl-tmp/UWAmodel_2/datasets/data_splits_original/train/229_49.jpg,/root/autodl-tmp/UWAmodel_2/datasets/data_splits_depth/train/229_49.jpg,/root/autodl-tmp/UWAmodel_2/datasets/data_splits_sds_train/sparse_229_49.npy,1175
/root/autodl-tmp/UWAmodel_2/datasets/data_splits_original/train/229_75.jpg,/root/autodl-tmp/UWAmodel_2/datasets/data_splits_depth/train/229_75.jpg,/root/autodl-tmp/UWAmodel_2/datasets/data_splits_sds_train/sparse_229_75.npy,1175
/root/autodl-tmp/UWAmodel_2/datasets/data_splits_original/train/229_80.jpg,/root/autodl-tmp/UWAmodel_2/datasets/data_splits_depth/train/229_80.jpg,/root/autodl-tmp/UWAmodel_2/datasets/data_splits_sds_train/sparse_229_80.npy,1175
/root/autodl-tmp/UWAmodel_2/datasets/data_splits_original/train/229_117.jpg,/root/autodl-tmp/UWAmodel_2/datasets/data_splits_depth/train/229_117.jpg,/root/autodl-tmp/UWAmodel_2/datasets/data_splits_sds_train/sparse_229_117.npy,1175
/root/autodl-tmp/UWAmodel_2/datasets/data_splits_original/train/230_15.jpg,/root/autodl-tmp/UWAmodel_2/datasets/data_splits_depth/train/230_15.jpg,/root/autodl-tmp/UWAmodel_2/datasets/data_splits_sds_train/sparse_230_15.npy,1175
/root/autodl-tmp/UWAmodel_2/datasets/data_splits_original/train/230_24.jpg,/root/autodl-tmp/UWAmodel_2/datasets/data_splits_depth/train/230_24.jpg,/root/autodl-tmp/UWAmodel_2/datasets/data_splits_sds_train/sparse_230_24.npy,1175
/root/autodl-tmp/UWAmodel_2/datasets/data_splits_original/train/230_44.jpg,/root/autodl-tmp/UWAmodel_2/datasets/data_splits_depth/train/230_44.jpg,/root/autodl-tmp/UWAmodel_2/datasets/data_splits_sds_train/sparse_230_44.npy,1175
/root/autodl-tmp/UWAmodel_2/datasets/data_splits_original/train/230_54.jpg,/root/autodl-tmp/UWAmodel_2/datasets/data_splits_depth/train/230_54.jpg,/root/autodl-tmp/UWAmodel_2/datasets/data_splits_sds_train/sparse_230_54.npy,1175
/root/autodl-tmp/UWAmodel_2/datasets/data_splits_original/train/230_78.jpg,/root/autodl-tmp/UWAmodel_2/datasets/data_splits_depth/train/230_78.jpg,/root/autodl-tmp/UWAmodel_2/datasets/data_splits_sds_train/sparse_230_78.npy,1175
/root/autodl-tmp/UWAmodel_2/datasets/data_splits_original/train/231_6.jpg,/root/autodl-tmp/UWAmodel_2/datasets/data_splits_depth/train/231_6.jpg,/root/autodl-tmp/UWAmodel_2/datasets/data_splits_sds_train/sparse_231_6.npy,1175
/root/autodl-tmp/UWAmodel_2/datasets/data_splits_original/train/231_26.jpg,/root/autodl-tmp/UWAmodel_2/datasets/data_splits_depth/train/231_26.jpg,/root/autodl-tmp/UWAmodel_2/datasets/data_splits_sds_train/sparse_231_26.npy,1175
/root/autodl-tmp/UWAmodel_2/datasets/data_splits_original/train/231_55.jpg,/root/autodl-tmp/UWAmodel_2/datasets/data_splits_depth/train/231_55.jpg,/root/autodl-tmp/UWAmodel_2/datasets/data_splits_sds_train/sparse_231_55.npy,1175
/root/autodl-tmp/UWAmodel_2/datasets/data_splits_original/train/231_65.jpg,/root/autodl-tmp/UWAmodel_2/datasets/data_splits_depth/train/231_65.jpg,/root/autodl-tmp/UWAmodel_2/datasets/data_splits_sds_train/sparse_231_65.npy,1175
/root/autodl-tmp/UWAmodel_2/datasets/data_splits_original/train/231_110.jpg,/root/autodl-tmp/UWAmodel_2/datasets/data_splits_depth/train/231_110.jpg,/root/autodl-tmp/UWAmodel_2/datasets/data_splits_sds_train/sparse_231_110.npy,1175
/root/autodl-tmp/UWAmodel_2/datasets/data_splits_original/train/232_5.jpg,/root/autodl-tmp/UWAmodel_2/datasets/data_splits_depth/train/232_5.jpg,/root/autodl-tmp/UWAmodel_2/datasets/data_splits_sds_train/sparse_232_5.npy,1175
/root/autodl-tmp/UWAmodel_2/datasets/data_splits_original/train/232_34.jpg,/root/autodl-tmp/UWAmodel_2/datasets/data_splits_depth/train/232_34.jpg,/root/autodl-tmp/UWAmodel_2/datasets/data_splits_sds_train/sparse_232_34.npy,1175
/root/autodl-tmp/UWAmodel_2/datasets/data_splits_original/train/232_99.jpg,/root/autodl-tmp/UWAmodel_2/datasets/data_splits_depth/train/232_99.jpg,/root/autodl-tmp/UWAmodel_2/datasets/data_splits_sds_train/sparse_232_99.npy,1175
/root/autodl-tmp/UWAmodel_2/datasets/data_splits_original/train/232_113.jpg,/root/autodl-tmp/UWAmodel_2/datasets/data_splits_depth/train/232_113.jpg,/root/autodl-tmp/UWAmodel_2/datasets/data_splits_sds_train/sparse_232_113.npy,1175
/root/autodl-tmp/UWAmodel_2/datasets/data_splits_original/train/232_120.jpg,/root/autodl-tmp/UWAmodel_2/datasets/data_splits_depth/train/232_120.jpg,/root/autodl-tmp/UWAmodel_2/datasets/data_splits_sds_train/sparse_232_120.npy,1175
/root/autodl-tmp/UWAmodel_2/datasets/data_splits_original/train/233_22.jpg,/root/autodl-tmp/UWAmodel_2/datasets/data_splits_depth/train/233_22.jpg,/root/autodl-tmp/UWAmodel_2/datasets/data_splits_sds_train/sparse_233_22.npy,1175
/root/autodl-tmp/UWAmodel_2/datasets/data_splits_original/train/233_52.jpg,/root/autodl-tmp/UWAmodel_2/datasets/data_splits_depth/train/233_52.jpg,/root/autodl-tmp/UWAmodel_2/datasets/data_splits_sds_train/sparse_233_52.npy,1175
/root/autodl-tmp/UWAmodel_2/datasets/data_splits_original/train/233_64.jpg,/root/autodl-tmp/UWAmodel_2/datasets/data_splits_depth/train/233_64.jpg,/root/autodl-tmp/UWAmodel_2/datasets/data_splits_sds_train/sparse_233_64.npy,1175
/root/autodl-tmp/UWAmodel_2/datasets/data_splits_original/train/233_68.jpg,/root/autodl-tmp/UWAmodel_2/datasets/data_splits_depth/train/233_68.jpg,/root/autodl-tmp/UWAmodel_2/datasets/data_splits_sds_train/sparse_233_68.npy,1175
/root/autodl-tmp/UWAmodel_2/datasets/data_splits_original/train/233_78.jpg,/root/autodl-tmp/UWAmodel_2/datasets/data_splits_depth/train/233_78.jpg,/root/autodl-tmp/UWAmodel_2/datasets/data_splits_sds_train/sparse_233_78.npy,1175
/root/autodl-tmp/UWAmodel_2/datasets/data_splits_original/train/234_37.jpg,/root/autodl-tmp/UWAmodel_2/datasets/data_splits_depth/train/234_37.jpg,/root/autodl-tmp/UWAmodel_2/datasets/data_splits_sds_train/sparse_234_37.npy,1175
/root/autodl-tmp/UWAmodel_2/datasets/data_splits_original/train/234_38.jpg,/root/autodl-tmp/UWAmodel_2/datasets/data_splits_depth/train/234_38.jpg,/root/autodl-tmp/UWAmodel_2/datasets/data_splits_sds_train/sparse_234_38.npy,1175
/root/autodl-tmp/UWAmodel_2/datasets/data_splits_original/train/234_39.jpg,/root/autodl-tmp/UWAmodel_2/datasets/data_splits_depth/train/234_39.jpg,/root/autodl-tmp/UWAmodel_2/datasets/data_splits_sds_train/sparse_234_39.npy,1175
/root/autodl-tmp/UWAmodel_2/datasets/data_splits_original/train/234_86.jpg,/root/autodl-tmp/UWAmodel_2/datasets/data_splits_depth/train/234_86.jpg,/root/autodl-tmp/UWAmodel_2/datasets/data_splits_sds_train/sparse_234_86.npy,1175
/root/autodl-tmp/UWAmodel_2/datasets/data_splits_original/train/234_114.jpg,/root/autodl-tmp/UWAmodel_2/datasets/data_splits_depth/train/234_114.jpg,/root/autodl-tmp/UWAmodel_2/datasets/data_splits_sds_train/sparse_234_114.npy,1175
/root/autodl-tmp/UWAmodel_2/datasets/data_splits_original/train/235_47.jpg,/root/autodl-tmp/UWAmodel_2/datasets/data_splits_depth/train/235_47.jpg,/root/autodl-tmp/UWAmodel_2/datasets/data_splits_sds_train/sparse_235_47.npy,1175
/root/autodl-tmp/UWAmodel_2/datasets/data_splits_original/train/235_48.jpg,/root/autodl-tmp/UWAmodel_2/datasets/data_splits_depth/train/235_48.jpg,/root/autodl-tmp/UWAmodel_2/datasets/data_splits_sds_train/sparse_235_48.npy,1175
/root/autodl-tmp/UWAmodel_2/datasets/data_splits_original/train/235_58.jpg,/root/autodl-tmp/UWAmodel_2/datasets/data_splits_depth/train/235_58.jpg,/root/autodl-tmp/UWAmodel_2/datasets/data_splits_sds_train/sparse_235_58.npy,1175
/root/autodl-tmp/UWAmodel_2/datasets/data_splits_original/train/235_60.jpg,/root/autodl-tmp/UWAmodel_2/datasets/data_splits_depth/train/235_60.jpg,/root/autodl-tmp/UWAmodel_2/datasets/data_splits_sds_train/sparse_235_60.npy,1175
/root/autodl-tmp/UWAmodel_2/datasets/data_splits_original/train/235_107.jpg,/root/autodl-tmp/UWAmodel_2/datasets/data_splits_depth/train/235_107.jpg,/root/autodl-tmp/UWAmodel_2/datasets/data_splits_sds_train/sparse_235_107.npy,1175
/root/autodl-tmp/UWAmodel_2/datasets/data_splits_original/train/236_8.jpg,/root/autodl-tmp/UWAmodel_2/datasets/data_splits_depth/train/236_8.jpg,/root/autodl-tmp/UWAmodel_2/datasets/data_splits_sds_train/sparse_236_8.npy,1175
/root/autodl-tmp/UWAmodel_2/datasets/data_splits_original/train/236_25.jpg,/root/autodl-tmp/UWAmodel_2/datasets/data_splits_depth/train/236_25.jpg,/root/autodl-tmp/UWAmodel_2/datasets/data_splits_sds_train/sparse_236_25.npy,1175
/root/autodl-tmp/UWAmodel_2/datasets/data_splits_original/train/236_38.jpg,/root/autodl-tmp/UWAmodel_2/datasets/data_splits_depth/train/236_38.jpg,/root/autodl-tmp/UWAmodel_2/datasets/data_splits_sds_train/sparse_236_38.npy,1175
/root/autodl-tmp/UWAmodel_2/datasets/data_splits_original/train/236_96.jpg,/root/autodl-tmp/UWAmodel_2/datasets/data_splits_depth/train/236_96.jpg,/root/autodl-tmp/UWAmodel_2/datasets/data_splits_sds_train/sparse_236_96.npy,1175
/root/autodl-tmp/UWAmodel_2/datasets/data_splits_original/train/236_117.jpg,/root/autodl-tmp/UWAmodel_2/datasets/data_splits_depth/train/236_117.jpg,/root/autodl-tmp/UWAmodel_2/datasets/data_splits_sds_train/sparse_236_117.npy,1175
/root/autodl-tmp/UWAmodel_2/datasets/data_splits_original/train/237_6.jpg,/root/autodl-tmp/UWAmodel_2/datasets/data_splits_depth/train/237_6.jpg,/root/autodl-tmp/UWAmodel_2/datasets/data_splits_sds_train/sparse_237_6.npy,1175
/root/autodl-tmp/UWAmodel_2/datasets/data_splits_original/train/237_15.jpg,/root/autodl-tmp/UWAmodel_2/datasets/data_splits_depth/train/237_15.jpg,/root/autodl-tmp/UWAmodel_2/datasets/data_splits_sds_train/sparse_237_15.npy,1175
/root/autodl-tmp/UWAmodel_2/datasets/data_splits_original/train/237_17.jpg,/root/autodl-tmp/UWAmodel_2/datasets/data_splits_depth/train/237_17.jpg,/root/autodl-tmp/UWAmodel_2/datasets/data_splits_sds_train/sparse_237_17.npy,1175
/root/autodl-tmp/UWAmodel_2/datasets/data_splits_original/train/237_42.jpg,/root/autodl-tmp/UWAmodel_2/datasets/data_splits_depth/train/237_42.jpg,/root/autodl-tmp/UWAmodel_2/datasets/data_splits_sds_train/sparse_237_42.npy,1175
/root/autodl-tmp/UWAmodel_2/datasets/data_splits_original/train/237_58.jpg,/root/autodl-tmp/UWAmodel_2/datasets/data_splits_depth/train/237_58.jpg,/root/autodl-tmp/UWAmodel_2/datasets/data_splits_sds_train/sparse_237_58.npy,1175
/root/autodl-tmp/UWAmodel_2/datasets/data_splits_original/train/238_5.jpg,/root/autodl-tmp/UWAmodel_2/datasets/data_splits_depth/train/238_5.jpg,/root/autodl-tmp/UWAmodel_2/datasets/data_splits_sds_train/sparse_238_5.npy,1175
/root/autodl-tmp/UWAmodel_2/datasets/data_splits_original/train/238_14.jpg,/root/autodl-tmp/UWAmodel_2/datasets/data_splits_depth/train/238_14.jpg,/root/autodl-tmp/UWAmodel_2/datasets/data_splits_sds_train/sparse_238_14.npy,1175
/root/autodl-tmp/UWAmodel_2/datasets/data_splits_original/train/238_21.jpg,/root/autodl-tmp/UWAmodel_2/datasets/data_splits_depth/train/238_21.jpg,/root/autodl-tmp/UWAmodel_2/datasets/data_splits_sds_train/sparse_238_21.npy,1175
/root/autodl-tmp/UWAmodel_2/datasets/data_splits_original/train/238_51.jpg,/root/autodl-tmp/UWAmodel_2/datasets/data_splits_depth/train/238_51.jpg,/root/autodl-tmp/UWAmodel_2/datasets/data_splits_sds_train/sparse_238_51.npy,1175
/root/autodl-tmp/UWAmodel_2/datasets/data_splits_original/train/238_119.jpg,/root/autodl-tmp/UWAmodel_2/datasets/data_splits_depth/train/238_119.jpg,/root/autodl-tmp/UWAmodel_2/datasets/data_splits_sds_train/sparse_238_119.npy,1175
/root/autodl-tmp/UWAmodel_2/datasets/data_splits_original/train/239_36.jpg,/root/autodl-tmp/UWAmodel_2/datasets/data_splits_depth/train/239_36.jpg,/root/autodl-tmp/UWAmodel_2/datasets/data_splits_sds_train/sparse_239_36.npy,1175
/root/autodl-tmp/UWAmodel_2/datasets/data_splits_original/train/239_58.jpg,/root/autodl-tmp/UWAmodel_2/datasets/data_splits_depth/train/239_58.jpg,/root/autodl-tmp/UWAmodel_2/datasets/data_splits_sds_train/sparse_239_58.npy,1175
/root/autodl-tmp/UWAmodel_2/datasets/data_splits_original/train/239_88.jpg,/root/autodl-tmp/UWAmodel_2/datasets/data_splits_depth/train/239_88.jpg,/root/autodl-tmp/UWAmodel_2/datasets/data_splits_sds_train/sparse_239_88.npy,1175
/root/autodl-tmp/UWAmodel_2/datasets/data_splits_original/train/239_93.jpg,/root/autodl-tmp/UWAmodel_2/datasets/data_splits_depth/train/239_93.jpg,/root/autodl-tmp/UWAmodel_2/datasets/data_splits_sds_train/sparse_239_93.npy,1175
/root/autodl-tmp/UWAmodel_2/datasets/data_splits_original/train/239_118.jpg,/root/autodl-tmp/UWAmodel_2/datasets/data_splits_depth/train/239_118.jpg,/root/autodl-tmp/UWAmodel_2/datasets/data_splits_sds_train/sparse_239_118.npy,1175
/root/autodl-tmp/UWAmodel_2/datasets/data_splits_original/train/240_38.jpg,/root/autodl-tmp/UWAmodel_2/datasets/data_splits_depth/train/240_38.jpg,/root/autodl-tmp/UWAmodel_2/datasets/data_splits_sds_train/sparse_240_38.npy,1175
/root/autodl-tmp/UWAmodel_2/datasets/data_splits_original/train/240_43.jpg,/root/autodl-tmp/UWAmodel_2/datasets/data_splits_depth/train/240_43.jpg,/root/autodl-tmp/UWAmodel_2/datasets/data_splits_sds_train/sparse_240_43.npy,1175
/root/autodl-tmp/UWAmodel_2/datasets/data_splits_original/train/240_78.jpg,/root/autodl-tmp/UWAmodel_2/datasets/data_splits_depth/train/240_78.jpg,/root/autodl-tmp/UWAmodel_2/datasets/data_splits_sds_train/sparse_240_78.npy,1175
/root/autodl-tmp/UWAmodel_2/datasets/data_splits_original/train/240_105.jpg,/root/autodl-tmp/UWAmodel_2/datasets/data_splits_depth/train/240_105.jpg,/root/autodl-tmp/UWAmodel_2/datasets/data_splits_sds_train/sparse_240_105.npy,1175
/root/autodl-tmp/UWAmodel_2/datasets/data_splits_original/train/240_106.jpg,/root/autodl-tmp/UWAmodel_2/datasets/data_splits_depth/train/240_106.jpg,/root/autodl-tmp/UWAmodel_2/datasets/data_splits_sds_train/sparse_240_106.npy,1175
/root/autodl-tmp/UWAmodel_2/datasets/data_splits_original/train/241_4.jpg,/root/autodl-tmp/UWAmodel_2/datasets/data_splits_depth/train/241_4.jpg,/root/autodl-tmp/UWAmodel_2/datasets/data_splits_sds_train/sparse_241_4.npy,1175
/root/autodl-tmp/UWAmodel_2/datasets/data_splits_original/train/241_68.jpg,/root/autodl-tmp/UWAmodel_2/datasets/data_splits_depth/train/241_68.jpg,/root/autodl-tmp/UWAmodel_2/datasets/data_splits_sds_train/sparse_241_68.npy,1175
/root/autodl-tmp/UWAmodel_2/datasets/data_splits_original/train/241_74.jpg,/root/autodl-tmp/UWAmodel_2/datasets/data_splits_depth/train/241_74.jpg,/root/autodl-tmp/UWAmodel_2/datasets/data_splits_sds_train/sparse_241_74.npy,1175
/root/autodl-tmp/UWAmodel_2/datasets/data_splits_original/train/241_112.jpg,/root/autodl-tmp/UWAmodel_2/datasets/data_splits_depth/train/241_112.jpg,/root/autodl-tmp/UWAmodel_2/datasets/data_splits_sds_train/sparse_241_112.npy,1175
/root/autodl-tmp/UWAmodel_2/datasets/data_splits_original/train/241_114.jpg,/root/autodl-tmp/UWAmodel_2/datasets/data_splits_depth/train/241_114.jpg,/root/autodl-tmp/UWAmodel_2/datasets/data_splits_sds_train/sparse_241_114.npy,1175
/root/autodl-tmp/UWAmodel_2/datasets/data_splits_original/train/242_4.jpg,/root/autodl-tmp/UWAmodel_2/datasets/data_splits_depth/train/242_4.jpg,/root/autodl-tmp/UWAmodel_2/datasets/data_splits_sds_train/sparse_242_4.npy,1175
/root/autodl-tmp/UWAmodel_2/datasets/data_splits_original/train/242_6.jpg,/root/autodl-tmp/UWAmodel_2/datasets/data_splits_depth/train/242_6.jpg,/root/autodl-tmp/UWAmodel_2/datasets/data_splits_sds_train/sparse_242_6.npy,1175
/root/autodl-tmp/UWAmodel_2/datasets/data_splits_original/train/242_29.jpg,/root/autodl-tmp/UWAmodel_2/datasets/data_splits_depth/train/242_29.jpg,/root/autodl-tmp/UWAmodel_2/datasets/data_splits_sds_train/sparse_242_29.npy,1175
/root/autodl-tmp/UWAmodel_2/datasets/data_splits_original/train/242_83.jpg,/root/autodl-tmp/UWAmodel_2/datasets/data_splits_depth/train/242_83.jpg,/root/autodl-tmp/UWAmodel_2/datasets/data_splits_sds_train/sparse_242_83.npy,1175
/root/autodl-tmp/UWAmodel_2/datasets/data_splits_original/train/242_113.jpg,/root/autodl-tmp/UWAmodel_2/datasets/data_splits_depth/train/242_113.jpg,/root/autodl-tmp/UWAmodel_2/datasets/data_splits_sds_train/sparse_242_113.npy,1175
/root/autodl-tmp/UWAmodel_2/datasets/data_splits_original/train/243_38.jpg,/root/autodl-tmp/UWAmodel_2/datasets/data_splits_depth/train/243_38.jpg,/root/autodl-tmp/UWAmodel_2/datasets/data_splits_sds_train/sparse_243_38.npy,1175
/root/autodl-tmp/UWAmodel_2/datasets/data_splits_original/train/243_56.jpg,/root/autodl-tmp/UWAmodel_2/datasets/data_splits_depth/train/243_56.jpg,/root/autodl-tmp/UWAmodel_2/datasets/data_splits_sds_train/sparse_243_56.npy,1175
/root/autodl-tmp/UWAmodel_2/datasets/data_splits_original/train/243_71.jpg,/root/autodl-tmp/UWAmodel_2/datasets/data_splits_depth/train/243_71.jpg,/root/autodl-tmp/UWAmodel_2/datasets/data_splits_sds_train/sparse_243_71.npy,1175
/root/autodl-tmp/UWAmodel_2/datasets/data_splits_original/train/243_79.jpg,/root/autodl-tmp/UWAmodel_2/datasets/data_splits_depth/train/243_79.jpg,/root/autodl-tmp/UWAmodel_2/datasets/data_splits_sds_train/sparse_243_79.npy,1175
/root/autodl-tmp/UWAmodel_2/datasets/data_splits_original/train/243_102.jpg,/root/autodl-tmp/UWAmodel_2/datasets/data_splits_depth/train/243_102.jpg,/root/autodl-tmp/UWAmodel_2/datasets/data_splits_sds_train/sparse_243_102.npy,1175
/root/autodl-tmp/UWAmodel_2/datasets/data_splits_original/train/244_5.jpg,/root/autodl-tmp/UWAmodel_2/datasets/data_splits_depth/train/244_5.jpg,/root/autodl-tmp/UWAmodel_2/datasets/data_splits_sds_train/sparse_244_5.npy,1175
/root/autodl-tmp/UWAmodel_2/datasets/data_splits_original/train/244_15.jpg,/root/autodl-tmp/UWAmodel_2/datasets/data_splits_depth/train/244_15.jpg,/root/autodl-tmp/UWAmodel_2/datasets/data_splits_sds_train/sparse_244_15.npy,1175
/root/autodl-tmp/UWAmodel_2/datasets/data_splits_original/train/244_17.jpg,/root/autodl-tmp/UWAmodel_2/datasets/data_splits_depth/train/244_17.jpg,/root/autodl-tmp/UWAmodel_2/datasets/data_splits_sds_train/sparse_244_17.npy,1175
/root/autodl-tmp/UWAmodel_2/datasets/data_splits_original/train/244_43.jpg,/root/autodl-tmp/UWAmodel_2/datasets/data_splits_depth/train/244_43.jpg,/root/autodl-tmp/UWAmodel_2/datasets/data_splits_sds_train/sparse_244_43.npy,1175
/root/autodl-tmp/UWAmodel_2/datasets/data_splits_original/train/244_106.jpg,/root/autodl-tmp/UWAmodel_2/datasets/data_splits_depth/train/244_106.jpg,/root/autodl-tmp/UWAmodel_2/datasets/data_splits_sds_train/sparse_244_106.npy,1175
/root/autodl-tmp/UWAmodel_2/datasets/data_splits_original/train/245_13.jpg,/root/autodl-tmp/UWAmodel_2/datasets/data_splits_depth/train/245_13.jpg,/root/autodl-tmp/UWAmodel_2/datasets/data_splits_sds_train/sparse_245_13.npy,1175
/root/autodl-tmp/UWAmodel_2/datasets/data_splits_original/train/245_53.jpg,/root/autodl-tmp/UWAmodel_2/datasets/data_splits_depth/train/245_53.jpg,/root/autodl-tmp/UWAmodel_2/datasets/data_splits_sds_train/sparse_245_53.npy,1175
/root/autodl-tmp/UWAmodel_2/datasets/data_splits_original/train/245_69.jpg,/root/autodl-tmp/UWAmodel_2/datasets/data_splits_depth/train/245_69.jpg,/root/autodl-tmp/UWAmodel_2/datasets/data_splits_sds_train/sparse_245_69.npy,1175
/root/autodl-tmp/UWAmodel_2/datasets/data_splits_original/train/245_82.jpg,/root/autodl-tmp/UWAmodel_2/datasets/data_splits_depth/train/245_82.jpg,/root/autodl-tmp/UWAmodel_2/datasets/data_splits_sds_train/sparse_245_82.npy,1175
/root/autodl-tmp/UWAmodel_2/datasets/data_splits_original/train/245_114.jpg,/root/autodl-tmp/UWAmodel_2/datasets/data_splits_depth/train/245_114.jpg,/root/autodl-tmp/UWAmodel_2/datasets/data_splits_sds_train/sparse_245_114.npy,1175
/root/autodl-tmp/UWAmodel_2/datasets/data_splits_original/train/246_17.jpg,/root/autodl-tmp/UWAmodel_2/datasets/data_splits_depth/train/246_17.jpg,/root/autodl-tmp/UWAmodel_2/datasets/data_splits_sds_train/sparse_246_17.npy,1175
/root/autodl-tmp/UWAmodel_2/datasets/data_splits_original/train/246_24.jpg,/root/autodl-tmp/UWAmodel_2/datasets/data_splits_depth/train/246_24.jpg,/root/autodl-tmp/UWAmodel_2/datasets/data_splits_sds_train/sparse_246_24.npy,1175
/root/autodl-tmp/UWAmodel_2/datasets/data_splits_original/train/246_47.jpg,/root/autodl-tmp/UWAmodel_2/datasets/data_splits_depth/train/246_47.jpg,/root/autodl-tmp/UWAmodel_2/datasets/data_splits_sds_train/sparse_246_47.npy,1175
/root/autodl-tmp/UWAmodel_2/datasets/data_splits_original/train/246_113.jpg,/root/autodl-tmp/UWAmodel_2/datasets/data_splits_depth/train/246_113.jpg,/root/autodl-tmp/UWAmodel_2/datasets/data_splits_sds_train/sparse_246_113.npy,1175
/root/autodl-tmp/UWAmodel_2/datasets/data_splits_original/train/246_116.jpg,/root/autodl-tmp/UWAmodel_2/datasets/data_splits_depth/train/246_116.jpg,/root/autodl-tmp/UWAmodel_2/datasets/data_splits_sds_train/sparse_246_116.npy,1175
/root/autodl-tmp/UWAmodel_2/datasets/data_splits_original/train/247_5.jpg,/root/autodl-tmp/UWAmodel_2/datasets/data_splits_depth/train/247_5.jpg,/root/autodl-tmp/UWAmodel_2/datasets/data_splits_sds_train/sparse_247_5.npy,1175
/root/autodl-tmp/UWAmodel_2/datasets/data_splits_original/train/247_15.jpg,/root/autodl-tmp/UWAmodel_2/datasets/data_splits_depth/train/247_15.jpg,/root/autodl-tmp/UWAmodel_2/datasets/data_splits_sds_train/sparse_247_15.npy,1175
/root/autodl-tmp/UWAmodel_2/datasets/data_splits_original/train/247_33.jpg,/root/autodl-tmp/UWAmodel_2/datasets/data_splits_depth/train/247_33.jpg,/root/autodl-tmp/UWAmodel_2/datasets/data_splits_sds_train/sparse_247_33.npy,1175
/root/autodl-tmp/UWAmodel_2/datasets/data_splits_original/train/247_94.jpg,/root/autodl-tmp/UWAmodel_2/datasets/data_splits_depth/train/247_94.jpg,/root/autodl-tmp/UWAmodel_2/datasets/data_splits_sds_train/sparse_247_94.npy,1175
/root/autodl-tmp/UWAmodel_2/datasets/data_splits_original/train/247_104.jpg,/root/autodl-tmp/UWAmodel_2/datasets/data_splits_depth/train/247_104.jpg,/root/autodl-tmp/UWAmodel_2/datasets/data_splits_sds_train/sparse_247_104.npy,1175
/root/autodl-tmp/UWAmodel_2/datasets/data_splits_original/train/248_7.jpg,/root/autodl-tmp/UWAmodel_2/datasets/data_splits_depth/train/248_7.jpg,/root/autodl-tmp/UWAmodel_2/datasets/data_splits_sds_train/sparse_248_7.npy,1175
/root/autodl-tmp/UWAmodel_2/datasets/data_splits_original/train/248_22.jpg,/root/autodl-tmp/UWAmodel_2/datasets/data_splits_depth/train/248_22.jpg,/root/autodl-tmp/UWAmodel_2/datasets/data_splits_sds_train/sparse_248_22.npy,1175
/root/autodl-tmp/UWAmodel_2/datasets/data_splits_original/train/248_71.jpg,/root/autodl-tmp/UWAmodel_2/datasets/data_splits_depth/train/248_71.jpg,/root/autodl-tmp/UWAmodel_2/datasets/data_splits_sds_train/sparse_248_71.npy,1175
/root/autodl-tmp/UWAmodel_2/datasets/data_splits_original/train/248_74.jpg,/root/autodl-tmp/UWAmodel_2/datasets/data_splits_depth/train/248_74.jpg,/root/autodl-tmp/UWAmodel_2/datasets/data_splits_sds_train/sparse_248_74.npy,1175
/root/autodl-tmp/UWAmodel_2/datasets/data_splits_original/train/248_107.jpg,/root/autodl-tmp/UWAmodel_2/datasets/data_splits_depth/train/248_107.jpg,/root/autodl-tmp/UWAmodel_2/datasets/data_splits_sds_train/sparse_248_107.npy,1175
/root/autodl-tmp/UWAmodel_2/datasets/data_splits_original/train/249_33.jpg,/root/autodl-tmp/UWAmodel_2/datasets/data_splits_depth/train/249_33.jpg,/root/autodl-tmp/UWAmodel_2/datasets/data_splits_sds_train/sparse_249_33.npy,1175
/root/autodl-tmp/UWAmodel_2/datasets/data_splits_original/train/249_49.jpg,/root/autodl-tmp/UWAmodel_2/datasets/data_splits_depth/train/249_49.jpg,/root/autodl-tmp/UWAmodel_2/datasets/data_splits_sds_train/sparse_249_49.npy,1175
/root/autodl-tmp/UWAmodel_2/datasets/data_splits_original/train/249_61.jpg,/root/autodl-tmp/UWAmodel_2/datasets/data_splits_depth/train/249_61.jpg,/root/autodl-tmp/UWAmodel_2/datasets/data_splits_sds_train/sparse_249_61.npy,1175
/root/autodl-tmp/UWAmodel_2/datasets/data_splits_original/train/249_66.jpg,/root/autodl-tmp/UWAmodel_2/datasets/data_splits_depth/train/249_66.jpg,/root/autodl-tmp/UWAmodel_2/datasets/data_splits_sds_train/sparse_249_66.npy,1175
/root/autodl-tmp/UWAmodel_2/datasets/data_splits_original/train/249_119.jpg,/root/autodl-tmp/UWAmodel_2/datasets/data_splits_depth/train/249_119.jpg,/root/autodl-tmp/UWAmodel_2/datasets/data_splits_sds_train/sparse_249_119.npy,1175
/root/autodl-tmp/UWAmodel_2/datasets/data_splits_original/train/250_16.jpg,/root/autodl-tmp/UWAmodel_2/datasets/data_splits_depth/train/250_16.jpg,/root/autodl-tmp/UWAmodel_2/datasets/data_splits_sds_train/sparse_250_16.npy,1175
/root/autodl-tmp/UWAmodel_2/datasets/data_splits_original/train/250_33.jpg,/root/autodl-tmp/UWAmodel_2/datasets/data_splits_depth/train/250_33.jpg,/root/autodl-tmp/UWAmodel_2/datasets/data_splits_sds_train/sparse_250_33.npy,1175
/root/autodl-tmp/UWAmodel_2/datasets/data_splits_original/train/250_72.jpg,/root/autodl-tmp/UWAmodel_2/datasets/data_splits_depth/train/250_72.jpg,/root/autodl-tmp/UWAmodel_2/datasets/data_splits_sds_train/sparse_250_72.npy,1175
/root/autodl-tmp/UWAmodel_2/datasets/data_splits_original/train/250_78.jpg,/root/autodl-tmp/UWAmodel_2/datasets/data_splits_depth/train/250_78.jpg,/root/autodl-tmp/UWAmodel_2/datasets/data_splits_sds_train/sparse_250_78.npy,1175
/root/autodl-tmp/UWAmodel_2/datasets/data_splits_original/train/250_93.jpg,/root/autodl-tmp/UWAmodel_2/datasets/data_splits_depth/train/250_93.jpg,/root/autodl-tmp/UWAmodel_2/datasets/data_splits_sds_train/sparse_250_93.npy,1175
/root/autodl-tmp/UWAmodel_2/datasets/data_splits_original/train/251_11.jpg,/root/autodl-tmp/UWAmodel_2/datasets/data_splits_depth/train/251_11.jpg,/root/autodl-tmp/UWAmodel_2/datasets/data_splits_sds_train/sparse_251_11.npy,1175
/root/autodl-tmp/UWAmodel_2/datasets/data_splits_original/train/251_18.jpg,/root/autodl-tmp/UWAmodel_2/datasets/data_splits_depth/train/251_18.jpg,/root/autodl-tmp/UWAmodel_2/datasets/data_splits_sds_train/sparse_251_18.npy,1175
/root/autodl-tmp/UWAmodel_2/datasets/data_splits_original/train/251_35.jpg,/root/autodl-tmp/UWAmodel_2/datasets/data_splits_depth/train/251_35.jpg,/root/autodl-tmp/UWAmodel_2/datasets/data_splits_sds_train/sparse_251_35.npy,1175
/root/autodl-tmp/UWAmodel_2/datasets/data_splits_original/train/251_42.jpg,/root/autodl-tmp/UWAmodel_2/datasets/data_splits_depth/train/251_42.jpg,/root/autodl-tmp/UWAmodel_2/datasets/data_splits_sds_train/sparse_251_42.npy,1175
/root/autodl-tmp/UWAmodel_2/datasets/data_splits_original/train/251_53.jpg,/root/autodl-tmp/UWAmodel_2/datasets/data_splits_depth/train/251_53.jpg,/root/autodl-tmp/UWAmodel_2/datasets/data_splits_sds_train/sparse_251_53.npy,1175
/root/autodl-tmp/UWAmodel_2/datasets/data_splits_original/train/252_48.jpg,/root/autodl-tmp/UWAmodel_2/datasets/data_splits_depth/train/252_48.jpg,/root/autodl-tmp/UWAmodel_2/datasets/data_splits_sds_train/sparse_252_48.npy,1175
/root/autodl-tmp/UWAmodel_2/datasets/data_splits_original/train/252_63.jpg,/root/autodl-tmp/UWAmodel_2/datasets/data_splits_depth/train/252_63.jpg,/root/autodl-tmp/UWAmodel_2/datasets/data_splits_sds_train/sparse_252_63.npy,1175
/root/autodl-tmp/UWAmodel_2/datasets/data_splits_original/train/252_74.jpg,/root/autodl-tmp/UWAmodel_2/datasets/data_splits_depth/train/252_74.jpg,/root/autodl-tmp/UWAmodel_2/datasets/data_splits_sds_train/sparse_252_74.npy,1175
/root/autodl-tmp/UWAmodel_2/datasets/data_splits_original/train/252_109.jpg,/root/autodl-tmp/UWAmodel_2/datasets/data_splits_depth/train/252_109.jpg,/root/autodl-tmp/UWAmodel_2/datasets/data_splits_sds_train/sparse_252_109.npy,1175
/root/autodl-tmp/UWAmodel_2/datasets/data_splits_original/train/252_119.jpg,/root/autodl-tmp/UWAmodel_2/datasets/data_splits_depth/train/252_119.jpg,/root/autodl-tmp/UWAmodel_2/datasets/data_splits_sds_train/sparse_252_119.npy,1175
/root/autodl-tmp/UWAmodel_2/datasets/data_splits_original/train/253_33.jpg,/root/autodl-tmp/UWAmodel_2/datasets/data_splits_depth/train/253_33.jpg,/root/autodl-tmp/UWAmodel_2/datasets/data_splits_sds_train/sparse_253_33.npy,1175
/root/autodl-tmp/UWAmodel_2/datasets/data_splits_original/train/253_38.jpg,/root/autodl-tmp/UWAmodel_2/datasets/data_splits_depth/train/253_38.jpg,/root/autodl-tmp/UWAmodel_2/datasets/data_splits_sds_train/sparse_253_38.npy,1175
/root/autodl-tmp/UWAmodel_2/datasets/data_splits_original/train/253_53.jpg,/root/autodl-tmp/UWAmodel_2/datasets/data_splits_depth/train/253_53.jpg,/root/autodl-tmp/UWAmodel_2/datasets/data_splits_sds_train/sparse_253_53.npy,1175
/root/autodl-tmp/UWAmodel_2/datasets/data_splits_original/train/253_79.jpg,/root/autodl-tmp/UWAmodel_2/datasets/data_splits_depth/train/253_79.jpg,/root/autodl-tmp/UWAmodel_2/datasets/data_splits_sds_train/sparse_253_79.npy,1175
/root/autodl-tmp/UWAmodel_2/datasets/data_splits_original/train/253_120.jpg,/root/autodl-tmp/UWAmodel_2/datasets/data_splits_depth/train/253_120.jpg,/root/autodl-tmp/UWAmodel_2/datasets/data_splits_sds_train/sparse_253_120.npy,1175
/root/autodl-tmp/UWAmodel_2/datasets/data_splits_original/train/254_8.jpg,/root/autodl-tmp/UWAmodel_2/datasets/data_splits_depth/train/254_8.jpg,/root/autodl-tmp/UWAmodel_2/datasets/data_splits_sds_train/sparse_254_8.npy,1175
/root/autodl-tmp/UWAmodel_2/datasets/data_splits_original/train/254_16.jpg,/root/autodl-tmp/UWAmodel_2/datasets/data_splits_depth/train/254_16.jpg,/root/autodl-tmp/UWAmodel_2/datasets/data_splits_sds_train/sparse_254_16.npy,1175
/root/autodl-tmp/UWAmodel_2/datasets/data_splits_original/train/254_81.jpg,/root/autodl-tmp/UWAmodel_2/datasets/data_splits_depth/train/254_81.jpg,/root/autodl-tmp/UWAmodel_2/datasets/data_splits_sds_train/sparse_254_81.npy,1175
/root/autodl-tmp/UWAmodel_2/datasets/data_splits_original/train/254_94.jpg,/root/autodl-tmp/UWAmodel_2/datasets/data_splits_depth/train/254_94.jpg,/root/autodl-tmp/UWAmodel_2/datasets/data_splits_sds_train/sparse_254_94.npy,1175
/root/autodl-tmp/UWAmodel_2/datasets/data_splits_original/train/254_104.jpg,/root/autodl-tmp/UWAmodel_2/datasets/data_splits_depth/train/254_104.jpg,/root/autodl-tmp/UWAmodel_2/datasets/data_splits_sds_train/sparse_254_104.npy,1175
/root/autodl-tmp/UWAmodel_2/datasets/data_splits_original/train/256_5.jpg,/root/autodl-tmp/UWAmodel_2/datasets/data_splits_depth/train/256_5.jpg,/root/autodl-tmp/UWAmodel_2/datasets/data_splits_sds_train/sparse_256_5.npy,1175
/root/autodl-tmp/UWAmodel_2/datasets/data_splits_original/train/256_68.jpg,/root/autodl-tmp/UWAmodel_2/datasets/data_splits_depth/train/256_68.jpg,/root/autodl-tmp/UWAmodel_2/datasets/data_splits_sds_train/sparse_256_68.npy,1175
/root/autodl-tmp/UWAmodel_2/datasets/data_splits_original/train/256_85.jpg,/root/autodl-tmp/UWAmodel_2/datasets/data_splits_depth/train/256_85.jpg,/root/autodl-tmp/UWAmodel_2/datasets/data_splits_sds_train/sparse_256_85.npy,1175
/root/autodl-tmp/UWAmodel_2/datasets/data_splits_original/train/256_102.jpg,/root/autodl-tmp/UWAmodel_2/datasets/data_splits_depth/train/256_102.jpg,/root/autodl-tmp/UWAmodel_2/datasets/data_splits_sds_train/sparse_256_102.npy,1175
/root/autodl-tmp/UWAmodel_2/datasets/data_splits_original/train/256_109.jpg,/root/autodl-tmp/UWAmodel_2/datasets/data_splits_depth/train/256_109.jpg,/root/autodl-tmp/UWAmodel_2/datasets/data_splits_sds_train/sparse_256_109.npy,1175
/root/autodl-tmp/UWAmodel_2/datasets/data_splits_original/train/257_14.jpg,/root/autodl-tmp/UWAmodel_2/datasets/data_splits_depth/train/257_14.jpg,/root/autodl-tmp/UWAmodel_2/datasets/data_splits_sds_train/sparse_257_14.npy,1175
/root/autodl-tmp/UWAmodel_2/datasets/data_splits_original/train/257_43.jpg,/root/autodl-tmp/UWAmodel_2/datasets/data_splits_depth/train/257_43.jpg,/root/autodl-tmp/UWAmodel_2/datasets/data_splits_sds_train/sparse_257_43.npy,1175
/root/autodl-tmp/UWAmodel_2/datasets/data_splits_original/train/257_92.jpg,/root/autodl-tmp/UWAmodel_2/datasets/data_splits_depth/train/257_92.jpg,/root/autodl-tmp/UWAmodel_2/datasets/data_splits_sds_train/sparse_257_92.npy,1175
/root/autodl-tmp/UWAmodel_2/datasets/data_splits_original/train/257_109.jpg,/root/autodl-tmp/UWAmodel_2/datasets/data_splits_depth/train/257_109.jpg,/root/autodl-tmp/UWAmodel_2/datasets/data_splits_sds_train/sparse_257_109.npy,1175
/root/autodl-tmp/UWAmodel_2/datasets/data_splits_original/train/257_117.jpg,/root/autodl-tmp/UWAmodel_2/datasets/data_splits_depth/train/257_117.jpg,/root/autodl-tmp/UWAmodel_2/datasets/data_splits_sds_train/sparse_257_117.npy,1175
/root/autodl-tmp/UWAmodel_2/datasets/data_splits_original/train/258_4.jpg,/root/autodl-tmp/UWAmodel_2/datasets/data_splits_depth/train/258_4.jpg,/root/autodl-tmp/UWAmodel_2/datasets/data_splits_sds_train/sparse_258_4.npy,1175
/root/autodl-tmp/UWAmodel_2/datasets/data_splits_original/train/258_8.jpg,/root/autodl-tmp/UWAmodel_2/datasets/data_splits_depth/train/258_8.jpg,/root/autodl-tmp/UWAmodel_2/datasets/data_splits_sds_train/sparse_258_8.npy,1175
/root/autodl-tmp/UWAmodel_2/datasets/data_splits_original/train/258_81.jpg,/root/autodl-tmp/UWAmodel_2/datasets/data_splits_depth/train/258_81.jpg,/root/autodl-tmp/UWAmodel_2/datasets/data_splits_sds_train/sparse_258_81.npy,1175
/root/autodl-tmp/UWAmodel_2/datasets/data_splits_original/train/258_92.jpg,/root/autodl-tmp/UWAmodel_2/datasets/data_splits_depth/train/258_92.jpg,/root/autodl-tmp/UWAmodel_2/datasets/data_splits_sds_train/sparse_258_92.npy,1175
/root/autodl-tmp/UWAmodel_2/datasets/data_splits_original/train/258_114.jpg,/root/autodl-tmp/UWAmodel_2/datasets/data_splits_depth/train/258_114.jpg,/root/autodl-tmp/UWAmodel_2/datasets/data_splits_sds_train/sparse_258_114.npy,1175
/root/autodl-tmp/UWAmodel_2/datasets/data_splits_original/train/260_10.jpg,/root/autodl-tmp/UWAmodel_2/datasets/data_splits_depth/train/260_10.jpg,/root/autodl-tmp/UWAmodel_2/datasets/data_splits_sds_train/sparse_260_10.npy,1175
/root/autodl-tmp/UWAmodel_2/datasets/data_splits_original/train/260_49.jpg,/root/autodl-tmp/UWAmodel_2/datasets/data_splits_depth/train/260_49.jpg,/root/autodl-tmp/UWAmodel_2/datasets/data_splits_sds_train/sparse_260_49.npy,1175
/root/autodl-tmp/UWAmodel_2/datasets/data_splits_original/train/260_86.jpg,/root/autodl-tmp/UWAmodel_2/datasets/data_splits_depth/train/260_86.jpg,/root/autodl-tmp/UWAmodel_2/datasets/data_splits_sds_train/sparse_260_86.npy,1175
/root/autodl-tmp/UWAmodel_2/datasets/data_splits_original/train/260_90.jpg,/root/autodl-tmp/UWAmodel_2/datasets/data_splits_depth/train/260_90.jpg,/root/autodl-tmp/UWAmodel_2/datasets/data_splits_sds_train/sparse_260_90.npy,1175
/root/autodl-tmp/UWAmodel_2/datasets/data_splits_original/train/260_96.jpg,/root/autodl-tmp/UWAmodel_2/datasets/data_splits_depth/train/260_96.jpg,/root/autodl-tmp/UWAmodel_2/datasets/data_splits_sds_train/sparse_260_96.npy,1175
/root/autodl-tmp/UWAmodel_2/datasets/data_splits_original/train/261_34.jpg,/root/autodl-tmp/UWAmodel_2/datasets/data_splits_depth/train/261_34.jpg,/root/autodl-tmp/UWAmodel_2/datasets/data_splits_sds_train/sparse_261_34.npy,1175
/root/autodl-tmp/UWAmodel_2/datasets/data_splits_original/train/261_51.jpg,/root/autodl-tmp/UWAmodel_2/datasets/data_splits_depth/train/261_51.jpg,/root/autodl-tmp/UWAmodel_2/datasets/data_splits_sds_train/sparse_261_51.npy,1175
/root/autodl-tmp/UWAmodel_2/datasets/data_splits_original/train/261_91.jpg,/root/autodl-tmp/UWAmodel_2/datasets/data_splits_depth/train/261_91.jpg,/root/autodl-tmp/UWAmodel_2/datasets/data_splits_sds_train/sparse_261_91.npy,1175
/root/autodl-tmp/UWAmodel_2/datasets/data_splits_original/train/261_96.jpg,/root/autodl-tmp/UWAmodel_2/datasets/data_splits_depth/train/261_96.jpg,/root/autodl-tmp/UWAmodel_2/datasets/data_splits_sds_train/sparse_261_96.npy,1175
/root/autodl-tmp/UWAmodel_2/datasets/data_splits_original/train/261_100.jpg,/root/autodl-tmp/UWAmodel_2/datasets/data_splits_depth/train/261_100.jpg,/root/autodl-tmp/UWAmodel_2/datasets/data_splits_sds_train/sparse_261_100.npy,1175
/root/autodl-tmp/UWAmodel_2/datasets/data_splits_original/train/262_6.jpg,/root/autodl-tmp/UWAmodel_2/datasets/data_splits_depth/train/262_6.jpg,/root/autodl-tmp/UWAmodel_2/datasets/data_splits_sds_train/sparse_262_6.npy,1175
/root/autodl-tmp/UWAmodel_2/datasets/data_splits_original/train/262_82.jpg,/root/autodl-tmp/UWAmodel_2/datasets/data_splits_depth/train/262_82.jpg,/root/autodl-tmp/UWAmodel_2/datasets/data_splits_sds_train/sparse_262_82.npy,1175
/root/autodl-tmp/UWAmodel_2/datasets/data_splits_original/train/262_86.jpg,/root/autodl-tmp/UWAmodel_2/datasets/data_splits_depth/train/262_86.jpg,/root/autodl-tmp/UWAmodel_2/datasets/data_splits_sds_train/sparse_262_86.npy,1175
/root/autodl-tmp/UWAmodel_2/datasets/data_splits_original/train/262_100.jpg,/root/autodl-tmp/UWAmodel_2/datasets/data_splits_depth/train/262_100.jpg,/root/autodl-tmp/UWAmodel_2/datasets/data_splits_sds_train/sparse_262_100.npy,1175
/root/autodl-tmp/UWAmodel_2/datasets/data_splits_original/train/262_109.jpg,/root/autodl-tmp/UWAmodel_2/datasets/data_splits_depth/train/262_109.jpg,/root/autodl-tmp/UWAmodel_2/datasets/data_splits_sds_train/sparse_262_109.npy,1175
/root/autodl-tmp/UWAmodel_2/datasets/data_splits_original/train/264_43.jpg,/root/autodl-tmp/UWAmodel_2/datasets/data_splits_depth/train/264_43.jpg,/root/autodl-tmp/UWAmodel_2/datasets/data_splits_sds_train/sparse_264_43.npy,1175
/root/autodl-tmp/UWAmodel_2/datasets/data_splits_original/train/264_69.jpg,/root/autodl-tmp/UWAmodel_2/datasets/data_splits_depth/train/264_69.jpg,/root/autodl-tmp/UWAmodel_2/datasets/data_splits_sds_train/sparse_264_69.npy,1175
/root/autodl-tmp/UWAmodel_2/datasets/data_splits_original/train/264_98.jpg,/root/autodl-tmp/UWAmodel_2/datasets/data_splits_depth/train/264_98.jpg,/root/autodl-tmp/UWAmodel_2/datasets/data_splits_sds_train/sparse_264_98.npy,1175
/root/autodl-tmp/UWAmodel_2/datasets/data_splits_original/train/264_113.jpg,/root/autodl-tmp/UWAmodel_2/datasets/data_splits_depth/train/264_113.jpg,/root/autodl-tmp/UWAmodel_2/datasets/data_splits_sds_train/sparse_264_113.npy,1175
/root/autodl-tmp/UWAmodel_2/datasets/data_splits_original/train/264_117.jpg,/root/autodl-tmp/UWAmodel_2/datasets/data_splits_depth/train/264_117.jpg,/root/autodl-tmp/UWAmodel_2/datasets/data_splits_sds_train/sparse_264_117.npy,1175
/root/autodl-tmp/UWAmodel_2/datasets/data_splits_original/train/265_12.jpg,/root/autodl-tmp/UWAmodel_2/datasets/data_splits_depth/train/265_12.jpg,/root/autodl-tmp/UWAmodel_2/datasets/data_splits_sds_train/sparse_265_12.npy,1175
/root/autodl-tmp/UWAmodel_2/datasets/data_splits_original/train/265_20.jpg,/root/autodl-tmp/UWAmodel_2/datasets/data_splits_depth/train/265_20.jpg,/root/autodl-tmp/UWAmodel_2/datasets/data_splits_sds_train/sparse_265_20.npy,1175
/root/autodl-tmp/UWAmodel_2/datasets/data_splits_original/train/265_68.jpg,/root/autodl-tmp/UWAmodel_2/datasets/data_splits_depth/train/265_68.jpg,/root/autodl-tmp/UWAmodel_2/datasets/data_splits_sds_train/sparse_265_68.npy,1175
/root/autodl-tmp/UWAmodel_2/datasets/data_splits_original/train/265_114.jpg,/root/autodl-tmp/UWAmodel_2/datasets/data_splits_depth/train/265_114.jpg,/root/autodl-tmp/UWAmodel_2/datasets/data_splits_sds_train/sparse_265_114.npy,1175
/root/autodl-tmp/UWAmodel_2/datasets/data_splits_original/train/265_115.jpg,/root/autodl-tmp/UWAmodel_2/datasets/data_splits_depth/train/265_115.jpg,/root/autodl-tmp/UWAmodel_2/datasets/data_splits_sds_train/sparse_265_115.npy,1175
/root/autodl-tmp/UWAmodel_2/datasets/data_splits_original/train/269_9.jpg,/root/autodl-tmp/UWAmodel_2/datasets/data_splits_depth/train/269_9.jpg,/root/autodl-tmp/UWAmodel_2/datasets/data_splits_sds_train/sparse_269_9.npy,1175
/root/autodl-tmp/UWAmodel_2/datasets/data_splits_original/train/269_62.jpg,/root/autodl-tmp/UWAmodel_2/datasets/data_splits_depth/train/269_62.jpg,/root/autodl-tmp/UWAmodel_2/datasets/data_splits_sds_train/sparse_269_62.npy,1175
/root/autodl-tmp/UWAmodel_2/datasets/data_splits_original/train/269_68.jpg,/root/autodl-tmp/UWAmodel_2/datasets/data_splits_depth/train/269_68.jpg,/root/autodl-tmp/UWAmodel_2/datasets/data_splits_sds_train/sparse_269_68.npy,1175
/root/autodl-tmp/UWAmodel_2/datasets/data_splits_original/train/269_74.jpg,/root/autodl-tmp/UWAmodel_2/datasets/data_splits_depth/train/269_74.jpg,/root/autodl-tmp/UWAmodel_2/datasets/data_splits_sds_train/sparse_269_74.npy,1175
/root/autodl-tmp/UWAmodel_2/datasets/data_splits_original/train/269_98.jpg,/root/autodl-tmp/UWAmodel_2/datasets/data_splits_depth/train/269_98.jpg,/root/autodl-tmp/UWAmodel_2/datasets/data_splits_sds_train/sparse_269_98.npy,1175
/root/autodl-tmp/UWAmodel_2/datasets/data_splits_original/train/270_58.jpg,/root/autodl-tmp/UWAmodel_2/datasets/data_splits_depth/train/270_58.jpg,/root/autodl-tmp/UWAmodel_2/datasets/data_splits_sds_train/sparse_270_58.npy,1175
/root/autodl-tmp/UWAmodel_2/datasets/data_splits_original/train/270_64.jpg,/root/autodl-tmp/UWAmodel_2/datasets/data_splits_depth/train/270_64.jpg,/root/autodl-tmp/UWAmodel_2/datasets/data_splits_sds_train/sparse_270_64.npy,1175
/root/autodl-tmp/UWAmodel_2/datasets/data_splits_original/train/270_71.jpg,/root/autodl-tmp/UWAmodel_2/datasets/data_splits_depth/train/270_71.jpg,/root/autodl-tmp/UWAmodel_2/datasets/data_splits_sds_train/sparse_270_71.npy,1175
/root/autodl-tmp/UWAmodel_2/datasets/data_splits_original/train/270_92.jpg,/root/autodl-tmp/UWAmodel_2/datasets/data_splits_depth/train/270_92.jpg,/root/autodl-tmp/UWAmodel_2/datasets/data_splits_sds_train/sparse_270_92.npy,1175
/root/autodl-tmp/UWAmodel_2/datasets/data_splits_original/train/270_115.jpg,/root/autodl-tmp/UWAmodel_2/datasets/data_splits_depth/train/270_115.jpg,/root/autodl-tmp/UWAmodel_2/datasets/data_splits_sds_train/sparse_270_115.npy,1175
/root/autodl-tmp/UWAmodel_2/datasets/data_splits_original/train/271_6.jpg,/root/autodl-tmp/UWAmodel_2/datasets/data_splits_depth/train/271_6.jpg,/root/autodl-tmp/UWAmodel_2/datasets/data_splits_sds_train/sparse_271_6.npy,1175
/root/autodl-tmp/UWAmodel_2/datasets/data_splits_original/train/271_60.jpg,/root/autodl-tmp/UWAmodel_2/datasets/data_splits_depth/train/271_60.jpg,/root/autodl-tmp/UWAmodel_2/datasets/data_splits_sds_train/sparse_271_60.npy,1175
/root/autodl-tmp/UWAmodel_2/datasets/data_splits_original/train/271_86.jpg,/root/autodl-tmp/UWAmodel_2/datasets/data_splits_depth/train/271_86.jpg,/root/autodl-tmp/UWAmodel_2/datasets/data_splits_sds_train/sparse_271_86.npy,1175
/root/autodl-tmp/UWAmodel_2/datasets/data_splits_original/train/271_106.jpg,/root/autodl-tmp/UWAmodel_2/datasets/data_splits_depth/train/271_106.jpg,/root/autodl-tmp/UWAmodel_2/datasets/data_splits_sds_train/sparse_271_106.npy,1175
/root/autodl-tmp/UWAmodel_2/datasets/data_splits_original/train/271_113.jpg,/root/autodl-tmp/UWAmodel_2/datasets/data_splits_depth/train/271_113.jpg,/root/autodl-tmp/UWAmodel_2/datasets/data_splits_sds_train/sparse_271_113.npy,1175
/root/autodl-tmp/UWAmodel_2/datasets/data_splits_original/train/272_6.jpg,/root/autodl-tmp/UWAmodel_2/datasets/data_splits_depth/train/272_6.jpg,/root/autodl-tmp/UWAmodel_2/datasets/data_splits_sds_train/sparse_272_6.npy,1175
/root/autodl-tmp/UWAmodel_2/datasets/data_splits_original/train/272_17.jpg,/root/autodl-tmp/UWAmodel_2/datasets/data_splits_depth/train/272_17.jpg,/root/autodl-tmp/UWAmodel_2/datasets/data_splits_sds_train/sparse_272_17.npy,1175
/root/autodl-tmp/UWAmodel_2/datasets/data_splits_original/train/272_57.jpg,/root/autodl-tmp/UWAmodel_2/datasets/data_splits_depth/train/272_57.jpg,/root/autodl-tmp/UWAmodel_2/datasets/data_splits_sds_train/sparse_272_57.npy,1175
/root/autodl-tmp/UWAmodel_2/datasets/data_splits_original/train/272_61.jpg,/root/autodl-tmp/UWAmodel_2/datasets/data_splits_depth/train/272_61.jpg,/root/autodl-tmp/UWAmodel_2/datasets/data_splits_sds_train/sparse_272_61.npy,1175
/root/autodl-tmp/UWAmodel_2/datasets/data_splits_original/train/272_69.jpg,/root/autodl-tmp/UWAmodel_2/datasets/data_splits_depth/train/272_69.jpg,/root/autodl-tmp/UWAmodel_2/datasets/data_splits_sds_train/sparse_272_69.npy,1175
/root/autodl-tmp/UWAmodel_2/datasets/data_splits_original/train/273_10.jpg,/root/autodl-tmp/UWAmodel_2/datasets/data_splits_depth/train/273_10.jpg,/root/autodl-tmp/UWAmodel_2/datasets/data_splits_sds_train/sparse_273_10.npy,1175
/root/autodl-tmp/UWAmodel_2/datasets/data_splits_original/train/273_37.jpg,/root/autodl-tmp/UWAmodel_2/datasets/data_splits_depth/train/273_37.jpg,/root/autodl-tmp/UWAmodel_2/datasets/data_splits_sds_train/sparse_273_37.npy,1175
/root/autodl-tmp/UWAmodel_2/datasets/data_splits_original/train/273_60.jpg,/root/autodl-tmp/UWAmodel_2/datasets/data_splits_depth/train/273_60.jpg,/root/autodl-tmp/UWAmodel_2/datasets/data_splits_sds_train/sparse_273_60.npy,1175
/root/autodl-tmp/UWAmodel_2/datasets/data_splits_original/train/273_75.jpg,/root/autodl-tmp/UWAmodel_2/datasets/data_splits_depth/train/273_75.jpg,/root/autodl-tmp/UWAmodel_2/datasets/data_splits_sds_train/sparse_273_75.npy,1175
/root/autodl-tmp/UWAmodel_2/datasets/data_splits_original/train/273_120.jpg,/root/autodl-tmp/UWAmodel_2/datasets/data_splits_depth/train/273_120.jpg,/root/autodl-tmp/UWAmodel_2/datasets/data_splits_sds_train/sparse_273_120.npy,1175
/root/autodl-tmp/UWAmodel_2/datasets/data_splits_original/train/274_18.jpg,/root/autodl-tmp/UWAmodel_2/datasets/data_splits_depth/train/274_18.jpg,/root/autodl-tmp/UWAmodel_2/datasets/data_splits_sds_train/sparse_274_18.npy,1175
/root/autodl-tmp/UWAmodel_2/datasets/data_splits_original/train/274_36.jpg,/root/autodl-tmp/UWAmodel_2/datasets/data_splits_depth/train/274_36.jpg,/root/autodl-tmp/UWAmodel_2/datasets/data_splits_sds_train/sparse_274_36.npy,1175
/root/autodl-tmp/UWAmodel_2/datasets/data_splits_original/train/274_71.jpg,/root/autodl-tmp/UWAmodel_2/datasets/data_splits_depth/train/274_71.jpg,/root/autodl-tmp/UWAmodel_2/datasets/data_splits_sds_train/sparse_274_71.npy,1175
/root/autodl-tmp/UWAmodel_2/datasets/data_splits_original/train/274_73.jpg,/root/autodl-tmp/UWAmodel_2/datasets/data_splits_depth/train/274_73.jpg,/root/autodl-tmp/UWAmodel_2/datasets/data_splits_sds_train/sparse_274_73.npy,1175
/root/autodl-tmp/UWAmodel_2/datasets/data_splits_original/train/274_84.jpg,/root/autodl-tmp/UWAmodel_2/datasets/data_splits_depth/train/274_84.jpg,/root/autodl-tmp/UWAmodel_2/datasets/data_splits_sds_train/sparse_274_84.npy,1175
/root/autodl-tmp/UWAmodel_2/datasets/data_splits_original/train/275_17.jpg,/root/autodl-tmp/UWAmodel_2/datasets/data_splits_depth/train/275_17.jpg,/root/autodl-tmp/UWAmodel_2/datasets/data_splits_sds_train/sparse_275_17.npy,1175
/root/autodl-tmp/UWAmodel_2/datasets/data_splits_original/train/275_20.jpg,/root/autodl-tmp/UWAmodel_2/datasets/data_splits_depth/train/275_20.jpg,/root/autodl-tmp/UWAmodel_2/datasets/data_splits_sds_train/sparse_275_20.npy,1175
/root/autodl-tmp/UWAmodel_2/datasets/data_splits_original/train/275_23.jpg,/root/autodl-tmp/UWAmodel_2/datasets/data_splits_depth/train/275_23.jpg,/root/autodl-tmp/UWAmodel_2/datasets/data_splits_sds_train/sparse_275_23.npy,1175
/root/autodl-tmp/UWAmodel_2/datasets/data_splits_original/train/275_80.jpg,/root/autodl-tmp/UWAmodel_2/datasets/data_splits_depth/train/275_80.jpg,/root/autodl-tmp/UWAmodel_2/datasets/data_splits_sds_train/sparse_275_80.npy,1175
/root/autodl-tmp/UWAmodel_2/datasets/data_splits_original/train/275_91.jpg,/root/autodl-tmp/UWAmodel_2/datasets/data_splits_depth/train/275_91.jpg,/root/autodl-tmp/UWAmodel_2/datasets/data_splits_sds_train/sparse_275_91.npy,1175
/root/autodl-tmp/UWAmodel_2/datasets/data_splits_original/train/276_21.jpg,/root/autodl-tmp/UWAmodel_2/datasets/data_splits_depth/train/276_21.jpg,/root/autodl-tmp/UWAmodel_2/datasets/data_splits_sds_train/sparse_276_21.npy,1175
/root/autodl-tmp/UWAmodel_2/datasets/data_splits_original/train/276_36.jpg,/root/autodl-tmp/UWAmodel_2/datasets/data_splits_depth/train/276_36.jpg,/root/autodl-tmp/UWAmodel_2/datasets/data_splits_sds_train/sparse_276_36.npy,1175
/root/autodl-tmp/UWAmodel_2/datasets/data_splits_original/train/276_37.jpg,/root/autodl-tmp/UWAmodel_2/datasets/data_splits_depth/train/276_37.jpg,/root/autodl-tmp/UWAmodel_2/datasets/data_splits_sds_train/sparse_276_37.npy,1175
/root/autodl-tmp/UWAmodel_2/datasets/data_splits_original/train/276_43.jpg,/root/autodl-tmp/UWAmodel_2/datasets/data_splits_depth/train/276_43.jpg,/root/autodl-tmp/UWAmodel_2/datasets/data_splits_sds_train/sparse_276_43.npy,1175
/root/autodl-tmp/UWAmodel_2/datasets/data_splits_original/train/276_102.jpg,/root/autodl-tmp/UWAmodel_2/datasets/data_splits_depth/train/276_102.jpg,/root/autodl-tmp/UWAmodel_2/datasets/data_splits_sds_train/sparse_276_102.npy,1175
/root/autodl-tmp/UWAmodel_2/datasets/data_splits_original/train/278_11.jpg,/root/autodl-tmp/UWAmodel_2/datasets/data_splits_depth/train/278_11.jpg,/root/autodl-tmp/UWAmodel_2/datasets/data_splits_sds_train/sparse_278_11.npy,1175
/root/autodl-tmp/UWAmodel_2/datasets/data_splits_original/train/278_69.jpg,/root/autodl-tmp/UWAmodel_2/datasets/data_splits_depth/train/278_69.jpg,/root/autodl-tmp/UWAmodel_2/datasets/data_splits_sds_train/sparse_278_69.npy,1175
/root/autodl-tmp/UWAmodel_2/datasets/data_splits_original/train/278_71.jpg,/root/autodl-tmp/UWAmodel_2/datasets/data_splits_depth/train/278_71.jpg,/root/autodl-tmp/UWAmodel_2/datasets/data_splits_sds_train/sparse_278_71.npy,1175
/root/autodl-tmp/UWAmodel_2/datasets/data_splits_original/train/278_80.jpg,/root/autodl-tmp/UWAmodel_2/datasets/data_splits_depth/train/278_80.jpg,/root/autodl-tmp/UWAmodel_2/datasets/data_splits_sds_train/sparse_278_80.npy,1175
/root/autodl-tmp/UWAmodel_2/datasets/data_splits_original/train/278_85.jpg,/root/autodl-tmp/UWAmodel_2/datasets/data_splits_depth/train/278_85.jpg,/root/autodl-tmp/UWAmodel_2/datasets/data_splits_sds_train/sparse_278_85.npy,1175
/root/autodl-tmp/UWAmodel_2/datasets/data_splits_original/train/279_8.jpg,/root/autodl-tmp/UWAmodel_2/datasets/data_splits_depth/train/279_8.jpg,/root/autodl-tmp/UWAmodel_2/datasets/data_splits_sds_train/sparse_279_8.npy,1175
/root/autodl-tmp/UWAmodel_2/datasets/data_splits_original/train/279_9.jpg,/root/autodl-tmp/UWAmodel_2/datasets/data_splits_depth/train/279_9.jpg,/root/autodl-tmp/UWAmodel_2/datasets/data_splits_sds_train/sparse_279_9.npy,1175
/root/autodl-tmp/UWAmodel_2/datasets/data_splits_original/train/279_31.jpg,/root/autodl-tmp/UWAmodel_2/datasets/data_splits_depth/train/279_31.jpg,/root/autodl-tmp/UWAmodel_2/datasets/data_splits_sds_train/sparse_279_31.npy,1175
/root/autodl-tmp/UWAmodel_2/datasets/data_splits_original/train/279_56.jpg,/root/autodl-tmp/UWAmodel_2/datasets/data_splits_depth/train/279_56.jpg,/root/autodl-tmp/UWAmodel_2/datasets/data_splits_sds_train/sparse_279_56.npy,1175
/root/autodl-tmp/UWAmodel_2/datasets/data_splits_original/train/279_59.jpg,/root/autodl-tmp/UWAmodel_2/datasets/data_splits_depth/train/279_59.jpg,/root/autodl-tmp/UWAmodel_2/datasets/data_splits_sds_train/sparse_279_59.npy,1175
/root/autodl-tmp/UWAmodel_2/datasets/data_splits_original/train/281_50.jpg,/root/autodl-tmp/UWAmodel_2/datasets/data_splits_depth/train/281_50.jpg,/root/autodl-tmp/UWAmodel_2/datasets/data_splits_sds_train/sparse_281_50.npy,1175
/root/autodl-tmp/UWAmodel_2/datasets/data_splits_original/train/281_51.jpg,/root/autodl-tmp/UWAmodel_2/datasets/data_splits_depth/train/281_51.jpg,/root/autodl-tmp/UWAmodel_2/datasets/data_splits_sds_train/sparse_281_51.npy,1175
/root/autodl-tmp/UWAmodel_2/datasets/data_splits_original/train/281_64.jpg,/root/autodl-tmp/UWAmodel_2/datasets/data_splits_depth/train/281_64.jpg,/root/autodl-tmp/UWAmodel_2/datasets/data_splits_sds_train/sparse_281_64.npy,1175
/root/autodl-tmp/UWAmodel_2/datasets/data_splits_original/train/281_71.jpg,/root/autodl-tmp/UWAmodel_2/datasets/data_splits_depth/train/281_71.jpg,/root/autodl-tmp/UWAmodel_2/datasets/data_splits_sds_train/sparse_281_71.npy,1175
/root/autodl-tmp/UWAmodel_2/datasets/data_splits_original/train/281_114.jpg,/root/autodl-tmp/UWAmodel_2/datasets/data_splits_depth/train/281_114.jpg,/root/autodl-tmp/UWAmodel_2/datasets/data_splits_sds_train/sparse_281_114.npy,1175
/root/autodl-tmp/UWAmodel_2/datasets/data_splits_original/train/282_31.jpg,/root/autodl-tmp/UWAmodel_2/datasets/data_splits_depth/train/282_31.jpg,/root/autodl-tmp/UWAmodel_2/datasets/data_splits_sds_train/sparse_282_31.npy,1175
/root/autodl-tmp/UWAmodel_2/datasets/data_splits_original/train/282_72.jpg,/root/autodl-tmp/UWAmodel_2/datasets/data_splits_depth/train/282_72.jpg,/root/autodl-tmp/UWAmodel_2/datasets/data_splits_sds_train/sparse_282_72.npy,1175
/root/autodl-tmp/UWAmodel_2/datasets/data_splits_original/train/282_93.jpg,/root/autodl-tmp/UWAmodel_2/datasets/data_splits_depth/train/282_93.jpg,/root/autodl-tmp/UWAmodel_2/datasets/data_splits_sds_train/sparse_282_93.npy,1175
/root/autodl-tmp/UWAmodel_2/datasets/data_splits_original/train/282_102.jpg,/root/autodl-tmp/UWAmodel_2/datasets/data_splits_depth/train/282_102.jpg,/root/autodl-tmp/UWAmodel_2/datasets/data_splits_sds_train/sparse_282_102.npy,1175
/root/autodl-tmp/UWAmodel_2/datasets/data_splits_original/train/282_112.jpg,/root/autodl-tmp/UWAmodel_2/datasets/data_splits_depth/train/282_112.jpg,/root/autodl-tmp/UWAmodel_2/datasets/data_splits_sds_train/sparse_282_112.npy,1175
/root/autodl-tmp/UWAmodel_2/datasets/data_splits_original/train/283_28.jpg,/root/autodl-tmp/UWAmodel_2/datasets/data_splits_depth/train/283_28.jpg,/root/autodl-tmp/UWAmodel_2/datasets/data_splits_sds_train/sparse_283_28.npy,1175
/root/autodl-tmp/UWAmodel_2/datasets/data_splits_original/train/283_30.jpg,/root/autodl-tmp/UWAmodel_2/datasets/data_splits_depth/train/283_30.jpg,/root/autodl-tmp/UWAmodel_2/datasets/data_splits_sds_train/sparse_283_30.npy,1175
/root/autodl-tmp/UWAmodel_2/datasets/data_splits_original/train/283_53.jpg,/root/autodl-tmp/UWAmodel_2/datasets/data_splits_depth/train/283_53.jpg,/root/autodl-tmp/UWAmodel_2/datasets/data_splits_sds_train/sparse_283_53.npy,1175
/root/autodl-tmp/UWAmodel_2/datasets/data_splits_original/train/283_94.jpg,/root/autodl-tmp/UWAmodel_2/datasets/data_splits_depth/train/283_94.jpg,/root/autodl-tmp/UWAmodel_2/datasets/data_splits_sds_train/sparse_283_94.npy,1175
/root/autodl-tmp/UWAmodel_2/datasets/data_splits_original/train/283_114.jpg,/root/autodl-tmp/UWAmodel_2/datasets/data_splits_depth/train/283_114.jpg,/root/autodl-tmp/UWAmodel_2/datasets/data_splits_sds_train/sparse_283_114.npy,1175
/root/autodl-tmp/UWAmodel_2/datasets/data_splits_original/train/284_13.jpg,/root/autodl-tmp/UWAmodel_2/datasets/data_splits_depth/train/284_13.jpg,/root/autodl-tmp/UWAmodel_2/datasets/data_splits_sds_train/sparse_284_13.npy,1175
/root/autodl-tmp/UWAmodel_2/datasets/data_splits_original/train/284_18.jpg,/root/autodl-tmp/UWAmodel_2/datasets/data_splits_depth/train/284_18.jpg,/root/autodl-tmp/UWAmodel_2/datasets/data_splits_sds_train/sparse_284_18.npy,1175
/root/autodl-tmp/UWAmodel_2/datasets/data_splits_original/train/284_26.jpg,/root/autodl-tmp/UWAmodel_2/datasets/data_splits_depth/train/284_26.jpg,/root/autodl-tmp/UWAmodel_2/datasets/data_splits_sds_train/sparse_284_26.npy,1175
/root/autodl-tmp/UWAmodel_2/datasets/data_splits_original/train/284_61.jpg,/root/autodl-tmp/UWAmodel_2/datasets/data_splits_depth/train/284_61.jpg,/root/autodl-tmp/UWAmodel_2/datasets/data_splits_sds_train/sparse_284_61.npy,1175
/root/autodl-tmp/UWAmodel_2/datasets/data_splits_original/train/284_117.jpg,/root/autodl-tmp/UWAmodel_2/datasets/data_splits_depth/train/284_117.jpg,/root/autodl-tmp/UWAmodel_2/datasets/data_splits_sds_train/sparse_284_117.npy,1175
/root/autodl-tmp/UWAmodel_2/datasets/data_splits_original/train/285_22.jpg,/root/autodl-tmp/UWAmodel_2/datasets/data_splits_depth/train/285_22.jpg,/root/autodl-tmp/UWAmodel_2/datasets/data_splits_sds_train/sparse_285_22.npy,1175
/root/autodl-tmp/UWAmodel_2/datasets/data_splits_original/train/285_48.jpg,/root/autodl-tmp/UWAmodel_2/datasets/data_splits_depth/train/285_48.jpg,/root/autodl-tmp/UWAmodel_2/datasets/data_splits_sds_train/sparse_285_48.npy,1175
/root/autodl-tmp/UWAmodel_2/datasets/data_splits_original/train/285_61.jpg,/root/autodl-tmp/UWAmodel_2/datasets/data_splits_depth/train/285_61.jpg,/root/autodl-tmp/UWAmodel_2/datasets/data_splits_sds_train/sparse_285_61.npy,1175
/root/autodl-tmp/UWAmodel_2/datasets/data_splits_original/train/285_89.jpg,/root/autodl-tmp/UWAmodel_2/datasets/data_splits_depth/train/285_89.jpg,/root/autodl-tmp/UWAmodel_2/datasets/data_splits_sds_train/sparse_285_89.npy,1175
/root/autodl-tmp/UWAmodel_2/datasets/data_splits_original/train/285_106.jpg,/root/autodl-tmp/UWAmodel_2/datasets/data_splits_depth/train/285_106.jpg,/root/autodl-tmp/UWAmodel_2/datasets/data_splits_sds_train/sparse_285_106.npy,1175
/root/autodl-tmp/UWAmodel_2/datasets/data_splits_original/train/286_36.jpg,/root/autodl-tmp/UWAmodel_2/datasets/data_splits_depth/train/286_36.jpg,/root/autodl-tmp/UWAmodel_2/datasets/data_splits_sds_train/sparse_286_36.npy,1175
/root/autodl-tmp/UWAmodel_2/datasets/data_splits_original/train/286_46.jpg,/root/autodl-tmp/UWAmodel_2/datasets/data_splits_depth/train/286_46.jpg,/root/autodl-tmp/UWAmodel_2/datasets/data_splits_sds_train/sparse_286_46.npy,1175
/root/autodl-tmp/UWAmodel_2/datasets/data_splits_original/train/286_59.jpg,/root/autodl-tmp/UWAmodel_2/datasets/data_splits_depth/train/286_59.jpg,/root/autodl-tmp/UWAmodel_2/datasets/data_splits_sds_train/sparse_286_59.npy,1175
/root/autodl-tmp/UWAmodel_2/datasets/data_splits_original/train/286_68.jpg,/root/autodl-tmp/UWAmodel_2/datasets/data_splits_depth/train/286_68.jpg,/root/autodl-tmp/UWAmodel_2/datasets/data_splits_sds_train/sparse_286_68.npy,1175
/root/autodl-tmp/UWAmodel_2/datasets/data_splits_original/train/286_99.jpg,/root/autodl-tmp/UWAmodel_2/datasets/data_splits_depth/train/286_99.jpg,/root/autodl-tmp/UWAmodel_2/datasets/data_splits_sds_train/sparse_286_99.npy,1175
/root/autodl-tmp/UWAmodel_2/datasets/data_splits_original/train/287_7.jpg,/root/autodl-tmp/UWAmodel_2/datasets/data_splits_depth/train/287_7.jpg,/root/autodl-tmp/UWAmodel_2/datasets/data_splits_sds_train/sparse_287_7.npy,1175
/root/autodl-tmp/UWAmodel_2/datasets/data_splits_original/train/287_45.jpg,/root/autodl-tmp/UWAmodel_2/datasets/data_splits_depth/train/287_45.jpg,/root/autodl-tmp/UWAmodel_2/datasets/data_splits_sds_train/sparse_287_45.npy,1175
/root/autodl-tmp/UWAmodel_2/datasets/data_splits_original/train/287_57.jpg,/root/autodl-tmp/UWAmodel_2/datasets/data_splits_depth/train/287_57.jpg,/root/autodl-tmp/UWAmodel_2/datasets/data_splits_sds_train/sparse_287_57.npy,1175
/root/autodl-tmp/UWAmodel_2/datasets/data_splits_original/train/287_101.jpg,/root/autodl-tmp/UWAmodel_2/datasets/data_splits_depth/train/287_101.jpg,/root/autodl-tmp/UWAmodel_2/datasets/data_splits_sds_train/sparse_287_101.npy,1175
/root/autodl-tmp/UWAmodel_2/datasets/data_splits_original/train/287_114.jpg,/root/autodl-tmp/UWAmodel_2/datasets/data_splits_depth/train/287_114.jpg,/root/autodl-tmp/UWAmodel_2/datasets/data_splits_sds_train/sparse_287_114.npy,1175
/root/autodl-tmp/UWAmodel_2/datasets/data_splits_original/train/288_12.jpg,/root/autodl-tmp/UWAmodel_2/datasets/data_splits_depth/train/288_12.jpg,/root/autodl-tmp/UWAmodel_2/datasets/data_splits_sds_train/sparse_288_12.npy,1175
/root/autodl-tmp/UWAmodel_2/datasets/data_splits_original/train/288_42.jpg,/root/autodl-tmp/UWAmodel_2/datasets/data_splits_depth/train/288_42.jpg,/root/autodl-tmp/UWAmodel_2/datasets/data_splits_sds_train/sparse_288_42.npy,1175
/root/autodl-tmp/UWAmodel_2/datasets/data_splits_original/train/288_87.jpg,/root/autodl-tmp/UWAmodel_2/datasets/data_splits_depth/train/288_87.jpg,/root/autodl-tmp/UWAmodel_2/datasets/data_splits_sds_train/sparse_288_87.npy,1175
/root/autodl-tmp/UWAmodel_2/datasets/data_splits_original/train/288_96.jpg,/root/autodl-tmp/UWAmodel_2/datasets/data_splits_depth/train/288_96.jpg,/root/autodl-tmp/UWAmodel_2/datasets/data_splits_sds_train/sparse_288_96.npy,1175
/root/autodl-tmp/UWAmodel_2/datasets/data_splits_original/train/288_119.jpg,/root/autodl-tmp/UWAmodel_2/datasets/data_splits_depth/train/288_119.jpg,/root/autodl-tmp/UWAmodel_2/datasets/data_splits_sds_train/sparse_288_119.npy,1175
/root/autodl-tmp/UWAmodel_2/datasets/data_splits_original/train/289_32.jpg,/root/autodl-tmp/UWAmodel_2/datasets/data_splits_depth/train/289_32.jpg,/root/autodl-tmp/UWAmodel_2/datasets/data_splits_sds_train/sparse_289_32.npy,1175
/root/autodl-tmp/UWAmodel_2/datasets/data_splits_original/train/289_53.jpg,/root/autodl-tmp/UWAmodel_2/datasets/data_splits_depth/train/289_53.jpg,/root/autodl-tmp/UWAmodel_2/datasets/data_splits_sds_train/sparse_289_53.npy,1175
/root/autodl-tmp/UWAmodel_2/datasets/data_splits_original/train/289_54.jpg,/root/autodl-tmp/UWAmodel_2/datasets/data_splits_depth/train/289_54.jpg,/root/autodl-tmp/UWAmodel_2/datasets/data_splits_sds_train/sparse_289_54.npy,1175
/root/autodl-tmp/UWAmodel_2/datasets/data_splits_original/train/289_68.jpg,/root/autodl-tmp/UWAmodel_2/datasets/data_splits_depth/train/289_68.jpg,/root/autodl-tmp/UWAmodel_2/datasets/data_splits_sds_train/sparse_289_68.npy,1175
/root/autodl-tmp/UWAmodel_2/datasets/data_splits_original/train/289_84.jpg,/root/autodl-tmp/UWAmodel_2/datasets/data_splits_depth/train/289_84.jpg,/root/autodl-tmp/UWAmodel_2/datasets/data_splits_sds_train/sparse_289_84.npy,1175
/root/autodl-tmp/UWAmodel_2/datasets/data_splits_original/train/290_36.jpg,/root/autodl-tmp/UWAmodel_2/datasets/data_splits_depth/train/290_36.jpg,/root/autodl-tmp/UWAmodel_2/datasets/data_splits_sds_train/sparse_290_36.npy,1175
/root/autodl-tmp/UWAmodel_2/datasets/data_splits_original/train/290_39.jpg,/root/autodl-tmp/UWAmodel_2/datasets/data_splits_depth/train/290_39.jpg,/root/autodl-tmp/UWAmodel_2/datasets/data_splits_sds_train/sparse_290_39.npy,1175
/root/autodl-tmp/UWAmodel_2/datasets/data_splits_original/train/290_53.jpg,/root/autodl-tmp/UWAmodel_2/datasets/data_splits_depth/train/290_53.jpg,/root/autodl-tmp/UWAmodel_2/datasets/data_splits_sds_train/sparse_290_53.npy,1175
/root/autodl-tmp/UWAmodel_2/datasets/data_splits_original/train/290_96.jpg,/root/autodl-tmp/UWAmodel_2/datasets/data_splits_depth/train/290_96.jpg,/root/autodl-tmp/UWAmodel_2/datasets/data_splits_sds_train/sparse_290_96.npy,1175
/root/autodl-tmp/UWAmodel_2/datasets/data_splits_original/train/290_116.jpg,/root/autodl-tmp/UWAmodel_2/datasets/data_splits_depth/train/290_116.jpg,/root/autodl-tmp/UWAmodel_2/datasets/data_splits_sds_train/sparse_290_116.npy,1175
/root/autodl-tmp/UWAmodel_2/datasets/data_splits_original/train/292_33.jpg,/root/autodl-tmp/UWAmodel_2/datasets/data_splits_depth/train/292_33.jpg,/root/autodl-tmp/UWAmodel_2/datasets/data_splits_sds_train/sparse_292_33.npy,1175
/root/autodl-tmp/UWAmodel_2/datasets/data_splits_original/train/292_54.jpg,/root/autodl-tmp/UWAmodel_2/datasets/data_splits_depth/train/292_54.jpg,/root/autodl-tmp/UWAmodel_2/datasets/data_splits_sds_train/sparse_292_54.npy,1175
/root/autodl-tmp/UWAmodel_2/datasets/data_splits_original/train/292_60.jpg,/root/autodl-tmp/UWAmodel_2/datasets/data_splits_depth/train/292_60.jpg,/root/autodl-tmp/UWAmodel_2/datasets/data_splits_sds_train/sparse_292_60.npy,1175
/root/autodl-tmp/UWAmodel_2/datasets/data_splits_original/train/292_100.jpg,/root/autodl-tmp/UWAmodel_2/datasets/data_splits_depth/train/292_100.jpg,/root/autodl-tmp/UWAmodel_2/datasets/data_splits_sds_train/sparse_292_100.npy,1175
/root/autodl-tmp/UWAmodel_2/datasets/data_splits_original/train/292_109.jpg,/root/autodl-tmp/UWAmodel_2/datasets/data_splits_depth/train/292_109.jpg,/root/autodl-tmp/UWAmodel_2/datasets/data_splits_sds_train/sparse_292_109.npy,1175
/root/autodl-tmp/UWAmodel_2/datasets/data_splits_original/train/293_16.jpg,/root/autodl-tmp/UWAmodel_2/datasets/data_splits_depth/train/293_16.jpg,/root/autodl-tmp/UWAmodel_2/datasets/data_splits_sds_train/sparse_293_16.npy,1175
/root/autodl-tmp/UWAmodel_2/datasets/data_splits_original/train/293_58.jpg,/root/autodl-tmp/UWAmodel_2/datasets/data_splits_depth/train/293_58.jpg,/root/autodl-tmp/UWAmodel_2/datasets/data_splits_sds_train/sparse_293_58.npy,1175
/root/autodl-tmp/UWAmodel_2/datasets/data_splits_original/train/293_61.jpg,/root/autodl-tmp/UWAmodel_2/datasets/data_splits_depth/train/293_61.jpg,/root/autodl-tmp/UWAmodel_2/datasets/data_splits_sds_train/sparse_293_61.npy,1175
/root/autodl-tmp/UWAmodel_2/datasets/data_splits_original/train/293_99.jpg,/root/autodl-tmp/UWAmodel_2/datasets/data_splits_depth/train/293_99.jpg,/root/autodl-tmp/UWAmodel_2/datasets/data_splits_sds_train/sparse_293_99.npy,1175
/root/autodl-tmp/UWAmodel_2/datasets/data_splits_original/train/293_100.jpg,/root/autodl-tmp/UWAmodel_2/datasets/data_splits_depth/train/293_100.jpg,/root/autodl-tmp/UWAmodel_2/datasets/data_splits_sds_train/sparse_293_100.npy,1175
/root/autodl-tmp/UWAmodel_2/datasets/data_splits_original/train/294_20.jpg,/root/autodl-tmp/UWAmodel_2/datasets/data_splits_depth/train/294_20.jpg,/root/autodl-tmp/UWAmodel_2/datasets/data_splits_sds_train/sparse_294_20.npy,1175
/root/autodl-tmp/UWAmodel_2/datasets/data_splits_original/train/294_34.jpg,/root/autodl-tmp/UWAmodel_2/datasets/data_splits_depth/train/294_34.jpg,/root/autodl-tmp/UWAmodel_2/datasets/data_splits_sds_train/sparse_294_34.npy,1175
/root/autodl-tmp/UWAmodel_2/datasets/data_splits_original/train/294_55.jpg,/root/autodl-tmp/UWAmodel_2/datasets/data_splits_depth/train/294_55.jpg,/root/autodl-tmp/UWAmodel_2/datasets/data_splits_sds_train/sparse_294_55.npy,1175
/root/autodl-tmp/UWAmodel_2/datasets/data_splits_original/train/294_75.jpg,/root/autodl-tmp/UWAmodel_2/datasets/data_splits_depth/train/294_75.jpg,/root/autodl-tmp/UWAmodel_2/datasets/data_splits_sds_train/sparse_294_75.npy,1175
/root/autodl-tmp/UWAmodel_2/datasets/data_splits_original/train/294_110.jpg,/root/autodl-tmp/UWAmodel_2/datasets/data_splits_depth/train/294_110.jpg,/root/autodl-tmp/UWAmodel_2/datasets/data_splits_sds_train/sparse_294_110.npy,1175
/root/autodl-tmp/UWAmodel_2/datasets/data_splits_original/train/296_37.jpg,/root/autodl-tmp/UWAmodel_2/datasets/data_splits_depth/train/296_37.jpg,/root/autodl-tmp/UWAmodel_2/datasets/data_splits_sds_train/sparse_296_37.npy,1175
/root/autodl-tmp/UWAmodel_2/datasets/data_splits_original/train/296_49.jpg,/root/autodl-tmp/UWAmodel_2/datasets/data_splits_depth/train/296_49.jpg,/root/autodl-tmp/UWAmodel_2/datasets/data_splits_sds_train/sparse_296_49.npy,1175
/root/autodl-tmp/UWAmodel_2/datasets/data_splits_original/train/296_56.jpg,/root/autodl-tmp/UWAmodel_2/datasets/data_splits_depth/train/296_56.jpg,/root/autodl-tmp/UWAmodel_2/datasets/data_splits_sds_train/sparse_296_56.npy,1175
/root/autodl-tmp/UWAmodel_2/datasets/data_splits_original/train/296_77.jpg,/root/autodl-tmp/UWAmodel_2/datasets/data_splits_depth/train/296_77.jpg,/root/autodl-tmp/UWAmodel_2/datasets/data_splits_sds_train/sparse_296_77.npy,1175
/root/autodl-tmp/UWAmodel_2/datasets/data_splits_original/train/296_106.jpg,/root/autodl-tmp/UWAmodel_2/datasets/data_splits_depth/train/296_106.jpg,/root/autodl-tmp/UWAmodel_2/datasets/data_splits_sds_train/sparse_296_106.npy,1175
/root/autodl-tmp/UWAmodel_2/datasets/data_splits_original/train/297_10.jpg,/root/autodl-tmp/UWAmodel_2/datasets/data_splits_depth/train/297_10.jpg,/root/autodl-tmp/UWAmodel_2/datasets/data_splits_sds_train/sparse_297_10.npy,1175
/root/autodl-tmp/UWAmodel_2/datasets/data_splits_original/train/297_27.jpg,/root/autodl-tmp/UWAmodel_2/datasets/data_splits_depth/train/297_27.jpg,/root/autodl-tmp/UWAmodel_2/datasets/data_splits_sds_train/sparse_297_27.npy,1175
/root/autodl-tmp/UWAmodel_2/datasets/data_splits_original/train/297_84.jpg,/root/autodl-tmp/UWAmodel_2/datasets/data_splits_depth/train/297_84.jpg,/root/autodl-tmp/UWAmodel_2/datasets/data_splits_sds_train/sparse_297_84.npy,1175
/root/autodl-tmp/UWAmodel_2/datasets/data_splits_original/train/297_104.jpg,/root/autodl-tmp/UWAmodel_2/datasets/data_splits_depth/train/297_104.jpg,/root/autodl-tmp/UWAmodel_2/datasets/data_splits_sds_train/sparse_297_104.npy,1175
/root/autodl-tmp/UWAmodel_2/datasets/data_splits_original/train/297_116.jpg,/root/autodl-tmp/UWAmodel_2/datasets/data_splits_depth/train/297_116.jpg,/root/autodl-tmp/UWAmodel_2/datasets/data_splits_sds_train/sparse_297_116.npy,1175
/root/autodl-tmp/UWAmodel_2/datasets/data_splits_original/train/298_21.jpg,/root/autodl-tmp/UWAmodel_2/datasets/data_splits_depth/train/298_21.jpg,/root/autodl-tmp/UWAmodel_2/datasets/data_splits_sds_train/sparse_298_21.npy,1175
/root/autodl-tmp/UWAmodel_2/datasets/data_splits_original/train/298_38.jpg,/root/autodl-tmp/UWAmodel_2/datasets/data_splits_depth/train/298_38.jpg,/root/autodl-tmp/UWAmodel_2/datasets/data_splits_sds_train/sparse_298_38.npy,1175
/root/autodl-tmp/UWAmodel_2/datasets/data_splits_original/train/298_73.jpg,/root/autodl-tmp/UWAmodel_2/datasets/data_splits_depth/train/298_73.jpg,/root/autodl-tmp/UWAmodel_2/datasets/data_splits_sds_train/sparse_298_73.npy,1175
/root/autodl-tmp/UWAmodel_2/datasets/data_splits_original/train/298_77.jpg,/root/autodl-tmp/UWAmodel_2/datasets/data_splits_depth/train/298_77.jpg,/root/autodl-tmp/UWAmodel_2/datasets/data_splits_sds_train/sparse_298_77.npy,1175
/root/autodl-tmp/UWAmodel_2/datasets/data_splits_original/train/298_84.jpg,/root/autodl-tmp/UWAmodel_2/datasets/data_splits_depth/train/298_84.jpg,/root/autodl-tmp/UWAmodel_2/datasets/data_splits_sds_train/sparse_298_84.npy,1175
/root/autodl-tmp/UWAmodel_2/datasets/data_splits_original/train/299_11.jpg,/root/autodl-tmp/UWAmodel_2/datasets/data_splits_depth/train/299_11.jpg,/root/autodl-tmp/UWAmodel_2/datasets/data_splits_sds_train/sparse_299_11.npy,1175
/root/autodl-tmp/UWAmodel_2/datasets/data_splits_original/train/299_28.jpg,/root/autodl-tmp/UWAmodel_2/datasets/data_splits_depth/train/299_28.jpg,/root/autodl-tmp/UWAmodel_2/datasets/data_splits_sds_train/sparse_299_28.npy,1175
/root/autodl-tmp/UWAmodel_2/datasets/data_splits_original/train/299_29.jpg,/root/autodl-tmp/UWAmodel_2/datasets/data_splits_depth/train/299_29.jpg,/root/autodl-tmp/UWAmodel_2/datasets/data_splits_sds_train/sparse_299_29.npy,1175
/root/autodl-tmp/UWAmodel_2/datasets/data_splits_original/train/299_31.jpg,/root/autodl-tmp/UWAmodel_2/datasets/data_splits_depth/train/299_31.jpg,/root/autodl-tmp/UWAmodel_2/datasets/data_splits_sds_train/sparse_299_31.npy,1175
/root/autodl-tmp/UWAmodel_2/datasets/data_splits_original/train/299_120.jpg,/root/autodl-tmp/UWAmodel_2/datasets/data_splits_depth/train/299_120.jpg,/root/autodl-tmp/UWAmodel_2/datasets/data_splits_sds_train/sparse_299_120.npy,1175
/root/autodl-tmp/UWAmodel_2/datasets/data_splits_original/train/300_12.jpg,/root/autodl-tmp/UWAmodel_2/datasets/data_splits_depth/train/300_12.jpg,/root/autodl-tmp/UWAmodel_2/datasets/data_splits_sds_train/sparse_300_12.npy,1175
/root/autodl-tmp/UWAmodel_2/datasets/data_splits_original/train/300_35.jpg,/root/autodl-tmp/UWAmodel_2/datasets/data_splits_depth/train/300_35.jpg,/root/autodl-tmp/UWAmodel_2/datasets/data_splits_sds_train/sparse_300_35.npy,1175
/root/autodl-tmp/UWAmodel_2/datasets/data_splits_original/train/300_51.jpg,/root/autodl-tmp/UWAmodel_2/datasets/data_splits_depth/train/300_51.jpg,/root/autodl-tmp/UWAmodel_2/datasets/data_splits_sds_train/sparse_300_51.npy,1175
/root/autodl-tmp/UWAmodel_2/datasets/data_splits_original/train/300_68.jpg,/root/autodl-tmp/UWAmodel_2/datasets/data_splits_depth/train/300_68.jpg,/root/autodl-tmp/UWAmodel_2/datasets/data_splits_sds_train/sparse_300_68.npy,1175
/root/autodl-tmp/UWAmodel_2/datasets/data_splits_original/train/300_107.jpg,/root/autodl-tmp/UWAmodel_2/datasets/data_splits_depth/train/300_107.jpg,/root/autodl-tmp/UWAmodel_2/datasets/data_splits_sds_train/sparse_300_107.npy,1175
/root/autodl-tmp/UWAmodel_2/datasets/data_splits_original/train/301_10.jpg,/root/autodl-tmp/UWAmodel_2/datasets/data_splits_depth/train/301_10.jpg,/root/autodl-tmp/UWAmodel_2/datasets/data_splits_sds_train/sparse_301_10.npy,1175
/root/autodl-tmp/UWAmodel_2/datasets/data_splits_original/train/301_18.jpg,/root/autodl-tmp/UWAmodel_2/datasets/data_splits_depth/train/301_18.jpg,/root/autodl-tmp/UWAmodel_2/datasets/data_splits_sds_train/sparse_301_18.npy,1175
/root/autodl-tmp/UWAmodel_2/datasets/data_splits_original/train/301_38.jpg,/root/autodl-tmp/UWAmodel_2/datasets/data_splits_depth/train/301_38.jpg,/root/autodl-tmp/UWAmodel_2/datasets/data_splits_sds_train/sparse_301_38.npy,1175
/root/autodl-tmp/UWAmodel_2/datasets/data_splits_original/train/301_85.jpg,/root/autodl-tmp/UWAmodel_2/datasets/data_splits_depth/train/301_85.jpg,/root/autodl-tmp/UWAmodel_2/datasets/data_splits_sds_train/sparse_301_85.npy,1175
/root/autodl-tmp/UWAmodel_2/datasets/data_splits_original/train/301_115.jpg,/root/autodl-tmp/UWAmodel_2/datasets/data_splits_depth/train/301_115.jpg,/root/autodl-tmp/UWAmodel_2/datasets/data_splits_sds_train/sparse_301_115.npy,1175
/root/autodl-tmp/UWAmodel_2/datasets/data_splits_original/train/302_21.jpg,/root/autodl-tmp/UWAmodel_2/datasets/data_splits_depth/train/302_21.jpg,/root/autodl-tmp/UWAmodel_2/datasets/data_splits_sds_train/sparse_302_21.npy,1175
/root/autodl-tmp/UWAmodel_2/datasets/data_splits_original/train/302_32.jpg,/root/autodl-tmp/UWAmodel_2/datasets/data_splits_depth/train/302_32.jpg,/root/autodl-tmp/UWAmodel_2/datasets/data_splits_sds_train/sparse_302_32.npy,1175
/root/autodl-tmp/UWAmodel_2/datasets/data_splits_original/train/302_59.jpg,/root/autodl-tmp/UWAmodel_2/datasets/data_splits_depth/train/302_59.jpg,/root/autodl-tmp/UWAmodel_2/datasets/data_splits_sds_train/sparse_302_59.npy,1175
/root/autodl-tmp/UWAmodel_2/datasets/data_splits_original/train/302_67.jpg,/root/autodl-tmp/UWAmodel_2/datasets/data_splits_depth/train/302_67.jpg,/root/autodl-tmp/UWAmodel_2/datasets/data_splits_sds_train/sparse_302_67.npy,1175
/root/autodl-tmp/UWAmodel_2/datasets/data_splits_original/train/302_97.jpg,/root/autodl-tmp/UWAmodel_2/datasets/data_splits_depth/train/302_97.jpg,/root/autodl-tmp/UWAmodel_2/datasets/data_splits_sds_train/sparse_302_97.npy,1175
/root/autodl-tmp/UWAmodel_2/datasets/data_splits_original/train/304_21.jpg,/root/autodl-tmp/UWAmodel_2/datasets/data_splits_depth/train/304_21.jpg,/root/autodl-tmp/UWAmodel_2/datasets/data_splits_sds_train/sparse_304_21.npy,1175
/root/autodl-tmp/UWAmodel_2/datasets/data_splits_original/train/304_24.jpg,/root/autodl-tmp/UWAmodel_2/datasets/data_splits_depth/train/304_24.jpg,/root/autodl-tmp/UWAmodel_2/datasets/data_splits_sds_train/sparse_304_24.npy,1175
/root/autodl-tmp/UWAmodel_2/datasets/data_splits_original/train/304_91.jpg,/root/autodl-tmp/UWAmodel_2/datasets/data_splits_depth/train/304_91.jpg,/root/autodl-tmp/UWAmodel_2/datasets/data_splits_sds_train/sparse_304_91.npy,1175
/root/autodl-tmp/UWAmodel_2/datasets/data_splits_original/train/304_99.jpg,/root/autodl-tmp/UWAmodel_2/datasets/data_splits_depth/train/304_99.jpg,/root/autodl-tmp/UWAmodel_2/datasets/data_splits_sds_train/sparse_304_99.npy,1175
/root/autodl-tmp/UWAmodel_2/datasets/data_splits_original/train/304_105.jpg,/root/autodl-tmp/UWAmodel_2/datasets/data_splits_depth/train/304_105.jpg,/root/autodl-tmp/UWAmodel_2/datasets/data_splits_sds_train/sparse_304_105.npy,1175
/root/autodl-tmp/UWAmodel_2/datasets/data_splits_original/train/305_57.jpg,/root/autodl-tmp/UWAmodel_2/datasets/data_splits_depth/train/305_57.jpg,/root/autodl-tmp/UWAmodel_2/datasets/data_splits_sds_train/sparse_305_57.npy,1175
/root/autodl-tmp/UWAmodel_2/datasets/data_splits_original/train/305_72.jpg,/root/autodl-tmp/UWAmodel_2/datasets/data_splits_depth/train/305_72.jpg,/root/autodl-tmp/UWAmodel_2/datasets/data_splits_sds_train/sparse_305_72.npy,1175
/root/autodl-tmp/UWAmodel_2/datasets/data_splits_original/train/305_82.jpg,/root/autodl-tmp/UWAmodel_2/datasets/data_splits_depth/train/305_82.jpg,/root/autodl-tmp/UWAmodel_2/datasets/data_splits_sds_train/sparse_305_82.npy,1175
/root/autodl-tmp/UWAmodel_2/datasets/data_splits_original/train/305_103.jpg,/root/autodl-tmp/UWAmodel_2/datasets/data_splits_depth/train/305_103.jpg,/root/autodl-tmp/UWAmodel_2/datasets/data_splits_sds_train/sparse_305_103.npy,1175
/root/autodl-tmp/UWAmodel_2/datasets/data_splits_original/train/305_113.jpg,/root/autodl-tmp/UWAmodel_2/datasets/data_splits_depth/train/305_113.jpg,/root/autodl-tmp/UWAmodel_2/datasets/data_splits_sds_train/sparse_305_113.npy,1175
/root/autodl-tmp/UWAmodel_2/datasets/data_splits_original/train/306_16.jpg,/root/autodl-tmp/UWAmodel_2/datasets/data_splits_depth/train/306_16.jpg,/root/autodl-tmp/UWAmodel_2/datasets/data_splits_sds_train/sparse_306_16.npy,1175
/root/autodl-tmp/UWAmodel_2/datasets/data_splits_original/train/306_20.jpg,/root/autodl-tmp/UWAmodel_2/datasets/data_splits_depth/train/306_20.jpg,/root/autodl-tmp/UWAmodel_2/datasets/data_splits_sds_train/sparse_306_20.npy,1175
/root/autodl-tmp/UWAmodel_2/datasets/data_splits_original/train/306_26.jpg,/root/autodl-tmp/UWAmodel_2/datasets/data_splits_depth/train/306_26.jpg,/root/autodl-tmp/UWAmodel_2/datasets/data_splits_sds_train/sparse_306_26.npy,1175
/root/autodl-tmp/UWAmodel_2/datasets/data_splits_original/train/306_72.jpg,/root/autodl-tmp/UWAmodel_2/datasets/data_splits_depth/train/306_72.jpg,/root/autodl-tmp/UWAmodel_2/datasets/data_splits_sds_train/sparse_306_72.npy,1175
/root/autodl-tmp/UWAmodel_2/datasets/data_splits_original/train/306_75.jpg,/root/autodl-tmp/UWAmodel_2/datasets/data_splits_depth/train/306_75.jpg,/root/autodl-tmp/UWAmodel_2/datasets/data_splits_sds_train/sparse_306_75.npy,1175
/root/autodl-tmp/UWAmodel_2/datasets/data_splits_original/train/308_36.jpg,/root/autodl-tmp/UWAmodel_2/datasets/data_splits_depth/train/308_36.jpg,/root/autodl-tmp/UWAmodel_2/datasets/data_splits_sds_train/sparse_308_36.npy,1175
/root/autodl-tmp/UWAmodel_2/datasets/data_splits_original/train/308_50.jpg,/root/autodl-tmp/UWAmodel_2/datasets/data_splits_depth/train/308_50.jpg,/root/autodl-tmp/UWAmodel_2/datasets/data_splits_sds_train/sparse_308_50.npy,1175
/root/autodl-tmp/UWAmodel_2/datasets/data_splits_original/train/308_67.jpg,/root/autodl-tmp/UWAmodel_2/datasets/data_splits_depth/train/308_67.jpg,/root/autodl-tmp/UWAmodel_2/datasets/data_splits_sds_train/sparse_308_67.npy,1175
/root/autodl-tmp/UWAmodel_2/datasets/data_splits_original/train/308_77.jpg,/root/autodl-tmp/UWAmodel_2/datasets/data_splits_depth/train/308_77.jpg,/root/autodl-tmp/UWAmodel_2/datasets/data_splits_sds_train/sparse_308_77.npy,1175
/root/autodl-tmp/UWAmodel_2/datasets/data_splits_original/train/308_90.jpg,/root/autodl-tmp/UWAmodel_2/datasets/data_splits_depth/train/308_90.jpg,/root/autodl-tmp/UWAmodel_2/datasets/data_splits_sds_train/sparse_308_90.npy,1175
/root/autodl-tmp/UWAmodel_2/datasets/data_splits_original/train/311_24.jpg,/root/autodl-tmp/UWAmodel_2/datasets/data_splits_depth/train/311_24.jpg,/root/autodl-tmp/UWAmodel_2/datasets/data_splits_sds_train/sparse_311_24.npy,1175
/root/autodl-tmp/UWAmodel_2/datasets/data_splits_original/train/311_44.jpg,/root/autodl-tmp/UWAmodel_2/datasets/data_splits_depth/train/311_44.jpg,/root/autodl-tmp/UWAmodel_2/datasets/data_splits_sds_train/sparse_311_44.npy,1175
/root/autodl-tmp/UWAmodel_2/datasets/data_splits_original/train/311_99.jpg,/root/autodl-tmp/UWAmodel_2/datasets/data_splits_depth/train/311_99.jpg,/root/autodl-tmp/UWAmodel_2/datasets/data_splits_sds_train/sparse_311_99.npy,1175
/root/autodl-tmp/UWAmodel_2/datasets/data_splits_original/train/311_100.jpg,/root/autodl-tmp/UWAmodel_2/datasets/data_splits_depth/train/311_100.jpg,/root/autodl-tmp/UWAmodel_2/datasets/data_splits_sds_train/sparse_311_100.npy,1175
/root/autodl-tmp/UWAmodel_2/datasets/data_splits_original/train/311_105.jpg,/root/autodl-tmp/UWAmodel_2/datasets/data_splits_depth/train/311_105.jpg,/root/autodl-tmp/UWAmodel_2/datasets/data_splits_sds_train/sparse_311_105.npy,1175
/root/autodl-tmp/UWAmodel_2/datasets/data_splits_original/train/313_27.jpg,/root/autodl-tmp/UWAmodel_2/datasets/data_splits_depth/train/313_27.jpg,/root/autodl-tmp/UWAmodel_2/datasets/data_splits_sds_train/sparse_313_27.npy,1175
/root/autodl-tmp/UWAmodel_2/datasets/data_splits_original/train/313_43.jpg,/root/autodl-tmp/UWAmodel_2/datasets/data_splits_depth/train/313_43.jpg,/root/autodl-tmp/UWAmodel_2/datasets/data_splits_sds_train/sparse_313_43.npy,1175
/root/autodl-tmp/UWAmodel_2/datasets/data_splits_original/train/313_54.jpg,/root/autodl-tmp/UWAmodel_2/datasets/data_splits_depth/train/313_54.jpg,/root/autodl-tmp/UWAmodel_2/datasets/data_splits_sds_train/sparse_313_54.npy,1175
/root/autodl-tmp/UWAmodel_2/datasets/data_splits_original/train/313_61.jpg,/root/autodl-tmp/UWAmodel_2/datasets/data_splits_depth/train/313_61.jpg,/root/autodl-tmp/UWAmodel_2/datasets/data_splits_sds_train/sparse_313_61.npy,1175
/root/autodl-tmp/UWAmodel_2/datasets/data_splits_original/train/313_80.jpg,/root/autodl-tmp/UWAmodel_2/datasets/data_splits_depth/train/313_80.jpg,/root/autodl-tmp/UWAmodel_2/datasets/data_splits_sds_train/sparse_313_80.npy,1175
/root/autodl-tmp/UWAmodel_2/datasets/data_splits_original/train/314_8.jpg,/root/autodl-tmp/UWAmodel_2/datasets/data_splits_depth/train/314_8.jpg,/root/autodl-tmp/UWAmodel_2/datasets/data_splits_sds_train/sparse_314_8.npy,1175
/root/autodl-tmp/UWAmodel_2/datasets/data_splits_original/train/314_12.jpg,/root/autodl-tmp/UWAmodel_2/datasets/data_splits_depth/train/314_12.jpg,/root/autodl-tmp/UWAmodel_2/datasets/data_splits_sds_train/sparse_314_12.npy,1175
/root/autodl-tmp/UWAmodel_2/datasets/data_splits_original/train/314_17.jpg,/root/autodl-tmp/UWAmodel_2/datasets/data_splits_depth/train/314_17.jpg,/root/autodl-tmp/UWAmodel_2/datasets/data_splits_sds_train/sparse_314_17.npy,1175
/root/autodl-tmp/UWAmodel_2/datasets/data_splits_original/train/314_21.jpg,/root/autodl-tmp/UWAmodel_2/datasets/data_splits_depth/train/314_21.jpg,/root/autodl-tmp/UWAmodel_2/datasets/data_splits_sds_train/sparse_314_21.npy,1175
/root/autodl-tmp/UWAmodel_2/datasets/data_splits_original/train/314_89.jpg,/root/autodl-tmp/UWAmodel_2/datasets/data_splits_depth/train/314_89.jpg,/root/autodl-tmp/UWAmodel_2/datasets/data_splits_sds_train/sparse_314_89.npy,1175
/root/autodl-tmp/UWAmodel_2/datasets/data_splits_original/train/315_4.jpg,/root/autodl-tmp/UWAmodel_2/datasets/data_splits_depth/train/315_4.jpg,/root/autodl-tmp/UWAmodel_2/datasets/data_splits_sds_train/sparse_315_4.npy,1175
/root/autodl-tmp/UWAmodel_2/datasets/data_splits_original/train/315_7.jpg,/root/autodl-tmp/UWAmodel_2/datasets/data_splits_depth/train/315_7.jpg,/root/autodl-tmp/UWAmodel_2/datasets/data_splits_sds_train/sparse_315_7.npy,1175
/root/autodl-tmp/UWAmodel_2/datasets/data_splits_original/train/315_24.jpg,/root/autodl-tmp/UWAmodel_2/datasets/data_splits_depth/train/315_24.jpg,/root/autodl-tmp/UWAmodel_2/datasets/data_splits_sds_train/sparse_315_24.npy,1175
/root/autodl-tmp/UWAmodel_2/datasets/data_splits_original/train/315_63.jpg,/root/autodl-tmp/UWAmodel_2/datasets/data_splits_depth/train/315_63.jpg,/root/autodl-tmp/UWAmodel_2/datasets/data_splits_sds_train/sparse_315_63.npy,1175
/root/autodl-tmp/UWAmodel_2/datasets/data_splits_original/train/315_72.jpg,/root/autodl-tmp/UWAmodel_2/datasets/data_splits_depth/train/315_72.jpg,/root/autodl-tmp/UWAmodel_2/datasets/data_splits_sds_train/sparse_315_72.npy,1175
/root/autodl-tmp/UWAmodel_2/datasets/data_splits_original/train/316_14.jpg,/root/autodl-tmp/UWAmodel_2/datasets/data_splits_depth/train/316_14.jpg,/root/autodl-tmp/UWAmodel_2/datasets/data_splits_sds_train/sparse_316_14.npy,1175
/root/autodl-tmp/UWAmodel_2/datasets/data_splits_original/train/316_20.jpg,/root/autodl-tmp/UWAmodel_2/datasets/data_splits_depth/train/316_20.jpg,/root/autodl-tmp/UWAmodel_2/datasets/data_splits_sds_train/sparse_316_20.npy,1175
/root/autodl-tmp/UWAmodel_2/datasets/data_splits_original/train/316_71.jpg,/root/autodl-tmp/UWAmodel_2/datasets/data_splits_depth/train/316_71.jpg,/root/autodl-tmp/UWAmodel_2/datasets/data_splits_sds_train/sparse_316_71.npy,1175
/root/autodl-tmp/UWAmodel_2/datasets/data_splits_original/train/316_83.jpg,/root/autodl-tmp/UWAmodel_2/datasets/data_splits_depth/train/316_83.jpg,/root/autodl-tmp/UWAmodel_2/datasets/data_splits_sds_train/sparse_316_83.npy,1175
/root/autodl-tmp/UWAmodel_2/datasets/data_splits_original/train/316_119.jpg,/root/autodl-tmp/UWAmodel_2/datasets/data_splits_depth/train/316_119.jpg,/root/autodl-tmp/UWAmodel_2/datasets/data_splits_sds_train/sparse_316_119.npy,1175
/root/autodl-tmp/UWAmodel_2/datasets/data_splits_original/train/317_20.jpg,/root/autodl-tmp/UWAmodel_2/datasets/data_splits_depth/train/317_20.jpg,/root/autodl-tmp/UWAmodel_2/datasets/data_splits_sds_train/sparse_317_20.npy,1175
/root/autodl-tmp/UWAmodel_2/datasets/data_splits_original/train/317_37.jpg,/root/autodl-tmp/UWAmodel_2/datasets/data_splits_depth/train/317_37.jpg,/root/autodl-tmp/UWAmodel_2/datasets/data_splits_sds_train/sparse_317_37.npy,1175
/root/autodl-tmp/UWAmodel_2/datasets/data_splits_original/train/317_74.jpg,/root/autodl-tmp/UWAmodel_2/datasets/data_splits_depth/train/317_74.jpg,/root/autodl-tmp/UWAmodel_2/datasets/data_splits_sds_train/sparse_317_74.npy,1175
/root/autodl-tmp/UWAmodel_2/datasets/data_splits_original/train/317_80.jpg,/root/autodl-tmp/UWAmodel_2/datasets/data_splits_depth/train/317_80.jpg,/root/autodl-tmp/UWAmodel_2/datasets/data_splits_sds_train/sparse_317_80.npy,1175
/root/autodl-tmp/UWAmodel_2/datasets/data_splits_original/train/317_115.jpg,/root/autodl-tmp/UWAmodel_2/datasets/data_splits_depth/train/317_115.jpg,/root/autodl-tmp/UWAmodel_2/datasets/data_splits_sds_train/sparse_317_115.npy,1175
/root/autodl-tmp/UWAmodel_2/datasets/data_splits_original/train/318_31.jpg,/root/autodl-tmp/UWAmodel_2/datasets/data_splits_depth/train/318_31.jpg,/root/autodl-tmp/UWAmodel_2/datasets/data_splits_sds_train/sparse_318_31.npy,1175
/root/autodl-tmp/UWAmodel_2/datasets/data_splits_original/train/318_33.jpg,/root/autodl-tmp/UWAmodel_2/datasets/data_splits_depth/train/318_33.jpg,/root/autodl-tmp/UWAmodel_2/datasets/data_splits_sds_train/sparse_318_33.npy,1175
/root/autodl-tmp/UWAmodel_2/datasets/data_splits_original/train/318_45.jpg,/root/autodl-tmp/UWAmodel_2/datasets/data_splits_depth/train/318_45.jpg,/root/autodl-tmp/UWAmodel_2/datasets/data_splits_sds_train/sparse_318_45.npy,1175
/root/autodl-tmp/UWAmodel_2/datasets/data_splits_original/train/318_97.jpg,/root/autodl-tmp/UWAmodel_2/datasets/data_splits_depth/train/318_97.jpg,/root/autodl-tmp/UWAmodel_2/datasets/data_splits_sds_train/sparse_318_97.npy,1175
/root/autodl-tmp/UWAmodel_2/datasets/data_splits_original/train/318_117.jpg,/root/autodl-tmp/UWAmodel_2/datasets/data_splits_depth/train/318_117.jpg,/root/autodl-tmp/UWAmodel_2/datasets/data_splits_sds_train/sparse_318_117.npy,1175
/root/autodl-tmp/UWAmodel_2/datasets/data_splits_original/train/320_6.jpg,/root/autodl-tmp/UWAmodel_2/datasets/data_splits_depth/train/320_6.jpg,/root/autodl-tmp/UWAmodel_2/datasets/data_splits_sds_train/sparse_320_6.npy,1175
/root/autodl-tmp/UWAmodel_2/datasets/data_splits_original/train/320_25.jpg,/root/autodl-tmp/UWAmodel_2/datasets/data_splits_depth/train/320_25.jpg,/root/autodl-tmp/UWAmodel_2/datasets/data_splits_sds_train/sparse_320_25.npy,1175
/root/autodl-tmp/UWAmodel_2/datasets/data_splits_original/train/320_48.jpg,/root/autodl-tmp/UWAmodel_2/datasets/data_splits_depth/train/320_48.jpg,/root/autodl-tmp/UWAmodel_2/datasets/data_splits_sds_train/sparse_320_48.npy,1175
/root/autodl-tmp/UWAmodel_2/datasets/data_splits_original/train/320_98.jpg,/root/autodl-tmp/UWAmodel_2/datasets/data_splits_depth/train/320_98.jpg,/root/autodl-tmp/UWAmodel_2/datasets/data_splits_sds_train/sparse_320_98.npy,1175
/root/autodl-tmp/UWAmodel_2/datasets/data_splits_original/train/320_105.jpg,/root/autodl-tmp/UWAmodel_2/datasets/data_splits_depth/train/320_105.jpg,/root/autodl-tmp/UWAmodel_2/datasets/data_splits_sds_train/sparse_320_105.npy,1175
/root/autodl-tmp/UWAmodel_2/datasets/data_splits_original/train/321_40.jpg,/root/autodl-tmp/UWAmodel_2/datasets/data_splits_depth/train/321_40.jpg,/root/autodl-tmp/UWAmodel_2/datasets/data_splits_sds_train/sparse_321_40.npy,1175
/root/autodl-tmp/UWAmodel_2/datasets/data_splits_original/train/321_72.jpg,/root/autodl-tmp/UWAmodel_2/datasets/data_splits_depth/train/321_72.jpg,/root/autodl-tmp/UWAmodel_2/datasets/data_splits_sds_train/sparse_321_72.npy,1175
/root/autodl-tmp/UWAmodel_2/datasets/data_splits_original/train/321_82.jpg,/root/autodl-tmp/UWAmodel_2/datasets/data_splits_depth/train/321_82.jpg,/root/autodl-tmp/UWAmodel_2/datasets/data_splits_sds_train/sparse_321_82.npy,1175
/root/autodl-tmp/UWAmodel_2/datasets/data_splits_original/train/321_117.jpg,/root/autodl-tmp/UWAmodel_2/datasets/data_splits_depth/train/321_117.jpg,/root/autodl-tmp/UWAmodel_2/datasets/data_splits_sds_train/sparse_321_117.npy,1175
/root/autodl-tmp/UWAmodel_2/datasets/data_splits_original/train/321_118.jpg,/root/autodl-tmp/UWAmodel_2/datasets/data_splits_depth/train/321_118.jpg,/root/autodl-tmp/UWAmodel_2/datasets/data_splits_sds_train/sparse_321_118.npy,1175
/root/autodl-tmp/UWAmodel_2/datasets/data_splits_original/train/323_8.jpg,/root/autodl-tmp/UWAmodel_2/datasets/data_splits_depth/train/323_8.jpg,/root/autodl-tmp/UWAmodel_2/datasets/data_splits_sds_train/sparse_323_8.npy,1175
/root/autodl-tmp/UWAmodel_2/datasets/data_splits_original/train/323_14.jpg,/root/autodl-tmp/UWAmodel_2/datasets/data_splits_depth/train/323_14.jpg,/root/autodl-tmp/UWAmodel_2/datasets/data_splits_sds_train/sparse_323_14.npy,1175
/root/autodl-tmp/UWAmodel_2/datasets/data_splits_original/train/323_16.jpg,/root/autodl-tmp/UWAmodel_2/datasets/data_splits_depth/train/323_16.jpg,/root/autodl-tmp/UWAmodel_2/datasets/data_splits_sds_train/sparse_323_16.npy,1175
/root/autodl-tmp/UWAmodel_2/datasets/data_splits_original/train/323_36.jpg,/root/autodl-tmp/UWAmodel_2/datasets/data_splits_depth/train/323_36.jpg,/root/autodl-tmp/UWAmodel_2/datasets/data_splits_sds_train/sparse_323_36.npy,1175
/root/autodl-tmp/UWAmodel_2/datasets/data_splits_original/train/323_94.jpg,/root/autodl-tmp/UWAmodel_2/datasets/data_splits_depth/train/323_94.jpg,/root/autodl-tmp/UWAmodel_2/datasets/data_splits_sds_train/sparse_323_94.npy,1175
/root/autodl-tmp/UWAmodel_2/datasets/data_splits_original/train/324_4.jpg,/root/autodl-tmp/UWAmodel_2/datasets/data_splits_depth/train/324_4.jpg,/root/autodl-tmp/UWAmodel_2/datasets/data_splits_sds_train/sparse_324_4.npy,1175
/root/autodl-tmp/UWAmodel_2/datasets/data_splits_original/train/324_47.jpg,/root/autodl-tmp/UWAmodel_2/datasets/data_splits_depth/train/324_47.jpg,/root/autodl-tmp/UWAmodel_2/datasets/data_splits_sds_train/sparse_324_47.npy,1175
/root/autodl-tmp/UWAmodel_2/datasets/data_splits_original/train/324_66.jpg,/root/autodl-tmp/UWAmodel_2/datasets/data_splits_depth/train/324_66.jpg,/root/autodl-tmp/UWAmodel_2/datasets/data_splits_sds_train/sparse_324_66.npy,1175
/root/autodl-tmp/UWAmodel_2/datasets/data_splits_original/train/324_68.jpg,/root/autodl-tmp/UWAmodel_2/datasets/data_splits_depth/train/324_68.jpg,/root/autodl-tmp/UWAmodel_2/datasets/data_splits_sds_train/sparse_324_68.npy,1175
/root/autodl-tmp/UWAmodel_2/datasets/data_splits_original/train/324_91.jpg,/root/autodl-tmp/UWAmodel_2/datasets/data_splits_depth/train/324_91.jpg,/root/autodl-tmp/UWAmodel_2/datasets/data_splits_sds_train/sparse_324_91.npy,1175
/root/autodl-tmp/UWAmodel_2/datasets/data_splits_original/train/325_13.jpg,/root/autodl-tmp/UWAmodel_2/datasets/data_splits_depth/train/325_13.jpg,/root/autodl-tmp/UWAmodel_2/datasets/data_splits_sds_train/sparse_325_13.npy,1175
/root/autodl-tmp/UWAmodel_2/datasets/data_splits_original/train/325_58.jpg,/root/autodl-tmp/UWAmodel_2/datasets/data_splits_depth/train/325_58.jpg,/root/autodl-tmp/UWAmodel_2/datasets/data_splits_sds_train/sparse_325_58.npy,1175
/root/autodl-tmp/UWAmodel_2/datasets/data_splits_original/train/325_82.jpg,/root/autodl-tmp/UWAmodel_2/datasets/data_splits_depth/train/325_82.jpg,/root/autodl-tmp/UWAmodel_2/datasets/data_splits_sds_train/sparse_325_82.npy,1175
/root/autodl-tmp/UWAmodel_2/datasets/data_splits_original/train/325_106.jpg,/root/autodl-tmp/UWAmodel_2/datasets/data_splits_depth/train/325_106.jpg,/root/autodl-tmp/UWAmodel_2/datasets/data_splits_sds_train/sparse_325_106.npy,1175
/root/autodl-tmp/UWAmodel_2/datasets/data_splits_original/train/325_112.jpg,/root/autodl-tmp/UWAmodel_2/datasets/data_splits_depth/train/325_112.jpg,/root/autodl-tmp/UWAmodel_2/datasets/data_splits_sds_train/sparse_325_112.npy,1175
/root/autodl-tmp/UWAmodel_2/datasets/data_splits_original/train/1_9.jpg,/root/autodl-tmp/UWAmodel_2/datasets/data_splits_depth/train/1_9.jpg,/root/autodl-tmp/UWAmodel_2/datasets/data_splits_sds_train/sparse_1_9.npy,1175
/root/autodl-tmp/UWAmodel_2/datasets/data_splits_original/train/1_11.jpg,/root/autodl-tmp/UWAmodel_2/datasets/data_splits_depth/train/1_11.jpg,/root/autodl-tmp/UWAmodel_2/datasets/data_splits_sds_train/sparse_1_11.npy,1175
/root/autodl-tmp/UWAmodel_2/datasets/data_splits_original/train/1_14.jpg,/root/autodl-tmp/UWAmodel_2/datasets/data_splits_depth/train/1_14.jpg,/root/autodl-tmp/UWAmodel_2/datasets/data_splits_sds_train/sparse_1_14.npy,1175
/root/autodl-tmp/UWAmodel_2/datasets/data_splits_original/train/1_19.jpg,/root/autodl-tmp/UWAmodel_2/datasets/data_splits_depth/train/1_19.jpg,/root/autodl-tmp/UWAmodel_2/datasets/data_splits_sds_train/sparse_1_19.npy,1175
/root/autodl-tmp/UWAmodel_2/datasets/data_splits_original/train/1_20.jpg,/root/autodl-tmp/UWAmodel_2/datasets/data_splits_depth/train/1_20.jpg,/root/autodl-tmp/UWAmodel_2/datasets/data_splits_sds_train/sparse_1_20.npy,1175
/root/autodl-tmp/UWAmodel_2/datasets/data_splits_original/train/2_9.jpg,/root/autodl-tmp/UWAmodel_2/datasets/data_splits_depth/train/2_9.jpg,/root/autodl-tmp/UWAmodel_2/datasets/data_splits_sds_train/sparse_2_9.npy,1175
/root/autodl-tmp/UWAmodel_2/datasets/data_splits_original/train/2_52.jpg,/root/autodl-tmp/UWAmodel_2/datasets/data_splits_depth/train/2_52.jpg,/root/autodl-tmp/UWAmodel_2/datasets/data_splits_sds_train/sparse_2_52.npy,1175
/root/autodl-tmp/UWAmodel_2/datasets/data_splits_original/train/2_58.jpg,/root/autodl-tmp/UWAmodel_2/datasets/data_splits_depth/train/2_58.jpg,/root/autodl-tmp/UWAmodel_2/datasets/data_splits_sds_train/sparse_2_58.npy,1175
/root/autodl-tmp/UWAmodel_2/datasets/data_splits_original/train/2_67.jpg,/root/autodl-tmp/UWAmodel_2/datasets/data_splits_depth/train/2_67.jpg,/root/autodl-tmp/UWAmodel_2/datasets/data_splits_sds_train/sparse_2_67.npy,1175
/root/autodl-tmp/UWAmodel_2/datasets/data_splits_original/train/2_79.jpg,/root/autodl-tmp/UWAmodel_2/datasets/data_splits_depth/train/2_79.jpg,/root/autodl-tmp/UWAmodel_2/datasets/data_splits_sds_train/sparse_2_79.npy,1175
/root/autodl-tmp/UWAmodel_2/datasets/data_splits_original/train/3_33.jpg,/root/autodl-tmp/UWAmodel_2/datasets/data_splits_depth/train/3_33.jpg,/root/autodl-tmp/UWAmodel_2/datasets/data_splits_sds_train/sparse_3_33.npy,1175
/root/autodl-tmp/UWAmodel_2/datasets/data_splits_original/train/3_41.jpg,/root/autodl-tmp/UWAmodel_2/datasets/data_splits_depth/train/3_41.jpg,/root/autodl-tmp/UWAmodel_2/datasets/data_splits_sds_train/sparse_3_41.npy,1175
/root/autodl-tmp/UWAmodel_2/datasets/data_splits_original/train/3_69.jpg,/root/autodl-tmp/UWAmodel_2/datasets/data_splits_depth/train/3_69.jpg,/root/autodl-tmp/UWAmodel_2/datasets/data_splits_sds_train/sparse_3_69.npy,1175
/root/autodl-tmp/UWAmodel_2/datasets/data_splits_original/train/3_113.jpg,/root/autodl-tmp/UWAmodel_2/datasets/data_splits_depth/train/3_113.jpg,/root/autodl-tmp/UWAmodel_2/datasets/data_splits_sds_train/sparse_3_113.npy,1175
/root/autodl-tmp/UWAmodel_2/datasets/data_splits_original/train/3_116.jpg,/root/autodl-tmp/UWAmodel_2/datasets/data_splits_depth/train/3_116.jpg,/root/autodl-tmp/UWAmodel_2/datasets/data_splits_sds_train/sparse_3_116.npy,1175
/root/autodl-tmp/UWAmodel_2/datasets/data_splits_original/train/4_6.jpg,/root/autodl-tmp/UWAmodel_2/datasets/data_splits_depth/train/4_6.jpg,/root/autodl-tmp/UWAmodel_2/datasets/data_splits_sds_train/sparse_4_6.npy,1175
/root/autodl-tmp/UWAmodel_2/datasets/data_splits_original/train/4_80.jpg,/root/autodl-tmp/UWAmodel_2/datasets/data_splits_depth/train/4_80.jpg,/root/autodl-tmp/UWAmodel_2/datasets/data_splits_sds_train/sparse_4_80.npy,1175
/root/autodl-tmp/UWAmodel_2/datasets/data_splits_original/train/4_86.jpg,/root/autodl-tmp/UWAmodel_2/datasets/data_splits_depth/train/4_86.jpg,/root/autodl-tmp/UWAmodel_2/datasets/data_splits_sds_train/sparse_4_86.npy,1175
/root/autodl-tmp/UWAmodel_2/datasets/data_splits_original/train/4_108.jpg,/root/autodl-tmp/UWAmodel_2/datasets/data_splits_depth/train/4_108.jpg,/root/autodl-tmp/UWAmodel_2/datasets/data_splits_sds_train/sparse_4_108.npy,1175
/root/autodl-tmp/UWAmodel_2/datasets/data_splits_original/train/4_120.jpg,/root/autodl-tmp/UWAmodel_2/datasets/data_splits_depth/train/4_120.jpg,/root/autodl-tmp/UWAmodel_2/datasets/data_splits_sds_train/sparse_4_120.npy,1175
/root/autodl-tmp/UWAmodel_2/datasets/data_splits_original/train/5_6.jpg,/root/autodl-tmp/UWAmodel_2/datasets/data_splits_depth/train/5_6.jpg,/root/autodl-tmp/UWAmodel_2/datasets/data_splits_sds_train/sparse_5_6.npy,1175
/root/autodl-tmp/UWAmodel_2/datasets/data_splits_original/train/5_35.jpg,/root/autodl-tmp/UWAmodel_2/datasets/data_splits_depth/train/5_35.jpg,/root/autodl-tmp/UWAmodel_2/datasets/data_splits_sds_train/sparse_5_35.npy,1175
/root/autodl-tmp/UWAmodel_2/datasets/data_splits_original/train/5_54.jpg,/root/autodl-tmp/UWAmodel_2/datasets/data_splits_depth/train/5_54.jpg,/root/autodl-tmp/UWAmodel_2/datasets/data_splits_sds_train/sparse_5_54.npy,1175
/root/autodl-tmp/UWAmodel_2/datasets/data_splits_original/train/5_92.jpg,/root/autodl-tmp/UWAmodel_2/datasets/data_splits_depth/train/5_92.jpg,/root/autodl-tmp/UWAmodel_2/datasets/data_splits_sds_train/sparse_5_92.npy,1175
/root/autodl-tmp/UWAmodel_2/datasets/data_splits_original/train/5_103.jpg,/root/autodl-tmp/UWAmodel_2/datasets/data_splits_depth/train/5_103.jpg,/root/autodl-tmp/UWAmodel_2/datasets/data_splits_sds_train/sparse_5_103.npy,1175
/root/autodl-tmp/UWAmodel_2/datasets/data_splits_original/train/7_5.jpg,/root/autodl-tmp/UWAmodel_2/datasets/data_splits_depth/train/7_5.jpg,/root/autodl-tmp/UWAmodel_2/datasets/data_splits_sds_train/sparse_7_5.npy,1175
/root/autodl-tmp/UWAmodel_2/datasets/data_splits_original/train/7_24.jpg,/root/autodl-tmp/UWAmodel_2/datasets/data_splits_depth/train/7_24.jpg,/root/autodl-tmp/UWAmodel_2/datasets/data_splits_sds_train/sparse_7_24.npy,1175
/root/autodl-tmp/UWAmodel_2/datasets/data_splits_original/train/7_54.jpg,/root/autodl-tmp/UWAmodel_2/datasets/data_splits_depth/train/7_54.jpg,/root/autodl-tmp/UWAmodel_2/datasets/data_splits_sds_train/sparse_7_54.npy,1175
/root/autodl-tmp/UWAmodel_2/datasets/data_splits_original/train/7_85.jpg,/root/autodl-tmp/UWAmodel_2/datasets/data_splits_depth/train/7_85.jpg,/root/autodl-tmp/UWAmodel_2/datasets/data_splits_sds_train/sparse_7_85.npy,1175
/root/autodl-tmp/UWAmodel_2/datasets/data_splits_original/train/7_101.jpg,/root/autodl-tmp/UWAmodel_2/datasets/data_splits_depth/train/7_101.jpg,/root/autodl-tmp/UWAmodel_2/datasets/data_splits_sds_train/sparse_7_101.npy,1175
/root/autodl-tmp/UWAmodel_2/datasets/data_splits_original/train/8_15.jpg,/root/autodl-tmp/UWAmodel_2/datasets/data_splits_depth/train/8_15.jpg,/root/autodl-tmp/UWAmodel_2/datasets/data_splits_sds_train/sparse_8_15.npy,1175
/root/autodl-tmp/UWAmodel_2/datasets/data_splits_original/train/8_22.jpg,/root/autodl-tmp/UWAmodel_2/datasets/data_splits_depth/train/8_22.jpg,/root/autodl-tmp/UWAmodel_2/datasets/data_splits_sds_train/sparse_8_22.npy,1175
/root/autodl-tmp/UWAmodel_2/datasets/data_splits_original/train/8_62.jpg,/root/autodl-tmp/UWAmodel_2/datasets/data_splits_depth/train/8_62.jpg,/root/autodl-tmp/UWAmodel_2/datasets/data_splits_sds_train/sparse_8_62.npy,1175
/root/autodl-tmp/UWAmodel_2/datasets/data_splits_original/train/8_77.jpg,/root/autodl-tmp/UWAmodel_2/datasets/data_splits_depth/train/8_77.jpg,/root/autodl-tmp/UWAmodel_2/datasets/data_splits_sds_train/sparse_8_77.npy,1175
/root/autodl-tmp/UWAmodel_2/datasets/data_splits_original/train/8_118.jpg,/root/autodl-tmp/UWAmodel_2/datasets/data_splits_depth/train/8_118.jpg,/root/autodl-tmp/UWAmodel_2/datasets/data_splits_sds_train/sparse_8_118.npy,1175
/root/autodl-tmp/UWAmodel_2/datasets/data_splits_original/train/9_34.jpg,/root/autodl-tmp/UWAmodel_2/datasets/data_splits_depth/train/9_34.jpg,/root/autodl-tmp/UWAmodel_2/datasets/data_splits_sds_train/sparse_9_34.npy,1175
/root/autodl-tmp/UWAmodel_2/datasets/data_splits_original/train/9_67.jpg,/root/autodl-tmp/UWAmodel_2/datasets/data_splits_depth/train/9_67.jpg,/root/autodl-tmp/UWAmodel_2/datasets/data_splits_sds_train/sparse_9_67.npy,1175
/root/autodl-tmp/UWAmodel_2/datasets/data_splits_original/train/9_76.jpg,/root/autodl-tmp/UWAmodel_2/datasets/data_splits_depth/train/9_76.jpg,/root/autodl-tmp/UWAmodel_2/datasets/data_splits_sds_train/sparse_9_76.npy,1175
/root/autodl-tmp/UWAmodel_2/datasets/data_splits_original/train/9_86.jpg,/root/autodl-tmp/UWAmodel_2/datasets/data_splits_depth/train/9_86.jpg,/root/autodl-tmp/UWAmodel_2/datasets/data_splits_sds_train/sparse_9_86.npy,1175
/root/autodl-tmp/UWAmodel_2/datasets/data_splits_original/train/9_109.jpg,/root/autodl-tmp/UWAmodel_2/datasets/data_splits_depth/train/9_109.jpg,/root/autodl-tmp/UWAmodel_2/datasets/data_splits_sds_train/sparse_9_109.npy,1175
/root/autodl-tmp/UWAmodel_2/datasets/data_splits_original/train/10_8.jpg,/root/autodl-tmp/UWAmodel_2/datasets/data_splits_depth/train/10_8.jpg,/root/autodl-tmp/UWAmodel_2/datasets/data_splits_sds_train/sparse_10_8.npy,1175
/root/autodl-tmp/UWAmodel_2/datasets/data_splits_original/train/10_45.jpg,/root/autodl-tmp/UWAmodel_2/datasets/data_splits_depth/train/10_45.jpg,/root/autodl-tmp/UWAmodel_2/datasets/data_splits_sds_train/sparse_10_45.npy,1175
/root/autodl-tmp/UWAmodel_2/datasets/data_splits_original/train/10_66.jpg,/root/autodl-tmp/UWAmodel_2/datasets/data_splits_depth/train/10_66.jpg,/root/autodl-tmp/UWAmodel_2/datasets/data_splits_sds_train/sparse_10_66.npy,1175
/root/autodl-tmp/UWAmodel_2/datasets/data_splits_original/train/10_80.jpg,/root/autodl-tmp/UWAmodel_2/datasets/data_splits_depth/train/10_80.jpg,/root/autodl-tmp/UWAmodel_2/datasets/data_splits_sds_train/sparse_10_80.npy,1175
/root/autodl-tmp/UWAmodel_2/datasets/data_splits_original/train/10_110.jpg,/root/autodl-tmp/UWAmodel_2/datasets/data_splits_depth/train/10_110.jpg,/root/autodl-tmp/UWAmodel_2/datasets/data_splits_sds_train/sparse_10_110.npy,1175
/root/autodl-tmp/UWAmodel_2/datasets/data_splits_original/train/11_4.jpg,/root/autodl-tmp/UWAmodel_2/datasets/data_splits_depth/train/11_4.jpg,/root/autodl-tmp/UWAmodel_2/datasets/data_splits_sds_train/sparse_11_4.npy,1175
/root/autodl-tmp/UWAmodel_2/datasets/data_splits_original/train/11_20.jpg,/root/autodl-tmp/UWAmodel_2/datasets/data_splits_depth/train/11_20.jpg,/root/autodl-tmp/UWAmodel_2/datasets/data_splits_sds_train/sparse_11_20.npy,1175
/root/autodl-tmp/UWAmodel_2/datasets/data_splits_original/train/11_29.jpg,/root/autodl-tmp/UWAmodel_2/datasets/data_splits_depth/train/11_29.jpg,/root/autodl-tmp/UWAmodel_2/datasets/data_splits_sds_train/sparse_11_29.npy,1175
/root/autodl-tmp/UWAmodel_2/datasets/data_splits_original/train/11_34.jpg,/root/autodl-tmp/UWAmodel_2/datasets/data_splits_depth/train/11_34.jpg,/root/autodl-tmp/UWAmodel_2/datasets/data_splits_sds_train/sparse_11_34.npy,1175
/root/autodl-tmp/UWAmodel_2/datasets/data_splits_original/train/11_88.jpg,/root/autodl-tmp/UWAmodel_2/datasets/data_splits_depth/train/11_88.jpg,/root/autodl-tmp/UWAmodel_2/datasets/data_splits_sds_train/sparse_11_88.npy,1175
/root/autodl-tmp/UWAmodel_2/datasets/data_splits_original/train/12_21.jpg,/root/autodl-tmp/UWAmodel_2/datasets/data_splits_depth/train/12_21.jpg,/root/autodl-tmp/UWAmodel_2/datasets/data_splits_sds_train/sparse_12_21.npy,1175
/root/autodl-tmp/UWAmodel_2/datasets/data_splits_original/train/12_78.jpg,/root/autodl-tmp/UWAmodel_2/datasets/data_splits_depth/train/12_78.jpg,/root/autodl-tmp/UWAmodel_2/datasets/data_splits_sds_train/sparse_12_78.npy,1175
/root/autodl-tmp/UWAmodel_2/datasets/data_splits_original/train/12_88.jpg,/root/autodl-tmp/UWAmodel_2/datasets/data_splits_depth/train/12_88.jpg,/root/autodl-tmp/UWAmodel_2/datasets/data_splits_sds_train/sparse_12_88.npy,1175
/root/autodl-tmp/UWAmodel_2/datasets/data_splits_original/train/12_95.jpg,/root/autodl-tmp/UWAmodel_2/datasets/data_splits_depth/train/12_95.jpg,/root/autodl-tmp/UWAmodel_2/datasets/data_splits_sds_train/sparse_12_95.npy,1175
/root/autodl-tmp/UWAmodel_2/datasets/data_splits_original/train/12_112.jpg,/root/autodl-tmp/UWAmodel_2/datasets/data_splits_depth/train/12_112.jpg,/root/autodl-tmp/UWAmodel_2/datasets/data_splits_sds_train/sparse_12_112.npy,1175
/root/autodl-tmp/UWAmodel_2/datasets/data_splits_original/train/13_8.jpg,/root/autodl-tmp/UWAmodel_2/datasets/data_splits_depth/train/13_8.jpg,/root/autodl-tmp/UWAmodel_2/datasets/data_splits_sds_train/sparse_13_8.npy,1175
/root/autodl-tmp/UWAmodel_2/datasets/data_splits_original/train/13_59.jpg,/root/autodl-tmp/UWAmodel_2/datasets/data_splits_depth/train/13_59.jpg,/root/autodl-tmp/UWAmodel_2/datasets/data_splits_sds_train/sparse_13_59.npy,1175
/root/autodl-tmp/UWAmodel_2/datasets/data_splits_original/train/13_84.jpg,/root/autodl-tmp/UWAmodel_2/datasets/data_splits_depth/train/13_84.jpg,/root/autodl-tmp/UWAmodel_2/datasets/data_splits_sds_train/sparse_13_84.npy,1175
/root/autodl-tmp/UWAmodel_2/datasets/data_splits_original/train/13_103.jpg,/root/autodl-tmp/UWAmodel_2/datasets/data_splits_depth/train/13_103.jpg,/root/autodl-tmp/UWAmodel_2/datasets/data_splits_sds_train/sparse_13_103.npy,1175
/root/autodl-tmp/UWAmodel_2/datasets/data_splits_original/train/13_108.jpg,/root/autodl-tmp/UWAmodel_2/datasets/data_splits_depth/train/13_108.jpg,/root/autodl-tmp/UWAmodel_2/datasets/data_splits_sds_train/sparse_13_108.npy,1175
/root/autodl-tmp/UWAmodel_2/datasets/data_splits_original/train/14_80.jpg,/root/autodl-tmp/UWAmodel_2/datasets/data_splits_depth/train/14_80.jpg,/root/autodl-tmp/UWAmodel_2/datasets/data_splits_sds_train/sparse_14_80.npy,1175
/root/autodl-tmp/UWAmodel_2/datasets/data_splits_original/train/14_84.jpg,/root/autodl-tmp/UWAmodel_2/datasets/data_splits_depth/train/14_84.jpg,/root/autodl-tmp/UWAmodel_2/datasets/data_splits_sds_train/sparse_14_84.npy,1175
/root/autodl-tmp/UWAmodel_2/datasets/data_splits_original/train/14_96.jpg,/root/autodl-tmp/UWAmodel_2/datasets/data_splits_depth/train/14_96.jpg,/root/autodl-tmp/UWAmodel_2/datasets/data_splits_sds_train/sparse_14_96.npy,1175
/root/autodl-tmp/UWAmodel_2/datasets/data_splits_original/train/14_103.jpg,/root/autodl-tmp/UWAmodel_2/datasets/data_splits_depth/train/14_103.jpg,/root/autodl-tmp/UWAmodel_2/datasets/data_splits_sds_train/sparse_14_103.npy,1175
/root/autodl-tmp/UWAmodel_2/datasets/data_splits_original/train/14_116.jpg,/root/autodl-tmp/UWAmodel_2/datasets/data_splits_depth/train/14_116.jpg,/root/autodl-tmp/UWAmodel_2/datasets/data_splits_sds_train/sparse_14_116.npy,1175
/root/autodl-tmp/UWAmodel_2/datasets/data_splits_original/train/15_12.jpg,/root/autodl-tmp/UWAmodel_2/datasets/data_splits_depth/train/15_12.jpg,/root/autodl-tmp/UWAmodel_2/datasets/data_splits_sds_train/sparse_15_12.npy,1175
/root/autodl-tmp/UWAmodel_2/datasets/data_splits_original/train/15_54.jpg,/root/autodl-tmp/UWAmodel_2/datasets/data_splits_depth/train/15_54.jpg,/root/autodl-tmp/UWAmodel_2/datasets/data_splits_sds_train/sparse_15_54.npy,1175
/root/autodl-tmp/UWAmodel_2/datasets/data_splits_original/train/15_56.jpg,/root/autodl-tmp/UWAmodel_2/datasets/data_splits_depth/train/15_56.jpg,/root/autodl-tmp/UWAmodel_2/datasets/data_splits_sds_train/sparse_15_56.npy,1175
/root/autodl-tmp/UWAmodel_2/datasets/data_splits_original/train/15_58.jpg,/root/autodl-tmp/UWAmodel_2/datasets/data_splits_depth/train/15_58.jpg,/root/autodl-tmp/UWAmodel_2/datasets/data_splits_sds_train/sparse_15_58.npy,1175
/root/autodl-tmp/UWAmodel_2/datasets/data_splits_original/train/15_101.jpg,/root/autodl-tmp/UWAmodel_2/datasets/data_splits_depth/train/15_101.jpg,/root/autodl-tmp/UWAmodel_2/datasets/data_splits_sds_train/sparse_15_101.npy,1175
/root/autodl-tmp/UWAmodel_2/datasets/data_splits_original/train/16_15.jpg,/root/autodl-tmp/UWAmodel_2/datasets/data_splits_depth/train/16_15.jpg,/root/autodl-tmp/UWAmodel_2/datasets/data_splits_sds_train/sparse_16_15.npy,1175
/root/autodl-tmp/UWAmodel_2/datasets/data_splits_original/train/16_52.jpg,/root/autodl-tmp/UWAmodel_2/datasets/data_splits_depth/train/16_52.jpg,/root/autodl-tmp/UWAmodel_2/datasets/data_splits_sds_train/sparse_16_52.npy,1175
/root/autodl-tmp/UWAmodel_2/datasets/data_splits_original/train/16_53.jpg,/root/autodl-tmp/UWAmodel_2/datasets/data_splits_depth/train/16_53.jpg,/root/autodl-tmp/UWAmodel_2/datasets/data_splits_sds_train/sparse_16_53.npy,1175
/root/autodl-tmp/UWAmodel_2/datasets/data_splits_original/train/16_64.jpg,/root/autodl-tmp/UWAmodel_2/datasets/data_splits_depth/train/16_64.jpg,/root/autodl-tmp/UWAmodel_2/datasets/data_splits_sds_train/sparse_16_64.npy,1175
/root/autodl-tmp/UWAmodel_2/datasets/data_splits_original/train/16_105.jpg,/root/autodl-tmp/UWAmodel_2/datasets/data_splits_depth/train/16_105.jpg,/root/autodl-tmp/UWAmodel_2/datasets/data_splits_sds_train/sparse_16_105.npy,1175
/root/autodl-tmp/UWAmodel_2/datasets/data_splits_original/train/17_26.jpg,/root/autodl-tmp/UWAmodel_2/datasets/data_splits_depth/train/17_26.jpg,/root/autodl-tmp/UWAmodel_2/datasets/data_splits_sds_train/sparse_17_26.npy,1175
/root/autodl-tmp/UWAmodel_2/datasets/data_splits_original/train/17_36.jpg,/root/autodl-tmp/UWAmodel_2/datasets/data_splits_depth/train/17_36.jpg,/root/autodl-tmp/UWAmodel_2/datasets/data_splits_sds_train/sparse_17_36.npy,1175
/root/autodl-tmp/UWAmodel_2/datasets/data_splits_original/train/17_39.jpg,/root/autodl-tmp/UWAmodel_2/datasets/data_splits_depth/train/17_39.jpg,/root/autodl-tmp/UWAmodel_2/datasets/data_splits_sds_train/sparse_17_39.npy,1175
/root/autodl-tmp/UWAmodel_2/datasets/data_splits_original/train/17_77.jpg,/root/autodl-tmp/UWAmodel_2/datasets/data_splits_depth/train/17_77.jpg,/root/autodl-tmp/UWAmodel_2/datasets/data_splits_sds_train/sparse_17_77.npy,1175
/root/autodl-tmp/UWAmodel_2/datasets/data_splits_original/train/17_84.jpg,/root/autodl-tmp/UWAmodel_2/datasets/data_splits_depth/train/17_84.jpg,/root/autodl-tmp/UWAmodel_2/datasets/data_splits_sds_train/sparse_17_84.npy,1175
/root/autodl-tmp/UWAmodel_2/datasets/data_splits_original/train/18_45.jpg,/root/autodl-tmp/UWAmodel_2/datasets/data_splits_depth/train/18_45.jpg,/root/autodl-tmp/UWAmodel_2/datasets/data_splits_sds_train/sparse_18_45.npy,1175
/root/autodl-tmp/UWAmodel_2/datasets/data_splits_original/train/18_47.jpg,/root/autodl-tmp/UWAmodel_2/datasets/data_splits_depth/train/18_47.jpg,/root/autodl-tmp/UWAmodel_2/datasets/data_splits_sds_train/sparse_18_47.npy,1175
/root/autodl-tmp/UWAmodel_2/datasets/data_splits_original/train/18_59.jpg,/root/autodl-tmp/UWAmodel_2/datasets/data_splits_depth/train/18_59.jpg,/root/autodl-tmp/UWAmodel_2/datasets/data_splits_sds_train/sparse_18_59.npy,1175
/root/autodl-tmp/UWAmodel_2/datasets/data_splits_original/train/18_67.jpg,/root/autodl-tmp/UWAmodel_2/datasets/data_splits_depth/train/18_67.jpg,/root/autodl-tmp/UWAmodel_2/datasets/data_splits_sds_train/sparse_18_67.npy,1175
/root/autodl-tmp/UWAmodel_2/datasets/data_splits_original/train/18_80.jpg,/root/autodl-tmp/UWAmodel_2/datasets/data_splits_depth/train/18_80.jpg,/root/autodl-tmp/UWAmodel_2/datasets/data_splits_sds_train/sparse_18_80.npy,1175
/root/autodl-tmp/UWAmodel_2/datasets/data_splits_original/train/19_13.jpg,/root/autodl-tmp/UWAmodel_2/datasets/data_splits_depth/train/19_13.jpg,/root/autodl-tmp/UWAmodel_2/datasets/data_splits_sds_train/sparse_19_13.npy,1175
/root/autodl-tmp/UWAmodel_2/datasets/data_splits_original/train/19_39.jpg,/root/autodl-tmp/UWAmodel_2/datasets/data_splits_depth/train/19_39.jpg,/root/autodl-tmp/UWAmodel_2/datasets/data_splits_sds_train/sparse_19_39.npy,1175
/root/autodl-tmp/UWAmodel_2/datasets/data_splits_original/train/19_49.jpg,/root/autodl-tmp/UWAmodel_2/datasets/data_splits_depth/train/19_49.jpg,/root/autodl-tmp/UWAmodel_2/datasets/data_splits_sds_train/sparse_19_49.npy,1175
/root/autodl-tmp/UWAmodel_2/datasets/data_splits_original/train/19_52.jpg,/root/autodl-tmp/UWAmodel_2/datasets/data_splits_depth/train/19_52.jpg,/root/autodl-tmp/UWAmodel_2/datasets/data_splits_sds_train/sparse_19_52.npy,1175
/root/autodl-tmp/UWAmodel_2/datasets/data_splits_original/train/19_85.jpg,/root/autodl-tmp/UWAmodel_2/datasets/data_splits_depth/train/19_85.jpg,/root/autodl-tmp/UWAmodel_2/datasets/data_splits_sds_train/sparse_19_85.npy,1175
/root/autodl-tmp/UWAmodel_2/datasets/data_splits_original/train/20_49.jpg,/root/autodl-tmp/UWAmodel_2/datasets/data_splits_depth/train/20_49.jpg,/root/autodl-tmp/UWAmodel_2/datasets/data_splits_sds_train/sparse_20_49.npy,1175
/root/autodl-tmp/UWAmodel_2/datasets/data_splits_original/train/20_50.jpg,/root/autodl-tmp/UWAmodel_2/datasets/data_splits_depth/train/20_50.jpg,/root/autodl-tmp/UWAmodel_2/datasets/data_splits_sds_train/sparse_20_50.npy,1175
/root/autodl-tmp/UWAmodel_2/datasets/data_splits_original/train/20_58.jpg,/root/autodl-tmp/UWAmodel_2/datasets/data_splits_depth/train/20_58.jpg,/root/autodl-tmp/UWAmodel_2/datasets/data_splits_sds_train/sparse_20_58.npy,1175
/root/autodl-tmp/UWAmodel_2/datasets/data_splits_original/train/20_72.jpg,/root/autodl-tmp/UWAmodel_2/datasets/data_splits_depth/train/20_72.jpg,/root/autodl-tmp/UWAmodel_2/datasets/data_splits_sds_train/sparse_20_72.npy,1175
/root/autodl-tmp/UWAmodel_2/datasets/data_splits_original/train/20_96.jpg,/root/autodl-tmp/UWAmodel_2/datasets/data_splits_depth/train/20_96.jpg,/root/autodl-tmp/UWAmodel_2/datasets/data_splits_sds_train/sparse_20_96.npy,1175
/root/autodl-tmp/UWAmodel_2/datasets/data_splits_original/train/21_18.jpg,/root/autodl-tmp/UWAmodel_2/datasets/data_splits_depth/train/21_18.jpg,/root/autodl-tmp/UWAmodel_2/datasets/data_splits_sds_train/sparse_21_18.npy,1175
/root/autodl-tmp/UWAmodel_2/datasets/data_splits_original/train/21_31.jpg,/root/autodl-tmp/UWAmodel_2/datasets/data_splits_depth/train/21_31.jpg,/root/autodl-tmp/UWAmodel_2/datasets/data_splits_sds_train/sparse_21_31.npy,1175
/root/autodl-tmp/UWAmodel_2/datasets/data_splits_original/train/21_61.jpg,/root/autodl-tmp/UWAmodel_2/datasets/data_splits_depth/train/21_61.jpg,/root/autodl-tmp/UWAmodel_2/datasets/data_splits_sds_train/sparse_21_61.npy,1175
/root/autodl-tmp/UWAmodel_2/datasets/data_splits_original/train/21_74.jpg,/root/autodl-tmp/UWAmodel_2/datasets/data_splits_depth/train/21_74.jpg,/root/autodl-tmp/UWAmodel_2/datasets/data_splits_sds_train/sparse_21_74.npy,1175
/root/autodl-tmp/UWAmodel_2/datasets/data_splits_original/train/21_81.jpg,/root/autodl-tmp/UWAmodel_2/datasets/data_splits_depth/train/21_81.jpg,/root/autodl-tmp/UWAmodel_2/datasets/data_splits_sds_train/sparse_21_81.npy,1175
/root/autodl-tmp/UWAmodel_2/datasets/data_splits_original/train/22_4.jpg,/root/autodl-tmp/UWAmodel_2/datasets/data_splits_depth/train/22_4.jpg,/root/autodl-tmp/UWAmodel_2/datasets/data_splits_sds_train/sparse_22_4.npy,1175
/root/autodl-tmp/UWAmodel_2/datasets/data_splits_original/train/22_44.jpg,/root/autodl-tmp/UWAmodel_2/datasets/data_splits_depth/train/22_44.jpg,/root/autodl-tmp/UWAmodel_2/datasets/data_splits_sds_train/sparse_22_44.npy,1175
/root/autodl-tmp/UWAmodel_2/datasets/data_splits_original/train/22_45.jpg,/root/autodl-tmp/UWAmodel_2/datasets/data_splits_depth/train/22_45.jpg,/root/autodl-tmp/UWAmodel_2/datasets/data_splits_sds_train/sparse_22_45.npy,1175
/root/autodl-tmp/UWAmodel_2/datasets/data_splits_original/train/22_46.jpg,/root/autodl-tmp/UWAmodel_2/datasets/data_splits_depth/train/22_46.jpg,/root/autodl-tmp/UWAmodel_2/datasets/data_splits_sds_train/sparse_22_46.npy,1175
/root/autodl-tmp/UWAmodel_2/datasets/data_splits_original/train/22_55.jpg,/root/autodl-tmp/UWAmodel_2/datasets/data_splits_depth/train/22_55.jpg,/root/autodl-tmp/UWAmodel_2/datasets/data_splits_sds_train/sparse_22_55.npy,1175
/root/autodl-tmp/UWAmodel_2/datasets/data_splits_original/train/23_12.jpg,/root/autodl-tmp/UWAmodel_2/datasets/data_splits_depth/train/23_12.jpg,/root/autodl-tmp/UWAmodel_2/datasets/data_splits_sds_train/sparse_23_12.npy,1175
/root/autodl-tmp/UWAmodel_2/datasets/data_splits_original/train/23_16.jpg,/root/autodl-tmp/UWAmodel_2/datasets/data_splits_depth/train/23_16.jpg,/root/autodl-tmp/UWAmodel_2/datasets/data_splits_sds_train/sparse_23_16.npy,1175
/root/autodl-tmp/UWAmodel_2/datasets/data_splits_original/train/23_54.jpg,/root/autodl-tmp/UWAmodel_2/datasets/data_splits_depth/train/23_54.jpg,/root/autodl-tmp/UWAmodel_2/datasets/data_splits_sds_train/sparse_23_54.npy,1175
/root/autodl-tmp/UWAmodel_2/datasets/data_splits_original/train/23_95.jpg,/root/autodl-tmp/UWAmodel_2/datasets/data_splits_depth/train/23_95.jpg,/root/autodl-tmp/UWAmodel_2/datasets/data_splits_sds_train/sparse_23_95.npy,1175
/root/autodl-tmp/UWAmodel_2/datasets/data_splits_original/train/23_101.jpg,/root/autodl-tmp/UWAmodel_2/datasets/data_splits_depth/train/23_101.jpg,/root/autodl-tmp/UWAmodel_2/datasets/data_splits_sds_train/sparse_23_101.npy,1175
/root/autodl-tmp/UWAmodel_2/datasets/data_splits_original/train/25_39.jpg,/root/autodl-tmp/UWAmodel_2/datasets/data_splits_depth/train/25_39.jpg,/root/autodl-tmp/UWAmodel_2/datasets/data_splits_sds_train/sparse_25_39.npy,1175
/root/autodl-tmp/UWAmodel_2/datasets/data_splits_original/train/25_43.jpg,/root/autodl-tmp/UWAmodel_2/datasets/data_splits_depth/train/25_43.jpg,/root/autodl-tmp/UWAmodel_2/datasets/data_splits_sds_train/sparse_25_43.npy,1175
/root/autodl-tmp/UWAmodel_2/datasets/data_splits_original/train/25_53.jpg,/root/autodl-tmp/UWAmodel_2/datasets/data_splits_depth/train/25_53.jpg,/root/autodl-tmp/UWAmodel_2/datasets/data_splits_sds_train/sparse_25_53.npy,1175
/root/autodl-tmp/UWAmodel_2/datasets/data_splits_original/train/25_61.jpg,/root/autodl-tmp/UWAmodel_2/datasets/data_splits_depth/train/25_61.jpg,/root/autodl-tmp/UWAmodel_2/datasets/data_splits_sds_train/sparse_25_61.npy,1175
/root/autodl-tmp/UWAmodel_2/datasets/data_splits_original/train/25_66.jpg,/root/autodl-tmp/UWAmodel_2/datasets/data_splits_depth/train/25_66.jpg,/root/autodl-tmp/UWAmodel_2/datasets/data_splits_sds_train/sparse_25_66.npy,1175
/root/autodl-tmp/UWAmodel_2/datasets/data_splits_original/train/26_14.jpg,/root/autodl-tmp/UWAmodel_2/datasets/data_splits_depth/train/26_14.jpg,/root/autodl-tmp/UWAmodel_2/datasets/data_splits_sds_train/sparse_26_14.npy,1175
/root/autodl-tmp/UWAmodel_2/datasets/data_splits_original/train/26_46.jpg,/root/autodl-tmp/UWAmodel_2/datasets/data_splits_depth/train/26_46.jpg,/root/autodl-tmp/UWAmodel_2/datasets/data_splits_sds_train/sparse_26_46.npy,1175
/root/autodl-tmp/UWAmodel_2/datasets/data_splits_original/train/26_67.jpg,/root/autodl-tmp/UWAmodel_2/datasets/data_splits_depth/train/26_67.jpg,/root/autodl-tmp/UWAmodel_2/datasets/data_splits_sds_train/sparse_26_67.npy,1175
/root/autodl-tmp/UWAmodel_2/datasets/data_splits_original/train/26_111.jpg,/root/autodl-tmp/UWAmodel_2/datasets/data_splits_depth/train/26_111.jpg,/root/autodl-tmp/UWAmodel_2/datasets/data_splits_sds_train/sparse_26_111.npy,1175
/root/autodl-tmp/UWAmodel_2/datasets/data_splits_original/train/26_119.jpg,/root/autodl-tmp/UWAmodel_2/datasets/data_splits_depth/train/26_119.jpg,/root/autodl-tmp/UWAmodel_2/datasets/data_splits_sds_train/sparse_26_119.npy,1175
/root/autodl-tmp/UWAmodel_2/datasets/data_splits_original/train/27_12.jpg,/root/autodl-tmp/UWAmodel_2/datasets/data_splits_depth/train/27_12.jpg,/root/autodl-tmp/UWAmodel_2/datasets/data_splits_sds_train/sparse_27_12.npy,1175
/root/autodl-tmp/UWAmodel_2/datasets/data_splits_original/train/27_43.jpg,/root/autodl-tmp/UWAmodel_2/datasets/data_splits_depth/train/27_43.jpg,/root/autodl-tmp/UWAmodel_2/datasets/data_splits_sds_train/sparse_27_43.npy,1175
/root/autodl-tmp/UWAmodel_2/datasets/data_splits_original/train/27_60.jpg,/root/autodl-tmp/UWAmodel_2/datasets/data_splits_depth/train/27_60.jpg,/root/autodl-tmp/UWAmodel_2/datasets/data_splits_sds_train/sparse_27_60.npy,1175
/root/autodl-tmp/UWAmodel_2/datasets/data_splits_original/train/27_99.jpg,/root/autodl-tmp/UWAmodel_2/datasets/data_splits_depth/train/27_99.jpg,/root/autodl-tmp/UWAmodel_2/datasets/data_splits_sds_train/sparse_27_99.npy,1175
/root/autodl-tmp/UWAmodel_2/datasets/data_splits_original/train/27_113.jpg,/root/autodl-tmp/UWAmodel_2/datasets/data_splits_depth/train/27_113.jpg,/root/autodl-tmp/UWAmodel_2/datasets/data_splits_sds_train/sparse_27_113.npy,1175
/root/autodl-tmp/UWAmodel_2/datasets/data_splits_original/train/28_4.jpg,/root/autodl-tmp/UWAmodel_2/datasets/data_splits_depth/train/28_4.jpg,/root/autodl-tmp/UWAmodel_2/datasets/data_splits_sds_train/sparse_28_4.npy,1175
/root/autodl-tmp/UWAmodel_2/datasets/data_splits_original/train/28_17.jpg,/root/autodl-tmp/UWAmodel_2/datasets/data_splits_depth/train/28_17.jpg,/root/autodl-tmp/UWAmodel_2/datasets/data_splits_sds_train/sparse_28_17.npy,1175
/root/autodl-tmp/UWAmodel_2/datasets/data_splits_original/train/28_37.jpg,/root/autodl-tmp/UWAmodel_2/datasets/data_splits_depth/train/28_37.jpg,/root/autodl-tmp/UWAmodel_2/datasets/data_splits_sds_train/sparse_28_37.npy,1175
/root/autodl-tmp/UWAmodel_2/datasets/data_splits_original/train/28_77.jpg,/root/autodl-tmp/UWAmodel_2/datasets/data_splits_depth/train/28_77.jpg,/root/autodl-tmp/UWAmodel_2/datasets/data_splits_sds_train/sparse_28_77.npy,1175
/root/autodl-tmp/UWAmodel_2/datasets/data_splits_original/train/28_116.jpg,/root/autodl-tmp/UWAmodel_2/datasets/data_splits_depth/train/28_116.jpg,/root/autodl-tmp/UWAmodel_2/datasets/data_splits_sds_train/sparse_28_116.npy,1175
/root/autodl-tmp/UWAmodel_2/datasets/data_splits_original/train/29_12.jpg,/root/autodl-tmp/UWAmodel_2/datasets/data_splits_depth/train/29_12.jpg,/root/autodl-tmp/UWAmodel_2/datasets/data_splits_sds_train/sparse_29_12.npy,1175
/root/autodl-tmp/UWAmodel_2/datasets/data_splits_original/train/29_50.jpg,/root/autodl-tmp/UWAmodel_2/datasets/data_splits_depth/train/29_50.jpg,/root/autodl-tmp/UWAmodel_2/datasets/data_splits_sds_train/sparse_29_50.npy,1175
/root/autodl-tmp/UWAmodel_2/datasets/data_splits_original/train/29_85.jpg,/root/autodl-tmp/UWAmodel_2/datasets/data_splits_depth/train/29_85.jpg,/root/autodl-tmp/UWAmodel_2/datasets/data_splits_sds_train/sparse_29_85.npy,1175
/root/autodl-tmp/UWAmodel_2/datasets/data_splits_original/train/29_110.jpg,/root/autodl-tmp/UWAmodel_2/datasets/data_splits_depth/train/29_110.jpg,/root/autodl-tmp/UWAmodel_2/datasets/data_splits_sds_train/sparse_29_110.npy,1175
/root/autodl-tmp/UWAmodel_2/datasets/data_splits_original/train/29_111.jpg,/root/autodl-tmp/UWAmodel_2/datasets/data_splits_depth/train/29_111.jpg,/root/autodl-tmp/UWAmodel_2/datasets/data_splits_sds_train/sparse_29_111.npy,1175
/root/autodl-tmp/UWAmodel_2/datasets/data_splits_original/train/31_39.jpg,/root/autodl-tmp/UWAmodel_2/datasets/data_splits_depth/train/31_39.jpg,/root/autodl-tmp/UWAmodel_2/datasets/data_splits_sds_train/sparse_31_39.npy,1175
/root/autodl-tmp/UWAmodel_2/datasets/data_splits_original/train/31_47.jpg,/root/autodl-tmp/UWAmodel_2/datasets/data_splits_depth/train/31_47.jpg,/root/autodl-tmp/UWAmodel_2/datasets/data_splits_sds_train/sparse_31_47.npy,1175
/root/autodl-tmp/UWAmodel_2/datasets/data_splits_original/train/31_61.jpg,/root/autodl-tmp/UWAmodel_2/datasets/data_splits_depth/train/31_61.jpg,/root/autodl-tmp/UWAmodel_2/datasets/data_splits_sds_train/sparse_31_61.npy,1175
/root/autodl-tmp/UWAmodel_2/datasets/data_splits_original/train/31_71.jpg,/root/autodl-tmp/UWAmodel_2/datasets/data_splits_depth/train/31_71.jpg,/root/autodl-tmp/UWAmodel_2/datasets/data_splits_sds_train/sparse_31_71.npy,1175
/root/autodl-tmp/UWAmodel_2/datasets/data_splits_original/train/31_98.jpg,/root/autodl-tmp/UWAmodel_2/datasets/data_splits_depth/train/31_98.jpg,/root/autodl-tmp/UWAmodel_2/datasets/data_splits_sds_train/sparse_31_98.npy,1175
/root/autodl-tmp/UWAmodel_2/datasets/data_splits_original/train/32_24.jpg,/root/autodl-tmp/UWAmodel_2/datasets/data_splits_depth/train/32_24.jpg,/root/autodl-tmp/UWAmodel_2/datasets/data_splits_sds_train/sparse_32_24.npy,1175
/root/autodl-tmp/UWAmodel_2/datasets/data_splits_original/train/32_27.jpg,/root/autodl-tmp/UWAmodel_2/datasets/data_splits_depth/train/32_27.jpg,/root/autodl-tmp/UWAmodel_2/datasets/data_splits_sds_train/sparse_32_27.npy,1175
/root/autodl-tmp/UWAmodel_2/datasets/data_splits_original/train/32_54.jpg,/root/autodl-tmp/UWAmodel_2/datasets/data_splits_depth/train/32_54.jpg,/root/autodl-tmp/UWAmodel_2/datasets/data_splits_sds_train/sparse_32_54.npy,1175
/root/autodl-tmp/UWAmodel_2/datasets/data_splits_original/train/32_83.jpg,/root/autodl-tmp/UWAmodel_2/datasets/data_splits_depth/train/32_83.jpg,/root/autodl-tmp/UWAmodel_2/datasets/data_splits_sds_train/sparse_32_83.npy,1175
/root/autodl-tmp/UWAmodel_2/datasets/data_splits_original/train/32_113.jpg,/root/autodl-tmp/UWAmodel_2/datasets/data_splits_depth/train/32_113.jpg,/root/autodl-tmp/UWAmodel_2/datasets/data_splits_sds_train/sparse_32_113.npy,1175
/root/autodl-tmp/UWAmodel_2/datasets/data_splits_original/train/33_9.jpg,/root/autodl-tmp/UWAmodel_2/datasets/data_splits_depth/train/33_9.jpg,/root/autodl-tmp/UWAmodel_2/datasets/data_splits_sds_train/sparse_33_9.npy,1175
/root/autodl-tmp/UWAmodel_2/datasets/data_splits_original/train/33_34.jpg,/root/autodl-tmp/UWAmodel_2/datasets/data_splits_depth/train/33_34.jpg,/root/autodl-tmp/UWAmodel_2/datasets/data_splits_sds_train/sparse_33_34.npy,1175
/root/autodl-tmp/UWAmodel_2/datasets/data_splits_original/train/33_67.jpg,/root/autodl-tmp/UWAmodel_2/datasets/data_splits_depth/train/33_67.jpg,/root/autodl-tmp/UWAmodel_2/datasets/data_splits_sds_train/sparse_33_67.npy,1175
/root/autodl-tmp/UWAmodel_2/datasets/data_splits_original/train/33_71.jpg,/root/autodl-tmp/UWAmodel_2/datasets/data_splits_depth/train/33_71.jpg,/root/autodl-tmp/UWAmodel_2/datasets/data_splits_sds_train/sparse_33_71.npy,1175
/root/autodl-tmp/UWAmodel_2/datasets/data_splits_original/train/33_116.jpg,/root/autodl-tmp/UWAmodel_2/datasets/data_splits_depth/train/33_116.jpg,/root/autodl-tmp/UWAmodel_2/datasets/data_splits_sds_train/sparse_33_116.npy,1175
/root/autodl-tmp/UWAmodel_2/datasets/data_splits_original/train/34_24.jpg,/root/autodl-tmp/UWAmodel_2/datasets/data_splits_depth/train/34_24.jpg,/root/autodl-tmp/UWAmodel_2/datasets/data_splits_sds_train/sparse_34_24.npy,1175
/root/autodl-tmp/UWAmodel_2/datasets/data_splits_original/train/34_59.jpg,/root/autodl-tmp/UWAmodel_2/datasets/data_splits_depth/train/34_59.jpg,/root/autodl-tmp/UWAmodel_2/datasets/data_splits_sds_train/sparse_34_59.npy,1175
/root/autodl-tmp/UWAmodel_2/datasets/data_splits_original/train/34_84.jpg,/root/autodl-tmp/UWAmodel_2/datasets/data_splits_depth/train/34_84.jpg,/root/autodl-tmp/UWAmodel_2/datasets/data_splits_sds_train/sparse_34_84.npy,1175
/root/autodl-tmp/UWAmodel_2/datasets/data_splits_original/train/34_97.jpg,/root/autodl-tmp/UWAmodel_2/datasets/data_splits_depth/train/34_97.jpg,/root/autodl-tmp/UWAmodel_2/datasets/data_splits_sds_train/sparse_34_97.npy,1175
/root/autodl-tmp/UWAmodel_2/datasets/data_splits_original/train/34_114.jpg,/root/autodl-tmp/UWAmodel_2/datasets/data_splits_depth/train/34_114.jpg,/root/autodl-tmp/UWAmodel_2/datasets/data_splits_sds_train/sparse_34_114.npy,1175
/root/autodl-tmp/UWAmodel_2/datasets/data_splits_original/train/35_13.jpg,/root/autodl-tmp/UWAmodel_2/datasets/data_splits_depth/train/35_13.jpg,/root/autodl-tmp/UWAmodel_2/datasets/data_splits_sds_train/sparse_35_13.npy,1175
/root/autodl-tmp/UWAmodel_2/datasets/data_splits_original/train/35_80.jpg,/root/autodl-tmp/UWAmodel_2/datasets/data_splits_depth/train/35_80.jpg,/root/autodl-tmp/UWAmodel_2/datasets/data_splits_sds_train/sparse_35_80.npy,1175
/root/autodl-tmp/UWAmodel_2/datasets/data_splits_original/train/35_84.jpg,/root/autodl-tmp/UWAmodel_2/datasets/data_splits_depth/train/35_84.jpg,/root/autodl-tmp/UWAmodel_2/datasets/data_splits_sds_train/sparse_35_84.npy,1175
/root/autodl-tmp/UWAmodel_2/datasets/data_splits_original/train/35_95.jpg,/root/autodl-tmp/UWAmodel_2/datasets/data_splits_depth/train/35_95.jpg,/root/autodl-tmp/UWAmodel_2/datasets/data_splits_sds_train/sparse_35_95.npy,1175
/root/autodl-tmp/UWAmodel_2/datasets/data_splits_original/train/35_109.jpg,/root/autodl-tmp/UWAmodel_2/datasets/data_splits_depth/train/35_109.jpg,/root/autodl-tmp/UWAmodel_2/datasets/data_splits_sds_train/sparse_35_109.npy,1175
/root/autodl-tmp/UWAmodel_2/datasets/data_splits_original/train/36_18.jpg,/root/autodl-tmp/UWAmodel_2/datasets/data_splits_depth/train/36_18.jpg,/root/autodl-tmp/UWAmodel_2/datasets/data_splits_sds_train/sparse_36_18.npy,1175
/root/autodl-tmp/UWAmodel_2/datasets/data_splits_original/train/36_22.jpg,/root/autodl-tmp/UWAmodel_2/datasets/data_splits_depth/train/36_22.jpg,/root/autodl-tmp/UWAmodel_2/datasets/data_splits_sds_train/sparse_36_22.npy,1175
/root/autodl-tmp/UWAmodel_2/datasets/data_splits_original/train/36_35.jpg,/root/autodl-tmp/UWAmodel_2/datasets/data_splits_depth/train/36_35.jpg,/root/autodl-tmp/UWAmodel_2/datasets/data_splits_sds_train/sparse_36_35.npy,1175
/root/autodl-tmp/UWAmodel_2/datasets/data_splits_original/train/36_41.jpg,/root/autodl-tmp/UWAmodel_2/datasets/data_splits_depth/train/36_41.jpg,/root/autodl-tmp/UWAmodel_2/datasets/data_splits_sds_train/sparse_36_41.npy,1175
/root/autodl-tmp/UWAmodel_2/datasets/data_splits_original/train/36_50.jpg,/root/autodl-tmp/UWAmodel_2/datasets/data_splits_depth/train/36_50.jpg,/root/autodl-tmp/UWAmodel_2/datasets/data_splits_sds_train/sparse_36_50.npy,1175
/root/autodl-tmp/UWAmodel_2/datasets/data_splits_original/train/37_20.jpg,/root/autodl-tmp/UWAmodel_2/datasets/data_splits_depth/train/37_20.jpg,/root/autodl-tmp/UWAmodel_2/datasets/data_splits_sds_train/sparse_37_20.npy,1175
/root/autodl-tmp/UWAmodel_2/datasets/data_splits_original/train/37_28.jpg,/root/autodl-tmp/UWAmodel_2/datasets/data_splits_depth/train/37_28.jpg,/root/autodl-tmp/UWAmodel_2/datasets/data_splits_sds_train/sparse_37_28.npy,1175
/root/autodl-tmp/UWAmodel_2/datasets/data_splits_original/train/37_58.jpg,/root/autodl-tmp/UWAmodel_2/datasets/data_splits_depth/train/37_58.jpg,/root/autodl-tmp/UWAmodel_2/datasets/data_splits_sds_train/sparse_37_58.npy,1175
/root/autodl-tmp/UWAmodel_2/datasets/data_splits_original/train/37_101.jpg,/root/autodl-tmp/UWAmodel_2/datasets/data_splits_depth/train/37_101.jpg,/root/autodl-tmp/UWAmodel_2/datasets/data_splits_sds_train/sparse_37_101.npy,1175
/root/autodl-tmp/UWAmodel_2/datasets/data_splits_original/train/37_102.jpg,/root/autodl-tmp/UWAmodel_2/datasets/data_splits_depth/train/37_102.jpg,/root/autodl-tmp/UWAmodel_2/datasets/data_splits_sds_train/sparse_37_102.npy,1175
/root/autodl-tmp/UWAmodel_2/datasets/data_splits_original/train/38_8.jpg,/root/autodl-tmp/UWAmodel_2/datasets/data_splits_depth/train/38_8.jpg,/root/autodl-tmp/UWAmodel_2/datasets/data_splits_sds_train/sparse_38_8.npy,1175
/root/autodl-tmp/UWAmodel_2/datasets/data_splits_original/train/38_46.jpg,/root/autodl-tmp/UWAmodel_2/datasets/data_splits_depth/train/38_46.jpg,/root/autodl-tmp/UWAmodel_2/datasets/data_splits_sds_train/sparse_38_46.npy,1175
/root/autodl-tmp/UWAmodel_2/datasets/data_splits_original/train/38_48.jpg,/root/autodl-tmp/UWAmodel_2/datasets/data_splits_depth/train/38_48.jpg,/root/autodl-tmp/UWAmodel_2/datasets/data_splits_sds_train/sparse_38_48.npy,1175
/root/autodl-tmp/UWAmodel_2/datasets/data_splits_original/train/38_101.jpg,/root/autodl-tmp/UWAmodel_2/datasets/data_splits_depth/train/38_101.jpg,/root/autodl-tmp/UWAmodel_2/datasets/data_splits_sds_train/sparse_38_101.npy,1175
/root/autodl-tmp/UWAmodel_2/datasets/data_splits_original/train/38_118.jpg,/root/autodl-tmp/UWAmodel_2/datasets/data_splits_depth/train/38_118.jpg,/root/autodl-tmp/UWAmodel_2/datasets/data_splits_sds_train/sparse_38_118.npy,1175
/root/autodl-tmp/UWAmodel_2/datasets/data_splits_original/train/39_6.jpg,/root/autodl-tmp/UWAmodel_2/datasets/data_splits_depth/train/39_6.jpg,/root/autodl-tmp/UWAmodel_2/datasets/data_splits_sds_train/sparse_39_6.npy,1175
/root/autodl-tmp/UWAmodel_2/datasets/data_splits_original/train/39_12.jpg,/root/autodl-tmp/UWAmodel_2/datasets/data_splits_depth/train/39_12.jpg,/root/autodl-tmp/UWAmodel_2/datasets/data_splits_sds_train/sparse_39_12.npy,1175
/root/autodl-tmp/UWAmodel_2/datasets/data_splits_original/train/39_20.jpg,/root/autodl-tmp/UWAmodel_2/datasets/data_splits_depth/train/39_20.jpg,/root/autodl-tmp/UWAmodel_2/datasets/data_splits_sds_train/sparse_39_20.npy,1175
/root/autodl-tmp/UWAmodel_2/datasets/data_splits_original/train/39_85.jpg,/root/autodl-tmp/UWAmodel_2/datasets/data_splits_depth/train/39_85.jpg,/root/autodl-tmp/UWAmodel_2/datasets/data_splits_sds_train/sparse_39_85.npy,1175
/root/autodl-tmp/UWAmodel_2/datasets/data_splits_original/train/39_112.jpg,/root/autodl-tmp/UWAmodel_2/datasets/data_splits_depth/train/39_112.jpg,/root/autodl-tmp/UWAmodel_2/datasets/data_splits_sds_train/sparse_39_112.npy,1175
/root/autodl-tmp/UWAmodel_2/datasets/data_splits_original/train/40_5.jpg,/root/autodl-tmp/UWAmodel_2/datasets/data_splits_depth/train/40_5.jpg,/root/autodl-tmp/UWAmodel_2/datasets/data_splits_sds_train/sparse_40_5.npy,1175
/root/autodl-tmp/UWAmodel_2/datasets/data_splits_original/train/40_20.jpg,/root/autodl-tmp/UWAmodel_2/datasets/data_splits_depth/train/40_20.jpg,/root/autodl-tmp/UWAmodel_2/datasets/data_splits_sds_train/sparse_40_20.npy,1175
/root/autodl-tmp/UWAmodel_2/datasets/data_splits_original/train/40_46.jpg,/root/autodl-tmp/UWAmodel_2/datasets/data_splits_depth/train/40_46.jpg,/root/autodl-tmp/UWAmodel_2/datasets/data_splits_sds_train/sparse_40_46.npy,1175
/root/autodl-tmp/UWAmodel_2/datasets/data_splits_original/train/40_86.jpg,/root/autodl-tmp/UWAmodel_2/datasets/data_splits_depth/train/40_86.jpg,/root/autodl-tmp/UWAmodel_2/datasets/data_splits_sds_train/sparse_40_86.npy,1175
/root/autodl-tmp/UWAmodel_2/datasets/data_splits_original/train/40_95.jpg,/root/autodl-tmp/UWAmodel_2/datasets/data_splits_depth/train/40_95.jpg,/root/autodl-tmp/UWAmodel_2/datasets/data_splits_sds_train/sparse_40_95.npy,1175
/root/autodl-tmp/UWAmodel_2/datasets/data_splits_original/train/43_4.jpg,/root/autodl-tmp/UWAmodel_2/datasets/data_splits_depth/train/43_4.jpg,/root/autodl-tmp/UWAmodel_2/datasets/data_splits_sds_train/sparse_43_4.npy,1175
/root/autodl-tmp/UWAmodel_2/datasets/data_splits_original/train/43_32.jpg,/root/autodl-tmp/UWAmodel_2/datasets/data_splits_depth/train/43_32.jpg,/root/autodl-tmp/UWAmodel_2/datasets/data_splits_sds_train/sparse_43_32.npy,1175
/root/autodl-tmp/UWAmodel_2/datasets/data_splits_original/train/43_48.jpg,/root/autodl-tmp/UWAmodel_2/datasets/data_splits_depth/train/43_48.jpg,/root/autodl-tmp/UWAmodel_2/datasets/data_splits_sds_train/sparse_43_48.npy,1175
/root/autodl-tmp/UWAmodel_2/datasets/data_splits_original/train/43_56.jpg,/root/autodl-tmp/UWAmodel_2/datasets/data_splits_depth/train/43_56.jpg,/root/autodl-tmp/UWAmodel_2/datasets/data_splits_sds_train/sparse_43_56.npy,1175
/root/autodl-tmp/UWAmodel_2/datasets/data_splits_original/train/43_93.jpg,/root/autodl-tmp/UWAmodel_2/datasets/data_splits_depth/train/43_93.jpg,/root/autodl-tmp/UWAmodel_2/datasets/data_splits_sds_train/sparse_43_93.npy,1175
/root/autodl-tmp/UWAmodel_2/datasets/data_splits_original/train/44_24.jpg,/root/autodl-tmp/UWAmodel_2/datasets/data_splits_depth/train/44_24.jpg,/root/autodl-tmp/UWAmodel_2/datasets/data_splits_sds_train/sparse_44_24.npy,1175
/root/autodl-tmp/UWAmodel_2/datasets/data_splits_original/train/44_35.jpg,/root/autodl-tmp/UWAmodel_2/datasets/data_splits_depth/train/44_35.jpg,/root/autodl-tmp/UWAmodel_2/datasets/data_splits_sds_train/sparse_44_35.npy,1175
/root/autodl-tmp/UWAmodel_2/datasets/data_splits_original/train/44_78.jpg,/root/autodl-tmp/UWAmodel_2/datasets/data_splits_depth/train/44_78.jpg,/root/autodl-tmp/UWAmodel_2/datasets/data_splits_sds_train/sparse_44_78.npy,1175
/root/autodl-tmp/UWAmodel_2/datasets/data_splits_original/train/44_86.jpg,/root/autodl-tmp/UWAmodel_2/datasets/data_splits_depth/train/44_86.jpg,/root/autodl-tmp/UWAmodel_2/datasets/data_splits_sds_train/sparse_44_86.npy,1175
/root/autodl-tmp/UWAmodel_2/datasets/data_splits_original/train/44_106.jpg,/root/autodl-tmp/UWAmodel_2/datasets/data_splits_depth/train/44_106.jpg,/root/autodl-tmp/UWAmodel_2/datasets/data_splits_sds_train/sparse_44_106.npy,1175
/root/autodl-tmp/UWAmodel_2/datasets/data_splits_original/train/46_25.jpg,/root/autodl-tmp/UWAmodel_2/datasets/data_splits_depth/train/46_25.jpg,/root/autodl-tmp/UWAmodel_2/datasets/data_splits_sds_train/sparse_46_25.npy,1175
/root/autodl-tmp/UWAmodel_2/datasets/data_splits_original/train/46_28.jpg,/root/autodl-tmp/UWAmodel_2/datasets/data_splits_depth/train/46_28.jpg,/root/autodl-tmp/UWAmodel_2/datasets/data_splits_sds_train/sparse_46_28.npy,1175
/root/autodl-tmp/UWAmodel_2/datasets/data_splits_original/train/46_33.jpg,/root/autodl-tmp/UWAmodel_2/datasets/data_splits_depth/train/46_33.jpg,/root/autodl-tmp/UWAmodel_2/datasets/data_splits_sds_train/sparse_46_33.npy,1175
/root/autodl-tmp/UWAmodel_2/datasets/data_splits_original/train/46_46.jpg,/root/autodl-tmp/UWAmodel_2/datasets/data_splits_depth/train/46_46.jpg,/root/autodl-tmp/UWAmodel_2/datasets/data_splits_sds_train/sparse_46_46.npy,1175
/root/autodl-tmp/UWAmodel_2/datasets/data_splits_original/train/46_52.jpg,/root/autodl-tmp/UWAmodel_2/datasets/data_splits_depth/train/46_52.jpg,/root/autodl-tmp/UWAmodel_2/datasets/data_splits_sds_train/sparse_46_52.npy,1175
/root/autodl-tmp/UWAmodel_2/datasets/data_splits_original/train/47_8.jpg,/root/autodl-tmp/UWAmodel_2/datasets/data_splits_depth/train/47_8.jpg,/root/autodl-tmp/UWAmodel_2/datasets/data_splits_sds_train/sparse_47_8.npy,1175
/root/autodl-tmp/UWAmodel_2/datasets/data_splits_original/train/47_10.jpg,/root/autodl-tmp/UWAmodel_2/datasets/data_splits_depth/train/47_10.jpg,/root/autodl-tmp/UWAmodel_2/datasets/data_splits_sds_train/sparse_47_10.npy,1175
/root/autodl-tmp/UWAmodel_2/datasets/data_splits_original/train/47_13.jpg,/root/autodl-tmp/UWAmodel_2/datasets/data_splits_depth/train/47_13.jpg,/root/autodl-tmp/UWAmodel_2/datasets/data_splits_sds_train/sparse_47_13.npy,1175
/root/autodl-tmp/UWAmodel_2/datasets/data_splits_original/train/47_20.jpg,/root/autodl-tmp/UWAmodel_2/datasets/data_splits_depth/train/47_20.jpg,/root/autodl-tmp/UWAmodel_2/datasets/data_splits_sds_train/sparse_47_20.npy,1175
/root/autodl-tmp/UWAmodel_2/datasets/data_splits_original/train/47_22.jpg,/root/autodl-tmp/UWAmodel_2/datasets/data_splits_depth/train/47_22.jpg,/root/autodl-tmp/UWAmodel_2/datasets/data_splits_sds_train/sparse_47_22.npy,1175
/root/autodl-tmp/UWAmodel_2/datasets/data_splits_original/train/49_24.jpg,/root/autodl-tmp/UWAmodel_2/datasets/data_splits_depth/train/49_24.jpg,/root/autodl-tmp/UWAmodel_2/datasets/data_splits_sds_train/sparse_49_24.npy,1175
/root/autodl-tmp/UWAmodel_2/datasets/data_splits_original/train/49_28.jpg,/root/autodl-tmp/UWAmodel_2/datasets/data_splits_depth/train/49_28.jpg,/root/autodl-tmp/UWAmodel_2/datasets/data_splits_sds_train/sparse_49_28.npy,1175
/root/autodl-tmp/UWAmodel_2/datasets/data_splits_original/train/49_53.jpg,/root/autodl-tmp/UWAmodel_2/datasets/data_splits_depth/train/49_53.jpg,/root/autodl-tmp/UWAmodel_2/datasets/data_splits_sds_train/sparse_49_53.npy,1175
/root/autodl-tmp/UWAmodel_2/datasets/data_splits_original/train/49_62.jpg,/root/autodl-tmp/UWAmodel_2/datasets/data_splits_depth/train/49_62.jpg,/root/autodl-tmp/UWAmodel_2/datasets/data_splits_sds_train/sparse_49_62.npy,1175
/root/autodl-tmp/UWAmodel_2/datasets/data_splits_original/train/49_106.jpg,/root/autodl-tmp/UWAmodel_2/datasets/data_splits_depth/train/49_106.jpg,/root/autodl-tmp/UWAmodel_2/datasets/data_splits_sds_train/sparse_49_106.npy,1175
/root/autodl-tmp/UWAmodel_2/datasets/data_splits_original/train/50_31.jpg,/root/autodl-tmp/UWAmodel_2/datasets/data_splits_depth/train/50_31.jpg,/root/autodl-tmp/UWAmodel_2/datasets/data_splits_sds_train/sparse_50_31.npy,1175
/root/autodl-tmp/UWAmodel_2/datasets/data_splits_original/train/50_32.jpg,/root/autodl-tmp/UWAmodel_2/datasets/data_splits_depth/train/50_32.jpg,/root/autodl-tmp/UWAmodel_2/datasets/data_splits_sds_train/sparse_50_32.npy,1175
/root/autodl-tmp/UWAmodel_2/datasets/data_splits_original/train/50_38.jpg,/root/autodl-tmp/UWAmodel_2/datasets/data_splits_depth/train/50_38.jpg,/root/autodl-tmp/UWAmodel_2/datasets/data_splits_sds_train/sparse_50_38.npy,1175
/root/autodl-tmp/UWAmodel_2/datasets/data_splits_original/train/50_77.jpg,/root/autodl-tmp/UWAmodel_2/datasets/data_splits_depth/train/50_77.jpg,/root/autodl-tmp/UWAmodel_2/datasets/data_splits_sds_train/sparse_50_77.npy,1175
/root/autodl-tmp/UWAmodel_2/datasets/data_splits_original/train/50_81.jpg,/root/autodl-tmp/UWAmodel_2/datasets/data_splits_depth/train/50_81.jpg,/root/autodl-tmp/UWAmodel_2/datasets/data_splits_sds_train/sparse_50_81.npy,1175
/root/autodl-tmp/UWAmodel_2/datasets/data_splits_original/train/51_19.jpg,/root/autodl-tmp/UWAmodel_2/datasets/data_splits_depth/train/51_19.jpg,/root/autodl-tmp/UWAmodel_2/datasets/data_splits_sds_train/sparse_51_19.npy,1175
/root/autodl-tmp/UWAmodel_2/datasets/data_splits_original/train/51_24.jpg,/root/autodl-tmp/UWAmodel_2/datasets/data_splits_depth/train/51_24.jpg,/root/autodl-tmp/UWAmodel_2/datasets/data_splits_sds_train/sparse_51_24.npy,1175
/root/autodl-tmp/UWAmodel_2/datasets/data_splits_original/train/51_41.jpg,/root/autodl-tmp/UWAmodel_2/datasets/data_splits_depth/train/51_41.jpg,/root/autodl-tmp/UWAmodel_2/datasets/data_splits_sds_train/sparse_51_41.npy,1175
/root/autodl-tmp/UWAmodel_2/datasets/data_splits_original/train/51_44.jpg,/root/autodl-tmp/UWAmodel_2/datasets/data_splits_depth/train/51_44.jpg,/root/autodl-tmp/UWAmodel_2/datasets/data_splits_sds_train/sparse_51_44.npy,1175
/root/autodl-tmp/UWAmodel_2/datasets/data_splits_original/train/51_45.jpg,/root/autodl-tmp/UWAmodel_2/datasets/data_splits_depth/train/51_45.jpg,/root/autodl-tmp/UWAmodel_2/datasets/data_splits_sds_train/sparse_51_45.npy,1175
/root/autodl-tmp/UWAmodel_2/datasets/data_splits_original/train/52_4.jpg,/root/autodl-tmp/UWAmodel_2/datasets/data_splits_depth/train/52_4.jpg,/root/autodl-tmp/UWAmodel_2/datasets/data_splits_sds_train/sparse_52_4.npy,1175
/root/autodl-tmp/UWAmodel_2/datasets/data_splits_original/train/52_9.jpg,/root/autodl-tmp/UWAmodel_2/datasets/data_splits_depth/train/52_9.jpg,/root/autodl-tmp/UWAmodel_2/datasets/data_splits_sds_train/sparse_52_9.npy,1175
/root/autodl-tmp/UWAmodel_2/datasets/data_splits_original/train/52_41.jpg,/root/autodl-tmp/UWAmodel_2/datasets/data_splits_depth/train/52_41.jpg,/root/autodl-tmp/UWAmodel_2/datasets/data_splits_sds_train/sparse_52_41.npy,1175
/root/autodl-tmp/UWAmodel_2/datasets/data_splits_original/train/52_46.jpg,/root/autodl-tmp/UWAmodel_2/datasets/data_splits_depth/train/52_46.jpg,/root/autodl-tmp/UWAmodel_2/datasets/data_splits_sds_train/sparse_52_46.npy,1175
/root/autodl-tmp/UWAmodel_2/datasets/data_splits_original/train/52_52.jpg,/root/autodl-tmp/UWAmodel_2/datasets/data_splits_depth/train/52_52.jpg,/root/autodl-tmp/UWAmodel_2/datasets/data_splits_sds_train/sparse_52_52.npy,1175
/root/autodl-tmp/UWAmodel_2/datasets/data_splits_original/train/53_4.jpg,/root/autodl-tmp/UWAmodel_2/datasets/data_splits_depth/train/53_4.jpg,/root/autodl-tmp/UWAmodel_2/datasets/data_splits_sds_train/sparse_53_4.npy,1175
/root/autodl-tmp/UWAmodel_2/datasets/data_splits_original/train/53_6.jpg,/root/autodl-tmp/UWAmodel_2/datasets/data_splits_depth/train/53_6.jpg,/root/autodl-tmp/UWAmodel_2/datasets/data_splits_sds_train/sparse_53_6.npy,1175
/root/autodl-tmp/UWAmodel_2/datasets/data_splits_original/train/53_17.jpg,/root/autodl-tmp/UWAmodel_2/datasets/data_splits_depth/train/53_17.jpg,/root/autodl-tmp/UWAmodel_2/datasets/data_splits_sds_train/sparse_53_17.npy,1175
/root/autodl-tmp/UWAmodel_2/datasets/data_splits_original/train/53_23.jpg,/root/autodl-tmp/UWAmodel_2/datasets/data_splits_depth/train/53_23.jpg,/root/autodl-tmp/UWAmodel_2/datasets/data_splits_sds_train/sparse_53_23.npy,1175
/root/autodl-tmp/UWAmodel_2/datasets/data_splits_original/train/53_46.jpg,/root/autodl-tmp/UWAmodel_2/datasets/data_splits_depth/train/53_46.jpg,/root/autodl-tmp/UWAmodel_2/datasets/data_splits_sds_train/sparse_53_46.npy,1175
/root/autodl-tmp/UWAmodel_2/datasets/data_splits_original/train/54_23.jpg,/root/autodl-tmp/UWAmodel_2/datasets/data_splits_depth/train/54_23.jpg,/root/autodl-tmp/UWAmodel_2/datasets/data_splits_sds_train/sparse_54_23.npy,1175
/root/autodl-tmp/UWAmodel_2/datasets/data_splits_original/train/54_58.jpg,/root/autodl-tmp/UWAmodel_2/datasets/data_splits_depth/train/54_58.jpg,/root/autodl-tmp/UWAmodel_2/datasets/data_splits_sds_train/sparse_54_58.npy,1175
/root/autodl-tmp/UWAmodel_2/datasets/data_splits_original/train/54_65.jpg,/root/autodl-tmp/UWAmodel_2/datasets/data_splits_depth/train/54_65.jpg,/root/autodl-tmp/UWAmodel_2/datasets/data_splits_sds_train/sparse_54_65.npy,1175
/root/autodl-tmp/UWAmodel_2/datasets/data_splits_original/train/54_74.jpg,/root/autodl-tmp/UWAmodel_2/datasets/data_splits_depth/train/54_74.jpg,/root/autodl-tmp/UWAmodel_2/datasets/data_splits_sds_train/sparse_54_74.npy,1175
/root/autodl-tmp/UWAmodel_2/datasets/data_splits_original/train/54_81.jpg,/root/autodl-tmp/UWAmodel_2/datasets/data_splits_depth/train/54_81.jpg,/root/autodl-tmp/UWAmodel_2/datasets/data_splits_sds_train/sparse_54_81.npy,1175
/root/autodl-tmp/UWAmodel_2/datasets/data_splits_original/train/55_18.jpg,/root/autodl-tmp/UWAmodel_2/datasets/data_splits_depth/train/55_18.jpg,/root/autodl-tmp/UWAmodel_2/datasets/data_splits_sds_train/sparse_55_18.npy,1175
/root/autodl-tmp/UWAmodel_2/datasets/data_splits_original/train/55_57.jpg,/root/autodl-tmp/UWAmodel_2/datasets/data_splits_depth/train/55_57.jpg,/root/autodl-tmp/UWAmodel_2/datasets/data_splits_sds_train/sparse_55_57.npy,1175
